IsyeriAdi;Bölge;Marka ID;Marka Adý;Format ID;Format Adý;Ýþyeri No;Enlem;Boylam;Adres;IlKodu;IlceKodu;IlAdi;IlceAdi;AcilisTarih;SanalMarket;OtoparkKapasite-Number;SatisM2-Number;GenelM2-Number;Sezonluk;Sektorler;OncekiIsyeriNo;StoreOpenerID;Kimlik;GeciciID
KADÝR HAS CENTER MMM MÝGROS;BATI MARMARA;1;MÝGROS;3;MMM;1000;40.99583;28.86451;KADÝR HAS AVM B.Evler Mah Mehmetçik Sok.NO:1/B.;34;4;ÝSTANBUL;BAHÇELÝEVLER;21.09.2001;Evet;;1533;2638;;57,59,3;;;1;1
ÝZMÝT OUTLET CENTER MMM MÝGROS;DOÐU MARMARA;1;MÝGROS;3;MMM;1001;40.755433;29.945104;Eski Gölcük Yolu Bakraktar Ýþmerkezi Outlet Center;41;11;KOCAELÝ;ÝZMÝT;21.09.2001;Hayýr;;1612;2467;;59,3;;;2;2
KEÇÝÖREN MM MÝGROS;ÝÇ ANADOLU;1;MÝGROS;2;MM;1002;39.976573;32.867323;Fatih Cad. Kalaba Mah. NO: 30;6;5;ANKARA;KEÇÝÖREN;9.11.2001;Hayýr;485;890;1851;;1,3;;;3;3
AKARETLER MMM MÝGROS;BATI MARMARA;1;MÝGROS;3;MMM;1012;41.04309;29.00252;Sinanpaþa Mah.Þair Nedim Cad. No:5;34;7;ÝSTANBUL;BEÞÝKTAÞ;15.02.2002;Evet;30;1575;2335;;59,3;;;4;4
ANSERA MM MÝGROS;ÝÇ ANADOLU;1;MÝGROS;2;MM;1025;39.88916;32.84998;Ansera Ýþ Merkezi Hoþdere Cad. Portakal Çiçeði Sok;6;2;ANKARA;ÇANKAYA;8.05.2002;Evet;60;1300;1720;;3;;;5;5
ERDEMLÝ MERSÝN M MÝGROS;DOÐU AKDENÝZ;1;MÝGROS;5;SERVÝS REYONLU M;1040;36.609616;34.315573;Alata Mah. Alpaslan Türkeþ Bulvarý NO: 71;33;5;MERSÝN;ERDEMLÝ;5.07.2002;Evet;25;730;1070;;3;;;6;6
IHLAMUR MM MÝGROS;BATI MARMARA;1;MÝGROS;2;MM;1048;41.049945;29.001573;Türkali Mah. Ihlamur Dere Cad. No:127A;34;7;ÝSTANBUL;BEÞÝKTAÞ;2.12.2002;Evet;400;987;1731;;6,42,3;;;7;7
TEÞVÝKÝYE  M MÝGROS;BATI MARMARA;1;MÝGROS;5;SERVÝS REYONLU M;1063;41.05084;28.99459;Teþvikiye Mahallesi Þakayýk Sokak No: 38;34;23;ÝSTANBUL;ÞÝÞLÝ;21.02.2003;Hayýr;;454;520;;51,59;;;8;8
YENÝMAHALLE ANKARA MM MÝGROS;ÝÇ ANADOLU;1;MÝGROS;2;MM;1069;39.96587;32.81273;Yeniçað Mah. Ragýp Tüzün Cad.5.Durak No:134;6;8;ANKARA;YENÝMAHALLE;21.03.2003;Evet;;1070;2080;;3;;;9;9
YILDIZ ANKARA M MÝGROS;ÝÇ ANADOLU;1;MÝGROS;6;SELF SERVÝS M;1071;39.847187;32.848166;Yýldýzevler Milli SavunmaBakanlýðý Lojman Ýçi;6;2;ANKARA;ÇANKAYA;2.05.2003;Hayýr;;570;1590;;59;;;11;11
LEVENT AKADEMÝ MM MÝGROS;BATI MARMARA;1;MÝGROS;2;MM;1074;41.09499;29.01443;Konaklar Mah Org.Ýzzettin Aksalur Cad.No:7A;34;7;ÝSTANBUL;BEÞÝKTAÞ;14.03.2003;Hayýr;50;1178;2021;;;;;12;12
ERZÝNCAN M MÝGROS;DOÐUKARDENZ/KUZEYDÐU;1;MÝGROS;5;SERVÝS REYONLU M;1075;39.7551;39.49159;Yeni Mah. Ordu Cad. No:53;24;0;ERZÝNCAN;MERKEZ;4.04.2003;Hayýr;;550;2140;;;;;13;13
METRO CITY MMM MÝGROS;BATI MARMARA;1;MÝGROS;3;MMM;1078;41.076015;29.012087;Büyükdere Cad.NO:171 Metro City AVM Levent;34;23;ÝSTANBUL;ÞÝÞLÝ;30.04.2003;Evet;;2072;3617;;3;;;14;14
DAVUTLAR KADIKALESÝ M MÝGROS;GÜNEY EGE;1;MÝGROS;5;SERVÝS REYONLU M;1088;37.788124;27.275534;Kadýkalesi Mah. Davutlar Yolu Cad. No:25;9;11;AYDIN;KUÞADASI;27.06.2003;Hayýr;;550;800;;;;;15;15
ARTUR SATIÞ MAÐAZASI;KUZEY EGE;1;MÝGROS;5;SERVÝS REYONLU M;1089;39.42709;26.80837;KARAAÐAÇ MH. 4118. CD. NO:32A;10;9;BALIKESÝR;GÖMEÇ;20.06.2003;Hayýr;;310;455;;59;;;16;16
ANAMUR M MÝGROS;BATI AKDENÝZ;1;MÝGROS;5;SERVÝS REYONLU M;1091;36.078105;32.835828;Saray Mah.Bankalar Cad.;33;1;MERSÝN;ANAMUR;4.07.2003;Hayýr;;465;665;;;;;17;17
KARUN AVM UÞAK MMM MÝGROS;KUZEY EGE;1;MÝGROS;3;MMM;1094;38.667833;29.400643;Cumhuriyet Mah. Atapark Meydaný No:50/A;64;0;UÞAK;MERKEZ;9.10.2003;Evet;;1442;1823;;59;;;18;18
ATAÞEHÝR MMM MÝGROS;DOÐU MARMARA;1;MÝGROS;3;MMM;1096;40.991963;29.126373;Atatürk  Mahallesi  Ataþehir Bulvarý  No: 18/1;34;34;ÝSTANBUL;ATAÞEHÝR;10.10.2003;Hayýr;190;2635;3960;;6,12,10,49,3,13;;;19;19
NÝSPETÝYE MMM MÝGROS;BATI MARMARA;1;MÝGROS;3;MMM;1103;41.0752;29.01921;1.Levent Nispetiye Mah.Aytar Cad.Baþlýk Sok.NO=1;34;7;ÝSTANBUL;BEÞÝKTAÞ;24.10.2003;Evet;120;2250;3240;;3;;;20;20
ORDU MMM MÝGROS;KARADENÝZ/KUZEYD.AND;1;MÝGROS;3;MMM;1111;40.978744;37.899334;Bahçelievler Mahallesi Atatürk Bul. No:253/104;52;19;ORDU;ALTINORDU;2.04.2004;Evet;160;1829;2366;;3,13;;;22;22
ALANYA KEYKUBAT M MÝGROS;BATI AKDENÝZ;1;MÝGROS;5;SERVÝS REYONLU M;1121;36.544529;32.010156;Güllerpýnarý Mah.Keykubat Cad.Bulut Sok No:71;7;2;ANTALYA;ALANYA;21.05.2004;Hayýr;20;635;1140;;59;;;23;23
SÝDE MMM MÝGROS;BATI AKDENÝZ;1;MÝGROS;3;MMM;1131;36.79399;31.41066;Hatipler Mah.Çakýrderesi Mevkii Side Kavþaðý;7;13;ANTALYA;MANAVGAT;2.07.2004;Hayýr;70;1740;2530;;59,3;;;24;24
KEMER MM MÝGROS;BATI AKDENÝZ;1;MÝGROS;2;MM;1144;36.59467;30.5442;Akdeniz Cad. Aslanbucak Mah. 469.Sokak No:88;7;10;ANTALYA;KEMER;10.05.1996;Evet;65;860;1820;;59;;;25;25
ALANYA MM MÝGROS;BATI AKDENÝZ;1;MÝGROS;2;MM;1145;36.554473;31.973321;Saray Mah. Atatürk Cad. NO:364;7;2;ANTALYA;ALANYA;11.04.1997;Hayýr;30;1290;1960;;51,1,3,13;;;26;26
TRABZON MMM MÝGROS;KARADENÝZ/KUZEYD.AND;1;MÝGROS;3;MMM;1147;40.998723;39.699719;Ýnönü Mahallesi Yavuz Selim Bul. No:321/1;61;18;TRABZON;ORTAHÝSAR;24.12.2004;Hayýr;40;1500;2210;;1,3,13;;;27;27
LAURA MM MÝGROS;BATI AKDENÝZ;1;MÝGROS;2;MM;1149;36.857789;30.746468;Fener Mah. Bülent Ecevit Bulv. Laura AVM NO:2;7;19;ANTALYA;MURATPAÞA;25.12.2004;Evet;;1149;2310;;59;;;28;28
NÝÐDE M MÝGROS;DOÐU AKDENÝZ;1;MÝGROS;5;SERVÝS REYONLU M;1150;37.965209;34.673774;Selçuk Mah.Selçuklu Cad. Esatbey Apt.Sit.A;51;0;NÝÐDE;MERKEZ;13.01.2005;Hayýr;;606;1267;;;;;29;29
TEKÇAM CADDESÝ ALTINOLUK MM;KUZEY EGE;1;MÝGROS;2;MM;1158;39.568787;26.741205;Altýnoluk Mah. Tekçam Cad. No:14;10;7;BALIKESÝR;EDREMÝT;17.06.2005;Hayýr;50;1307;2175;Evet;13,59;;;30;30
GÜLLÜK MM MÝGROS;GÜNEY EGE;1;MÝGROS;2;MM;1163;37.237324;27.597796;Gülük Mah. Adnan Menderes Cad No:12;48;8;MUÐLA;MÝLAS;17.05.2005;Evet;28;800;1930;;;;;31;31
DALYAN MUÐLA M MÝGROS;GÜNEY EGE;1;MÝGROS;5;SERVÝS REYONLU M;1164;36.83429;28.64354;Atatürk Bulvarý No:12 Dalyan;48;9;MUÐLA;ORTACA;18.05.2005;Hayýr;;480;720;;59;;;32;32
ÝNCEK MMM MÝGROS;ÝÇ ANADOLU;1;MÝGROS;3;MMM;1165;39.829026;32.731286;Seki Alýþveriþ Mrk Kýzýlcaþar Mah. No:51;6;4;ANKARA;GÖLBAÞI;10.06.2005;Hayýr;30;1413;1955;;1;;;33;33
KAÞ M MÝGROS;BATI AKDENÝZ;1;MÝGROS;5;SERVÝS REYONLU M;1171;36.20161;29.63825;Andifli Mah. Uður Mumcu Cad .No:5/A;7;9;ANTALYA;KAÞ;1.07.2005;Hayýr;;331;400;;59;;;34;34
ERDEK MMM MÝGROS;GÜNEY MARMARA;1;MÝGROS;3;MMM;1179;40.398831;27.800077;Turgut Özal Bulvarý Yalý Mah.No:59;10;8;BALIKESÝR;ERDEK;15.07.2005;Evet;65;1378;1731;;59,3;;;35;35
SÖKE MM MÝGROS;GÜNEY EGE;1;MÝGROS;2;MM;1181;37.707769;27.383514;Söke Milas Karayolu 7.km. Priene Avm Yenidoðan;9;14;AYDIN;SÖKE;15.07.2005;Hayýr;;825;1600;;59;;;36;36
ÞÝÞLÝ CEVAHÝR MMM MÝGROS;BATI MARMARA;1;MÝGROS;3;MMM;1183;41.06243;28.99249;Meþrutiyet Mah.Büyükdere Cad.No:22;34;23;ÝSTANBUL;ÞÝÞLÝ;15.10.2005;Evet;;3231;4266;;3;;;37;37
ÇEKMEKÖY MM MÝGROS;DOÐU MARMARA;1;MÝGROS;2;MM;1184;41.031857;29.182402;Mimar Sinan Mah. Mimar Sinan Cad. No:73/A;34;37;ÝSTANBUL;ÇEKMEKÖY;26.08.2005;Hayýr;50;1018;1460;;;;;38;38
AKÇAY MM MÝGROS;KUZEY EGE;1;MÝGROS;2;MM;1195;39.588873;26.927463;Sarýkýz Mahallesi 126. Sokak No:2;10;7;BALIKESÝR;EDREMÝT;8.12.2005;Hayýr;15;1645;2605;;1,3,13;;;39;39
BÜYÜKÇEKMECE  MM MÝGROS;BATI MARMARA;1;MÝGROS;2;MM;1196;41.021242;28.583604;Fatih Mah.Stad Yolu Sok.No:42 Atirus AVM;34;28;ÝSTANBUL;BÜYÜKÇEKMECE;2.12.2005;Evet;;1170;1820;;59;;;40;40
AKMERKEZ MACROCENTER;BATI MARMARA;4;MACROCENTER;9;MACROCENTER;1203;41.076834;29.027593;Akmerkez F Blok NO:325 Etiler Mah;34;7;ÝSTANBUL;BEÞÝKTAÞ;1.08.2002;Evet;;1710;2376;;;;;41;41
ALKENT MACROCENTER;BATI MARMARA;4;MACROCENTER;9;MACROCENTER;1204;41.077639;28.623124;TEM 8 Hadýmköy Giþeler Mevkii 2.KM Alkent Yeditepe;34;28;ÝSTANBUL;BÜYÜKÇEKMECE;1.08.2002;Evet;7;433;620;;;;;42;42
KEMER COUNTRY MACROCENTER;BATI MARMARA;4;MACROCENTER;9;MACROCENTER;1205;41.176266;28.900478;Göktürk Mah. Kemerburgaz Yolu Kemer Country;34;12;ÝSTANBUL;EYÜPSULTAN;1.08.2002;Evet;;410;800;;;;;43;43
KURUÇEÞME MACROCENTER;BATI MARMARA;4;MACROCENTER;9;MACROCENTER;1206;41.058009;29.035605;Muallim Naci Cad. Kuruçeþme Mah NO:170;34;7;ÝSTANBUL;BEÞÝKTAÞ;1.08.2002;Evet;30;865;1505;;43,2;;;44;44
NÝÞANTAÞI MACROCENTER;BATI MARMARA;4;MACROCENTER;9;MACROCENTER;1207;41.04919;28.99192;Abdi Ýpekçi Cad. Ada Apt. NO:24-28 Niþantaþý;34;23;ÝSTANBUL;ÞÝÞLÝ;1.08.2002;Evet;;728;1350;;;;;45;45
YENÝKÖY MACROCENTER;BATI MARMARA;4;MACROCENTER;9;MACROCENTER;1208;41.126807;29.069846;Köybaþý Cad. NO:38 Yeniköy Mah;34;22;ÝSTANBUL;SARIYER;1.08.2002;Evet;;592;705;;;;;46;46
YEÞÝLKÖY M MÝGROS;BATI MARMARA;1;MÝGROS;5;SERVÝS REYONLU M;129;40.961076;28.824064;Ýstasyon Cad. No:10/A Yeþilköy Mah;34;5;ÝSTANBUL;BAKIRKÖY;24.01.1969;Hayýr;;170;250;;51,59;;;47;47
YEÞÝLBAHÇE MM MÝGROS;BATI AKDENÝZ;1;MÝGROS;2;MM;1424;36.871961;30.726104;Yeþilbahçe Mah.1446 Sok. A1 Blok NO:34/A;7;19;ANTALYA;MURATPAÞA;21.04.2006;Hayýr;40;977;4000;;59,3;;;48;48
NETSEL MARÝNA MARMARÝS M;GÜNEY EGE;1;MÝGROS;6;SELF SERVÝS M;1449;36.853156;28.278245;Sariana Mah. Netsel Marina Ýçi;48;7;MUÐLA;MARMARÝS;4.07.2006;Hayýr;;290;368;;51;;;49;49
KANYON MACROCENTER;BATI MARMARA;4;MACROCENTER;9;MACROCENTER;1457;41.07813;29.0117;Büyükdere Cad. NO:185 2.Bodrum Kat NO:1 Kanyon AVM;34;23;ÝSTANBUL;ÞÝÞLÝ;31.05.2006;Evet;;1943;3229;;;;;50;50
BATMAN MM MÝGROS;DOÐU/G.DOÐU ANADOLU;1;MÝGROS;2;MM;1466;37.891768;41.129991;Bahçelievler Mah. Turgut Özal Bul. No:220;72;0;BATMAN;MERKEZ;28.07.2006;Hayýr;35;1545;2830;;27;;;51;51
NÝLÜFER MMM MÝGROS;GÜNEY MARMARA;1;MÝGROS;3;MMM;1468;40.212592;28.987931;Ýhsaniye Mah.Ýzmir Bulv.. 2.Kültür Cad;16;1;BURSA;NÝLÜFER;9.08.2006;Evet;60;2267;3947;;59,3,9,13;;;52;52
GAYRETTEPE M MÝGROS;BATI MARMARA;1;MÝGROS;5;SERVÝS REYONLU M;159;41.06594;29.00756;Yýldýzposta Cad.Ayyýldýz Sit. Gayrettepe;34;7;ÝSTANBUL;BEÞÝKTAÞ;18.08.1978;Hayýr;;360;560;;51,59;;;53;53
ANADOLU HÝSARI  MMM MÝGROS;DOÐU MARMARA;1;MÝGROS;3;MMM;1747;41.081098;29.079131;Göztepe Mah.  Göztepe Sok. No:4;34;8;ÝSTANBUL;BEYKOZ;11.08.2006;Evet;120;1917;2485;;6,27,43,11,12,17,3,28,53,13;;;54;54
GÖKSUPARK MMM MÝGROS;ÝÇ ANADOLU;1;MÝGROS;3;MMM;1761;39.98634;32.64609;Kontaþ Canberk Þant. Göksu Park Karþýsý Eryaman;6;3;ANKARA;ETÝMESGUT;25.08.2006;Evet;1000;2217;2837;;1,3;;;55;55
KASTAMONU MM MÝGROS;ÝÇ ANADOLU;1;MÝGROS;2;MM;1770;41.382818;33.780271;Aktekke Mah. Yalçýn Cad. No:22/23;37;0;KASTAMONU;MERKEZ;13.10.2006;Evet;500;1560;2197;;1,3;;;56;56
BÝNEVLER GAZÝANTEP MM MÝGROS;DOÐU AKDENÝZ;1;MÝGROS;2;MM;1781;37.050686;37.333308;Binevler Mah. Üniversite Bulvarý NO: 180;27;1;GAZÝANTEP;ÞAHÝNBEY;22.12.2006;Hayýr;;1008;1276;;59;;;57;57
ORTAKAPI KARS MM MÝGROS;KARADENÝZ/KUZEYD.AND;1;MÝGROS;2;MM;1782;40.604681;43.096203;Ortakapý Mah. Faikbey Cad. No:17;36;0;KARS;MERKEZ;8.12.2006;Evet;;1160;1603;;59,13;;;58;58
DAMLATAÞ M MÝGROS;BATI AKDENÝZ;1;MÝGROS;5;SERVÝS REYONLU M;1788;36.5449;31.98849;Saray Mah.ÝÝsmet Hilmi Balcý Cad.NO:62 Damlataþ;7;2;ANTALYA;ALANYA;12.12.2006;Hayýr;;686;1211;;59;;;59;59
ATATÜRK BULVARI KIRIKKALE M;ÝÇ ANADOLU;1;MÝGROS;5;SERVÝS REYONLU M;1792;39.83928003;33.50193696;Fabrikalar Mah. Atatürk Bulvarý No:6;71;0;KIRIKKALE;MERKEZ;29.12.2006;Hayýr;;495;1157;;;;;60;60
BEYSUPARK MMM MÝGROS;ÝÇ ANADOLU;1;MÝGROS;3;MMM;1807;39.87684;32.70529;Angora Cad. BEYSUPARK AVM Beysukent;6;2;ANKARA;ÇANKAYA;16.02.2007;Evet;175;2015;2815;;1,3;;;61;61
ACARKENT MACROCENTER;DOÐU MARMARA;4;MACROCENTER;9;MACROCENTER;1813;41.109486;29.121725;Acarlar Mah. 9. Cadde NO:9 Acarkent;34;8;ÝSTANBUL;BEYKOZ;9.03.2007;Evet;75;1653;4042;;;;;62;62
ATAKUM SAMSUN MM MÝGROS;KARADENÝZ/KUZEYD.AND;1;MÝGROS;2;MM;1834;41.331048;36.291339;Denizevleri Mah. Atatürk Bulvarý No:156;55;15;SAMSUN;ATAKUM;14.04.2007;Hayýr;750;1600;2000;;59;;;63;63
TOKAT MMM MÝGROS;KARADENÝZ/KUZEYD.AND;1;MÝGROS;3;MMM;1835;40.333092;36.549253;Yeþilýrmak Mah. Bosna Bulvarý No:4;60;0;TOKAT;MERKEZ;28.03.2007;Hayýr;70;1730;2574;;52,3;;;64;64
FETHÝYE HÝSARÖNÜ MM MÝGROS;GÜNEY EGE;1;MÝGROS;2;MM;1867;36.57386;29.13668;Ölüdeniz Mahallesi Ata Caddesi No:23-A;48;4;MUÐLA;FETHÝYE;1.06.2007;Hayýr;;670;1380;;3;;;65;65
ETHEMEFENDÝ M MÝGROS;DOÐU MARMARA;1;MÝGROS;5;SERVÝS REYONLU M;1876;40.97303;29.07416;Erenköy Mah. Ethemefendi Cad. No:61/1-A;34;16;ÝSTANBUL;KADIKÖY;21.06.2007;Hayýr;;250;350;;51,3;358;;67;67
IÐDIR MM MÝGROS;KARADENÝZ/KUZEYD.AND;1;MÝGROS;2;MM;1905;39.922606;44.043723;Baðlar Mah. 40 Evler Sok. No:1;76;0;IÐDIR;MERKEZ;13.07.2007;Evet;25;1055;2060;;;;;68;68
OSMANÝYE MM MÝGROS;DOÐU AKDENÝZ;1;MÝGROS;2;MM;1909;37.0771;36.25106;Rahime Hatun Mah. Musa Sahýn Bul. No:329/A;80;0;OSMANÝYE;MERKEZ;27.07.2007;Hayýr;38;1368;1955;;59,13;;;69;69
MARDÝN MM MÝGROS;DOÐU/G.DOÐU ANADOLU;1;MÝGROS;2;MM;1916;37.319642;40.725393;Yeniþehir Mahallesi SSK Caddesi No:1;47;10;MARDÝN;ARTUKLU;17.08.2007;Evet;100;1486;3073;;52,43,59,9,13;;;70;70
ÝSTÝNYE MMM MÝGROS;BATI MARMARA;1;MÝGROS;3;MMM;1922;41.116324;29.049965;Ýstinye Mah. Çayýr Cad. No:65;34;22;ÝSTANBUL;SARIYER;7.09.2007;Evet;130;2005;3093;;6,36,34,45,8,11,54,12,5,10,3,46,28,13,39;;;71;71
UNCALI MMM MÝGROS;BATI AKDENÝZ;1;MÝGROS;3;MMM;1924;36.88817;30.62533;Uncalý Mah. Uncalý Cad. Mutaþ Apt No:60A/1;7;18;ANTALYA;KONYAALTI;6.09.2007;Hayýr;20;1501;2650;;43,59,3;;;72;72
MERSÝN FORUM MMM MÝGROS;DOÐU AKDENÝZ;1;MÝGROS;3;MMM;1933;36.78523;34.58859;Güvenevler Mahallesi 1.Cadde No:120/10;33;13;MERSÝN;YENÝÞEHÝR;29.10.2007;Evet;;2841;3000;;1,3;;;73;73
ÇÝÇEKÇÝ M MÝGROS;DOÐU MARMARA;1;MÝGROS;5;SERVÝS REYONLU M;1991;41.01184;29.01442;Harem Ýskele Cad. Selimiye Mah NO: 37/13 Çiçekçi;34;26;ÝSTANBUL;ÜSKÜDAR;28.03.2008;Hayýr;;366;507;;51,59;529;;74;74
ZÝRVEKENT MMM MÝGROS;ÝÇ ANADOLU;1;MÝGROS;3;MMM;1996;39.875715;32.869377;365 AVM. Birlik Mah.428 Cadde. NO:41;6;2;ANKARA;ÇANKAYA;9.05.2008;Evet;750;3188;4519;;1,3;;;75;75
AIRPORT MMM MÝGROS (ÝST);BATI MARMARA;1;MÝGROS;3;MMM;2007;40.99143;28.83064;AIRPORT AVM, Londra Asfaltý Üzeri;34;5;ÝSTANBUL;BAKIRKÖY;28.05.2008;Hayýr;;1598;2183;;1,3;;;76;76
HALKALI IHLAMUR EVLERÝ MMM;BATI MARMARA;1;MÝGROS;3;MMM;2013;41.040472;28.790402;Halkalý Merkez Mah.Ýkitelli Cad.No:42;34;19;ÝSTANBUL;KÜÇÜKÇEKMECE;23.05.2008;Evet;;2204;3207;;3;;;77;77
ÇAMYUVA KEMER M MÝGROS;BATI AKDENÝZ;1;MÝGROS;5;SERVÝS REYONLU M;2037;36.56844;30.55665;Çamyuva Merkez Mah. Atatürk CAD. 15.Sokak .NO:3;7;10;ANTALYA;KEMER;11.06.2008;Hayýr;20;590;1220;;59;;;78;78
TRABZON FORUM MMM MÝGROS;KARADENÝZ/KUZEYD.AND;1;MÝGROS;3;MMM;2038;40.99963;39.759044;Kalkýnma Mah.Devlet Karayolu Cad. No:101;61;18;TRABZON;ORTAHÝSAR;21.06.2008;Evet;2500;3000;3753;;1,3;;;79;79
TÖMÜK MERSÝN MÝGROS;DOÐU AKDENÝZ;1;MÝGROS;2;MM;2045;36.649342;34.371275;Kale Mah. Mersin Bulvarý No: 95/A;33;5;MERSÝN;ERDEMLÝ;20.06.2008;Hayýr;;1087;1668;;51,59,3;;;80;80
MODA M MÝGROS;DOÐU MARMARA;1;MÝGROS;5;SERVÝS REYONLU M;207;40.98648;29.02568;Caferaða Mah. Dr. Esat Iþýk Cad NO:1/A Moda;34;16;ÝSTANBUL;KADIKÖY;25.01.1985;Hayýr;;350;550;;;;;81;81
KAMÝLOBA ÝSTANBUL MM MÝGROS;BATI MARMARA;1;MÝGROS;2;MM;2116;41.037999;28.436645;Kamiloba Mah.Celaliye Kamiloba Cad.NO:635;34;28;ÝSTANBUL;BÜYÜKÇEKMECE;15.09.2008;Hayýr;15;991;1357;;3;;;83;83
MERSÝN SOLÝ MM MÝGROS;DOÐU AKDENÝZ;1;MÝGROS;2;MM;2126;36.736464;34.515824;Merkez Mah.. Soli Kavþaðý Zeytinli Cad. NO: 6;33;11;MERSÝN;MEZÝTLÝ;25.08.2008;Hayýr;;1461;1982;;59;;;84;84
ÜSKÜDAR M MÝGROS;DOÐU MARMARA;1;MÝGROS;6;SELF SERVÝS M;213;41.02589;29.01652;Selman-ý Pak Cad. NO:27/ 2;34;26;ÝSTANBUL;ÜSKÜDAR;27.09.1985;Hayýr;;400;550;;;;;85;85
ELAZIÐ SÜRSÜRÜ MMM MÝGROS;DOÐU/G.DOÐU ANADOLU;1;MÝGROS;3;MMM;2142;38.664815;39.177973;Ataþehir Mah. Ýmamefendi Bulvarý No:4/A;23;0;ELAZIÐ;MERKEZ;10.09.2008;Evet;40;1683;3119;;;;;86;86
5M SÝLÝVRÝ;BATI MARMARA;185;5M;191;5M;2145;41.082738;28.203704;E5 Karayolu Sinekli Kavþaðý Karaali Çeþme Mevkii;34;30;ÝSTANBUL;SÝLÝVRÝ;1.09.2008;Evet;;5437;7991;;1,3;;;87;87
YSK CENTER TEKÝRDAÐ MMM MÝGROS;BATI MARMARA;1;MÝGROS;3;MMM;2150;40.988686;27.576714;Deðirmenaltý Mahallesi Deðirmenaltý Caddesi No:2/A;59;11;TEKÝRDAÐ;SÜLEYMANPAÞA;16.09.2008;Evet;;1740;3269;;59,3;;;88;88
ÇENGELKÖY MM MÝGROS;DOÐU MARMARA;1;MÝGROS;2;MM;2155;41.049923;29.077021;Bahçelievler Mah. Bosna Bulvarý NO:152/4;34;26;ÝSTANBUL;ÜSKÜDAR;26.09.2008;Evet;25;1320;1755;;51,3;;;89;89
5M MANÝSA;KUZEY EGE;185;5M;191;5M;2163;38.615332;27.389329;Laleli Mah. 5210 Sokak. No:1/A;45;17;MANÝSA;YUNUSEMRE;24.09.2008;Hayýr;186;4069;5394;;6,43,59,2,3,13;556;;90;90
UPHÝLL MM MÝGROS;DOÐU MARMARA;1;MÝGROS;2;MM;2177;40.995577;29.106925;Barbaros Mh.Dereboyu Cd.Ihlamur Sk.UPHILL COURT B7;34;34;ÝSTANBUL;ATAÞEHÝR;26.12.2008;Evet;60;1275;1390;;1,3;;;91;91
OPTÝMUM MMM MÝGROS;DOÐU MARMARA;1;MÝGROS;3;MMM;2189;40.988864;29.085724;Optimum Outlet ve AVM, Ýstiklal Sok. NO: 10/4;34;34;ÝSTANBUL;ATAÞEHÝR;27.11.2008;Evet;;1560;2331;;;;;92;92
KUYUBAÞI M MÝGROS;DOÐU MARMARA;1;MÝGROS;5;SERVÝS REYONLU M;219;40.98545;29.04791;Feneryolu Mah. Feneryolu Sok. NO:4;34;16;ÝSTANBUL;KADIKÖY;9.05.1986;Hayýr;;200;320;;51,59;;;93;93
ORTAKÖY MMM MÝGROS;BATI MARMARA;1;MÝGROS;3;MMM;2202;41.055602;29.023524;Ortaköy Mah. Dereboyu Cad. Ortaköy;34;7;ÝSTANBUL;BEÞÝKTAÞ;24.12.2008;Evet;140;2220;3005;;8,3;;;94;94
ARASTAPARK AVM KOCAELÝ MM;DOÐU MARMARA;1;MÝGROS;2;MM;2216;40.766818;29.977001;Akasyalar Cad. No:24;41;11;KOCAELÝ;ÝZMÝT;29.12.2008;Evet;;1215;1913;;1,3;;;95;95
KOZAN ADANA M MÝGROS;DOÐU AKDENÝZ;1;MÝGROS;5;SERVÝS REYONLU M;2259;37.458044;35.814866;Karacaoðlan Mah. Turgut Özal Blv. No:109;1;9;ADANA;KOZAN;20.03.2009;Evet;20;888;1900;;59,13;;;96;96
CEMALPAÞA M MÝGROS;DOÐU AKDENÝZ;1;MÝGROS;5;SERVÝS REYONLU M;2261;37.001592;35.327702;Cemalpaþa Mah.Toros Cad.Gültekin Apt. Altý no:35/A;1;1;ADANA;SEYHAN;14.02.2009;Hayýr;;378;756;;51,59;;;97;97
DÖRTYOL M MÝGROS;DOÐU AKDENÝZ;1;MÝGROS;5;SERVÝS REYONLU M;2263;37.048323;35.299308;Güzelyalý Mah. K.Evren Bulvarý  No: 98/A;1;15;ADANA;ÇUKUROVA;14.02.2009;Hayýr;;710;1284;;59;;;99;99
YENÝ VÝLAYET M MÝGROS;DOÐU AKDENÝZ;1;MÝGROS;5;SERVÝS REYONLU M;2264;36.999755;35.316566;Kurtuluþ Mah Mehmet Nuri Sabuncu Bulvarý;1;1;ADANA;SEYHAN;14.02.2009;Hayýr;;705;1298;;59,13;;;100;100
YENÝ BARAJ ADANA M MÝGROS;DOÐU AKDENÝZ;1;MÝGROS;5;SERVÝS REYONLU M;2265;37.027024;35.314254;Yenibaraj Mah.Þht.Yzb. Bülent Angýn Bulv. No:110/A;1;1;ADANA;SEYHAN;14.02.2009;Hayýr;;618;1250;;59;;;101;101
ANAMUR YEÞÝLYURT M MÝGROS;BATI AKDENÝZ;1;MÝGROS;5;SERVÝS REYONLU M;2266;36.077936;32.835968;Yeþilyurt Mah. Fahri Görgülü Cad.  NO:26/A;33;1;MERSÝN;ANAMUR;14.02.2009;Hayýr;;654;1542;;59;;;102;102
ZONGULDAK MÝGROS MM;ÝÇ ANADOLU;1;MÝGROS;2;MM;2294;41.454809;31.763687;Ýncivez Mah. Milli Egemenlik Cad. No:130/001;67;0;ZONGULDAK;MERKEZ;15.03.2009;Evet;500;1833;2583;;1;;;103;103
CITY`S NÝÞANTAÞI MACROCENTER;BATI MARMARA;4;MACROCENTER;9;MACROCENTER;2295;41.051114;28.992293;City's Niþantaþý AVM, Teþvikiye Cad. No:162 / B310;34;23;ÝSTANBUL;ÞÝÞLÝ;10.03.2009;Evet;;342;555;;59,2;;;104;104
ÇAPA M MÝGROS;BATI MARMARA;1;MÝGROS;5;SERVÝS REYONLU M;2314;41.013386;28.932042;Baþvekil Cad. Denizabdal Mah. No:1;34;13;ÝSTANBUL;FATÝH;1.04.2009;Hayýr;;259;445;;51;;;105;105
BURDUR MM MIGROS;BATI AKDENÝZ;1;MÝGROS;2;MM;2326;37.718938;30.280981;Burç Mah. Namýk Kemal Cad. No:3/Z;15;0;BURDUR;MERKEZ;22.04.2009;Evet;;695;1018;;59;;;106;106
BOÐAZKÖY VERDE MOLÝNO AVM M;BATI MARMARA;1;MÝGROS;6;SELF SERVÝS M;2334;41.084573;28.667592;Verde Molino AVM, Bahçeþehir 2.kýsým Rumeli Cad.;34;35;ÝSTANBUL;BAÞAKÞEHÝR;18.05.2009;Hayýr;;641;1890;;51,59;;;107;107
ATAKÖY 5.KISIM M MÝGROS;BATI MARMARA;1;MÝGROS;5;SERVÝS REYONLU M;237;40.978839;28.854987;Ataköy 2-5-6 Mah. 5.Kýsým Çarþýsý  Atatköy;34;5;ÝSTANBUL;BAKIRKÖY;23.05.1986;Hayýr;;360;1200;;51,3;;;108;108
ÇEÞMEALTI(ÝZMÝR) M MÝGROS;KUZEY EGE;1;MÝGROS;5;SERVÝS REYONLU M;2389;38.390553;26.74789;Denizli Mah. 116 Sok. No:2 Çeþmealtý;35;28;ÝZMÝR;URLA;5.06.2009;Hayýr;;428;939;;59;;;109;109
GAZÝANTEP EMEK MM MÝGROS;DOÐU AKDENÝZ;1;MÝGROS;2;MM;2390;37.072218;37.349712;Emek Mah.Ali Nadi Ünler Blv.Uzay Çatýlý Pazar Yeri;27;2;GAZÝANTEP;ÞEHÝTKAMÝL;5.06.2009;Hayýr;100;1526;2361;;59,21,13;;;110;110
ÇEÞME GERMÝYAN YALISI(ÝZMÝR) M;KUZEY EGE;1;MÝGROS;5;SERVÝS REYONLU M;2397;38.336641;26.431067;Yalý Mah. 6000 Sokak No:158;35;14;ÝZMÝR;ÇEÞME;12.06.2009;Evet;;555;1181;;59;;;111;111
ÇEKMEKÖY ELTES MMM MÝGROS;DOÐU MARMARA;1;MÝGROS;3;MMM;2398;41.012072;29.180001;Madenler Mah. Þehit Ünal Kalafat Cad. No:32/23-44;34;25;ÝSTANBUL;ÜMRANÝYE;10.07.2009;Evet;100;2192;4631;;49,3;;;112;112
ÇUKURAMBAR M MÝGROS;ÝÇ ANADOLU;1;MÝGROS;5;SERVÝS REYONLU M;2405;39.902916;32.809011;Kýzýlýrmak Mah.1423 Caddesi No:21;6;2;ANKARA;ÇANKAYA;25.06.2009;Hayýr;40;751;1154;;13;;;113;113
KUNDU ANTALYA MMM MÝGROS;BATI AKDENÝZ;1;MÝGROS;3;MMM;2407;36.858065;30.8681734;Kemeraðzý Mah. Tesisler Cad.  A Blok NO:325/1;7;15;ANTALYA;AKSU;2.07.2009;Hayýr;15;1296;1935;;51,59,3;;;114;114
KONYAALTI MM MIGROS;BATI AKDENÝZ;1;MÝGROS;2;MM;2452;36.848719;30.612585;Liman Mah. Atatürk Bulvarý NO:240A;7;18;ANTALYA;KONYAALTI;11.08.2009;Hayýr;20;645;1502;;59,3;;;116;116
ÜRGÜP M MIGROS;DOÐU AKDENÝZ;1;MÝGROS;5;SERVÝS REYONLU M;2476;38.626598;34.915296;Sivritaþ Mah. Benzinci Dayý Sok. Bina No:25-27;50;7;NEVÞEHÝR;ÜRGÜP;4.09.2009;Hayýr;;519;1037;;51,3;;;117;117
AKSARAY MM MIGROS;ÝÇ ANADOLU;1;MÝGROS;2;MM;2477;38.367506;34.028612;Ereðli Mah. 7/Atatürk Bul. No:100/A-A;68;0;AKSARAY;MERKEZ;27.08.2009;Evet;10;1298;2378;;59,3;;;118;118
KARAMAN MM MIGROS;DOÐU AKDENÝZ;1;MÝGROS;2;MM;2482;37.185057;33.215597;Külhan Mah. Kemal Kaynaþ  Cad. No:57/E-F-G;70;0;KARAMAN;MERKEZ;16.09.2009;Evet;;1280;1707;;;;;119;119
GÝRESUN G-CÝTY MM MIGROS;KARADENÝZ/KUZEYD.AND;1;MÝGROS;2;MM;2483;40.91348;38.383593;Fevziçakmak Mah. Orhan Yýlmaz Cad. No:81/Z02;28;0;GÝRESUN;MERKEZ;16.09.2009;Hayýr;60;1108;1508;;;;;120;120
5M MALATYA PARK;DOÐU/G.DOÐU ANADOLU;185;5M;191;5M;2503;38.349137;38.296607;Ýnönü Mah. Buhara Cad. No:247/Z-2;44;13;MALATYA;YEÞÝLYURT;29.10.2009;Evet;;3719;5278;;1,3;;;121;121
ASTORIA MM MIGROS;BATI MARMARA;1;MÝGROS;2;MM;2504;41.068865;29.005703;Astoria Avm, Büyükdere Cad. No:127 Esentepe;34;23;ÝSTANBUL;ÞÝÞLÝ;16.10.2009;Evet;;1100;2085;;51,59;;;122;122
HATAY DÖRTYOL MM MIGROS;DOÐU AKDENÝZ;1;MÝGROS;2;MM;2510;36.838163;36.221999;Sanayi Mah. Özel Cad. No: 94;31;3;HATAY;DÖRTYOL;30.10.2009;Evet;;1069;1563;;59;;;123;123
BAHÇEÞEHÝRPARK MMM MIGROS;BATI MARMARA;1;MÝGROS;3;MMM;2529;41.072681;28.685051;Bahçeþehir 2.Kýsým Mah.Barýþ Sok. Þelale Evleri Cd;34;35;ÝSTANBUL;BAÞAKÞEHÝR;17.11.2009;Hayýr;;1506;2351;;51,1,3;;;124;124
ATAKENT HALKALI MMM MIGROS;BATI MARMARA;1;MÝGROS;3;MMM;2539;41.056852;28.781079;Atakent Mah.1. Sardunya Cad. No:7-A .Atakent 2-3;34;19;ÝSTANBUL;KÜÇÜKÇEKMECE;13.11.2009;Hayýr;100;2101;2681;;3;;;125;125
AMASYA MM MIGROS;KARADENÝZ/KUZEYD.AND;1;MÝGROS;2;MM;2583;40.649982;35.823356;"Hacý Ýlyas Mh.Mustafa Kemal Paþa Cd. No:128;/A-B-C";5;0;AMASYA;MERKEZ;25.11.2009;Hayýr;;638;1034;;3;;;126;126
KÜTAHYA MM MÝGROS;GÜNEY MARMARA;1;MÝGROS;2;MM;2601;39.421284;29.985925;Servi Mah.Mithatpaþa Cad.No:1/1;43;0;KÜTAHYA;MERKEZ;11.12.2009;Hayýr;61;1051;1520;;3;;;127;127
BAHÇELÝEVLER 7. CADDE ANKARA M;ÝÇ ANADOLU;1;MÝGROS;5;SERVÝS REYONLU M;2637;39.922008;32.826518;Yukarý Bahçelievler Mah.Aþkabat(7.) Cad.No:25;6;2;ANKARA;ÇANKAYA;25.12.2009;Hayýr;;362;923;;;1359;;128;128
DÝCLEKENT CITY PARK MM MIGROS;DOÐU/G.DOÐU ANADOLU;1;MÝGROS;2;MM;2721;37.942886;40.186813;Huzurevleri Mahallesi Diclekent Bul. No:62/2;21;15;DÝYARBAKIR;KAYAPINAR;26.02.2010;Hayýr;50;1545;2224;;51,59;;;129;129
DÝYARBAKIR MM MIGROS;DOÐU/G.DOÐU ANADOLU;1;MÝGROS;2;MM;2735;37.92098;40.23309;Yeniþehir Mahallesi Elazýð Bul. No:12;21;17;DÝYARBAKIR;YENÝÞEHÝR;18.02.2010;Hayýr;60;916;1410;;59;;;130;130
BURSA BADEMLÝ MM MIGROS;GÜNEY MARMARA;1;MÝGROS;2;MM;2737;40.283139;28.933316;Nilüferköy Mah. Mudanya Yolu Cad. No: 17/A;16;2;BURSA;OSMANGAZÝ;12.03.2010;Evet;50;900;1440;;51,59,3;;;131;131
ETÝLER ALKENT M MIGROS;BATI MARMARA;1;MÝGROS;5;SERVÝS REYONLU M;2738;41.086844;29.032348;Akat Mah. F-1 Blok;34;7;ÝSTANBUL;BEÞÝKTAÞ;5.03.2010;Hayýr;5;427;762;;51,59;;;132;132
5M YENÝBOSNA STARCÝTY;BATI MARMARA;185;5M;191;5M;2749;41.011596;28.816152;Köyaltý Mevkii Merkez Mah.Deðirmenbahçe Sok.No:2;34;4;ÝSTANBUL;BAHÇELÝEVLER;15.04.2010;Evet;;4000;7048;;1,3;;;133;133
ATAKÖY KONAKLARI MMM MÝGROS;BATI MARMARA;1;MÝGROS;3;MMM;2773;40.979169;28.849964;Ataköy Konaklarý Alýþveriþ Merkezi,;34;5;ÝSTANBUL;BAKIRKÖY;14.04.2010;Hayýr;;2107;2807;;3;;;134;134
ATRIUM MMM MÝGROS;BATI MARMARA;1;MÝGROS;3;MMM;279;40.988787;28.846042;9.-10.Kýsým  Atrium  Alýþveriþ Merkezi Ataköy;34;5;ÝSTANBUL;BAKIRKÖY;18.05.1991;Evet;;2334;2928;;6,3;;;135;135
KOZZY AVM MM MIGROS;DOÐU MARMARA;1;MÝGROS;2;MM;2799;40.969287;29.091601;Kozyataðý Mah. Buket Sok. NO:14 Bodrum KAT:13;34;16;ÝSTANBUL;KADIKÖY;22.04.2010;Hayýr;;1356;1831;;;;;136;136
ADAPAZARI KÜLTÜR MERKEZÝ MM;GÜNEY MARMARA;1;MÝGROS;2;MM;2804;40.779497;30.399674;Cumhuriyet Mahallesi Dr. Kamil Sokak No:2/A;54;13;SAKARYA;ADAPAZARI;29.04.2010;Hayýr;25;1329;1679;;51,3;;;137;137
ÞÝÞLÝ GOLDEN PLAZA MMM MÝGROS;BATI MARMARA;1;MÝGROS;3;MMM;282;41.061864;28.989331;119 Mayýs Mah. 9 Mayýs Cad. NO:1;34;23;ÝSTANBUL;ÞÝÞLÝ;26.07.1991;Evet;;1150;2250;;59,13;;;138;138
BURSA MUDANYA SAHÝL MM MIGROS;GÜNEY MARMARA;1;MÝGROS;2;MM;2827;40.379983;28.877317;Halitpaþa Mah. Zeytinli Sok. No:6;16;13;BURSA;MUDANYA;12.05.2010;Evet;25;900;1395;;59,3;;;139;139
MERTER MMM MÝGROS;BATI MARMARA;1;MÝGROS;3;MMM;285;41.00603;28.89389;E5 Yolu Merter Sapaðý, Merter;34;15;ÝSTANBUL;GÜNGÖREN;11.09.1992;Evet;275;1850;7103;;6,31,5,3,13;;;140;140
GÜZELBAHÇE ÝZMÝR MM MIGROS;KUZEY EGE;1;MÝGROS;2;MM;2869;38.376595;26.884076;Yalý Mah. 264 Sok. No:1;35;6;ÝZMÝR;GÜZELBAHÇE;11.06.2010;Evet;70;1100;1508;;2,3,13;;;141;141
SÜREYYA PAÞA MMM MÝGROS;DOÐU MARMARA;1;MÝGROS;3;MMM;288;40.92562;29.12462;Yalý mah. Rýhtým Cad.Bostancý Maltepe Sahil Yolu;34;20;ÝSTANBUL;MALTEPE;11.12.1992;Evet;100;1855;2477;;3;;;142;142
KARAÝNCÝR BODRUM M MIGROS;GÜNEY EGE;1;MÝGROS;5;SERVÝS REYONLU M;2883;36.972778;27.29695;Turgutreis-Baðla sahilyolu 10.km.Karaincir mevkii;48;1;MUÐLA;BODRUM;18.06.2010;Hayýr;15;410;839;;;;;143;143
MJET FENERBAHÇE;DOÐU MARMARA;230;MJET;9;M-JET;2884;40.974728;29.043238;Feneryolu Mah.Ahmet Mithat Efendi Sok. NO:4/A;34;16;ÝSTANBUL;KADIKÖY;11.06.2010;Hayýr;;148;176;;;;;144;144
5M AFYON;ÝÇ ANADOLU;185;5M;191;5M;2890;38.793923;30.458264;Dörtyol Mah. Turgut Özal Cad. No:40/1;3;0;AFYONKARAHÝSAR;MERKEZ;15.07.2010;Evet;;5336;6548;;1,3;;;145;145
ACR LOFT MM MIGROS;DOÐU MARMARA;1;MÝGROS;2;MM;2902;41.109357;29.113234;ACR LOFT AVM, Acarlar Mah. Polonez Baðlantý Yolu;34;8;ÝSTANBUL;BEYKOZ;2.07.2010;Evet;;1230;1740;;3;;;146;146
SÝLÝVRÝ M MÝGROS;BATI MARMARA;1;MÝGROS;5;SERVÝS REYONLU M;292;41.075785;28.244766;Piri Mehmet Paþa Mah. Hacý Pervane Cad. No:6/A;34;30;ÝSTANBUL;SÝLÝVRÝ;21.05.1993;Hayýr;;521;855;;59;;;147;147
AKBÜK M MIGROS;GÜNEY EGE;1;MÝGROS;5;SERVÝS REYONLU M;2924;37.389559;27.433559;Akbük Mah. 5500 Sk. No:13;9;4;AYDIN;DÝDÝM;9.07.2010;Hayýr;15;660;1500;;43;;;148;148
DALAMAN M MIGROS;GÜNEY EGE;1;MÝGROS;5;SERVÝS REYONLU M;2934;36.767213;28.801442;Merkez Mah. Hakký Ege Cad. Cumhuriyet Meydaný Karþ;48;2;MUÐLA;DALAMAN;20.07.2010;Evet;;545;1175;;;;;149;149
ADAPAZARI SAPANCA KIRKPINAR MM;GÜNEY MARMARA;1;MÝGROS;2;MM;2957;40.691194;30.222021;Hasanpaþa Mh.Þehit Cevdet Koç Cd.;54;11;SAKARYA;SAPANCA;5.08.2010;Hayýr;20;784;1059;;51,3;;;150;150
PENDÝK M MÝGROS;DOÐU MARMARA;1;MÝGROS;5;SERVÝS REYONLU M;296;40.87904;29.23212;Gazipaþa Mah. Ihlamur Sok. No:19;34;21;ÝSTANBUL;PENDÝK;3.09.1993;Hayýr;;420;1000;;;;;151;151
GÖKTÜRK MACROCENTER;BATI MARMARA;4;MACROCENTER;9;MACROCENTER;2966;41.179706;28.883811;Göktürk Mah. Ýstanbul Cad. No:38A;34;12;ÝSTANBUL;EYÜPSULTAN;6.08.2010;Evet;;670;848;;;;;152;152
MÝLAS M MIGROS;GÜNEY EGE;1;MÝGROS;5;SERVÝS REYONLU M;2967;37.299454;27.781575;Cumhuriyet Mah.Halilbey Bulv.No:55;48;8;MUÐLA;MÝLAS;6.08.2010;Hayýr;45;518;1043;;13;;;153;153
ACIBADEM M MIGROS;DOÐU MARMARA;1;MÝGROS;5;SERVÝS REYONLU M;2971;41.001035;29.037458;Acýbadem Mah. Lise Yolu Sok. NO:8/A;34;16;ÝSTANBUL;KADIKÖY;6.08.2010;Hayýr;40;560;848;;59;;;154;154
KONSEPT MERSÝN MM MIGROS;DOÐU AKDENÝZ;1;MÝGROS;2;MM;2975;36.803658;34.584339;Fuat Morel Mh. Ýsmet Ýnönü Bulv. No.330;33;13;MERSÝN;YENÝÞEHÝR;11.08.2010;Hayýr;;1183;1932;;51,1,3;;;155;155
CAPITOL MM MÝGROS;DOÐU MARMARA;1;MÝGROS;2;MM;298;41.02086;29.0401;Baðlarbaþý Tophanelioðlu Cd.Altunizade Capitol AVM;34;26;ÝSTANBUL;ÜSKÜDAR;18.09.1993;Evet;;1571;2305;;3;;;156;156
FETHÝYE LÝMAN MM MÝGROS;GÜNEY EGE;1;MÝGROS;2;MM;2987;36.622681;29.110556;Cumhuriyet Mah.Atatürk Cad.17/A;48;4;MUÐLA;FETHÝYE;27.08.2010;Hayýr;26;1226;1961;;6,3;;;157;157
AVCILAR MM MÝGROS;BATI MARMARA;1;MÝGROS;2;MM;300;40.979141;28.732483;Londra Asfaltý Deniz Köþkler Mah.;34;2;ÝSTANBUL;AVCILAR;25.03.1994;Hayýr;10;1350;2900;;3;;;158;158
BESA KARÝNA MM MÝGROS;ÝÇ ANADOLU;1;MÝGROS;2;MM;3004;39.857277;32.645617;Yaþamkent Mah. 3222. Cad. No:29A;6;2;ANKARA;ÇANKAYA;3.09.2010;Hayýr;328;1053;2225;;51,1,3;;;159;159
ÝSKENDERUN PRÝME MALL MMM;DOÐU AKDENÝZ;1;MÝGROS;3;MMM;3005;36.575103;36.162593;Numune Mh.Eyüp Sultan Cad.No:1;31;6;HATAY;ÝSKENDERUN;7.09.2010;Evet;;2600;3663;;59;;;160;160
MJET GÖZTEPE ÝSTASYON;DOÐU MARMARA;230;MJET;9;M-JET;3012;40.981056;29.067665;Göztepe Mah. Tütüncü Mehmet Efendi Cad. NO:111/A;34;16;ÝSTANBUL;KADIKÖY;27.08.2010;Hayýr;;163;258;;59;;;161;161
BODRUM ORTAKENT MM MÝGROS;GÜNEY EGE;1;MÝGROS;2;MM;3014;37.051198;27.347878;Cumhuriyet Cad.No:96 Ortakent Yahþi Mah;48;1;MUÐLA;BODRUM;7.09.2010;Hayýr;27;1427;1880;;3;;;162;162
ADANA SULAR M MIGROS;DOÐUAKDENZ/GÜNEYDOÐU;1;MÝGROS;5;SERVÝS REYONLU M;3018;37.002621;35.322681;Kurtuluþ Mah. Atatürk Cad. Ekmekciler Apt. No:85/A;1;1;ADANA;SEYHAN;15.09.2010;Hayýr;;550;566;;13;;;163;163
URFA CÝTY MM MIGROS;DOÐU/G.DOÐU ANADOLU;1;MÝGROS;2;MM;3019;37.182023;38.807155;Esentepe Mah.Vatan Cad.Urfa City AVM  Apt.NO:2/7;63;13;ÞANLIURFA;KARAKÖPRÜ;1.09.2010;Hayýr;;1527;2522;;59;2197;;164;164
ÝSKENDERUN YENÝÞEHÝR M MIGROS;DOÐU AKDENÝZ;1;MÝGROS;5;SERVÝS REYONLU M;3022;36.591463;36.164111;Yeniþehir Mah. Yavuz Sultan Selim Cad. No:13/1;31;6;HATAY;ÝSKENDERUN;15.09.2010;Hayýr;;550;1200;;51,59;2802;;165;165
HATAY ÝSKENDERUN SAHÝL M MIGRO;DOÐU AKDENÝZ;1;MÝGROS;5;SERVÝS REYONLU M;3023;36.587574;36.175452;Çay Mah.Tayfur Sökmen Bulvarý No:17/A;31;6;HATAY;ÝSKENDERUN;15.09.2010;Hayýr;;495;1479;;51,59;2270;;166;166
5M TORÝUM;BATI MARMARA;185;5M;191;5M;3024;41.003601;28.687449;Turgut Özal Mah 68. Sokak NO:50;34;38;ÝSTANBUL;ESENYURT;29.10.2010;Evet;;4273;6232;;1,3;;;167;167
URAY MERSÝN M MÝGROS;DOÐU AKDENÝZ;1;MÝGROS;6;SELF SERVÝS M;3025;36.798925;34.631197;Camii Þerif Mah.Uray cad.No:27;33;10;MERSÝN;AKDENÝZ;14.09.2010;Hayýr;;560;750;;59;2355;;168;168
MERSIN GÖÇMEN MM MIGROS;DOÐU AKDENÝZ;1;MÝGROS;2;MM;3026;36.775388;34.569192;Eðri çam mh.GMK Bulvarý No:506;33;13;MERSÝN;YENÝÞEHÝR;14.09.2010;Hayýr;34;971;2250;;1,59;1958;;169;169
YENÝÞEHÝR MERSÝN MM MIGROS;DOÐU AKDENÝZ;1;MÝGROS;2;MM;3027;36.79459;34.59891;Hürriyet Mh. Ýsmet Ýnönü Blv. No:300;33;13;MERSÝN;YENÝÞEHÝR;16.09.2010;Hayýr;100;1500;2521;;1,3,13;1843;;170;170
ADANA KÜÇÜKSAAT M MÝGROS;DOÐU AKDENÝZ;1;MÝGROS;6;SELF SERVÝS M;3028;36.987928;35.323703;Kuruköprü Mah.Sefa Özler Cad.No:25/1A;1;1;ADANA;SEYHAN;21.09.2010;Hayýr;;400;546;;;2276;;171;171
ADANA HUZUREVLERÝ M MÝGROS;DOÐUAKDENZ/GÜNEYDOÐU;1;MÝGROS;5;SERVÝS REYONLU M;3031;37.035704;35.281364;Huzurevleri Mh.Ýsmet Atlý Blv.No:15/A;1;15;ADANA;ÇUKUROVA;23.09.2010;Hayýr;;647;1270;;59;2273;;172;172
ADANA KURTTEPE MM MIGROS;DOÐU AKDENÝZ;1;MÝGROS;2;MM;3034;37.049006;35.277719;Huzurevleri Mah. T.Özal Bulvarý No: 186/A;1;15;ADANA;ÇUKUROVA;24.09.2010;Hayýr;;1253;1757;;1,3;2268;;173;173
SEFERÝHÝSAR TEOS MARÝNA M;KUZEY EGE;1;MÝGROS;5;SERVÝS REYONLU M;3037;38.190649;26.784196;Sýðacýk Mah.Akkum Cad.No:4;35;24;ÝZMÝR;SEFERÝHÝSAR;30.09.2010;Hayýr;;255;384;;51;;;174;174
KONYA BOSNA MM MÝGROS;ÝÇ ANADOLU;1;MÝGROS;2;MM;3039;38.010737;32.523082;Bosna Hersek Mah.Mesaj Cad.No:38/A-B;42;3;KONYA;SELÇUKLU;18.09.2010;Hayýr;25;750;1865;;5,13;1817;;175;175
GALLERÝA MMM MÝGROS;BATI MARMARA;1;MÝGROS;3;MMM;304;40.97371;28.87078;Sahil Yolu Ataköy 1. Kýsým Mah.Ataköy;34;5;ÝSTANBUL;BAKIRKÖY;28.04.1995;Evet;;2294;4010;;;;;176;176
TOKAT ERBAA M MIGROS;KARADENÝZ/KUZEYD.AND;1;MÝGROS;5;SERVÝS REYONLU M;3043;40.671146;36.57037;Cumhuriyet Mah. Hükümet Cad. No: 202;60;4;TOKAT;ERBAA;23.09.2010;Evet;;426;765;;;2673;;177;177
ÇANKIRI MM MIGROS;ÝÇ ANADOLU;1;MÝGROS;2;MM;3044;40.599438;33.625782;Buðday Pazarý Mah. Atatürk Bul. No:51/A;18;0;ÇANKIRI;MERKEZ;24.09.2010;Evet;;1116;1779;;59,3;2593;;178;178
SÜMER MH ESKÝÞEHÝR MM MÝGROS;ÝÇ ANADOLU;1;MÝGROS;2;MM;3045;39.762626;30.492709;Sümer Mah. Kar Sok. No:13/1;26;13;ESKÝÞEHÝR;ODUNPAZARI;28.09.2010;Hayýr;30;948;1550;;59;1363;;179;179
BAFRA MM MIGROS;KARADENÝZ/KUZEYD.AND;1;MÝGROS;2;MM;3047;41.566676;35.900198;Hacýnabi Mah. Tekel Caddesi No:1;55;4;SAMSUN;BAFRA;30.09.2010;Evet;10;735;1093;;;2258;;180;180
MJET ACIBADEM;DOÐU MARMARA;230;MJET;9;M-JET;3052;41.009095;29.050799;Acýbadem  Mah.Acýbadem Cad.Yavuzlar Apt. No:170;34;26;ÝSTANBUL;ÜSKÜDAR;1.10.2010;Hayýr;;135;335;;;;;181;181
MERKEZ MAH MEZÝTLÝ MERSÝN MM;DOÐU AKDENÝZ;1;MÝGROS;2;MM;3053;36.748244;34.527688;Merkez Mah. Gazi Mustafa Kemal Blv. No: 792  PK: 3;33;11;MERSÝN;MEZÝTLÝ;28.09.2010;Hayýr;30;1738;2190;;51,59,3,13;2267;;182;182
PERLA VISTA BEYKENT MMM MIGROS;BATI MARMARA;1;MÝGROS;3;MMM;3058;41.015786;28.627657;Perla Vista AVM, Adnan Kahveci Mah. Yavuz Sultan;34;36;ÝSTANBUL;BEYLÝKDÜZÜ;8.10.2010;Evet;;2185;3331;;3;;;183;183
KAYSERÝ PARK MM MÝGROS;DOÐU AKDENÝZ;1;MÝGROS;2;MM;3073;38.726878;35.518026;Alparslan Mah.Org.Eþref Bitlis Bul.No:10;38;2;KAYSERÝ;MELÝKGAZÝ;1.10.2010;Hayýr;560;961;1854;;;1458;;184;184
NEVÞEHÝR MM MÝGROS;DOÐU AKDENÝZ;1;MÝGROS;2;MM;3074;38.630122;34.725922;Emek Mah. Kayseri Cad. No:70/C;50;0;NEVÞEHÝR;MERKEZ;5.10.2010;Hayýr;30;1360;2555;;59,3;1780;;185;185
NÝÐDE BOR YOLU MM MIGROS;DOÐU AKDENÝZ;1;MÝGROS;2;MM;3075;37.96348;34.66782;Aþaðýkayabaþý Mah. Dr. Sami Yaðýz Cad. No:76/A-B-C;51;0;NÝÐDE;MERKEZ;7.10.2010;Evet;20;1206;1891;;;1331;;186;186
ANKARA 100.YIL MM MIGROS;ÝÇ ANADOLU;1;MÝGROS;2;MM;3076;39.893131;32.797617;Ýþçi Bloklar Mah.37.Cad.No:58/4;6;2;ANKARA;ÇANKAYA;12.10.2010;Hayýr;;1038;1461;;1,3,13;1362;;187;187
ANKARA ORAN M MIGROS;ÝÇ ANADOLU;1;MÝGROS;5;SERVÝS REYONLU M;3078;39.847196;32.826794;Oran Mah.Zühtü Tigrel cad.No:7;6;2;ANKARA;ÇANKAYA;20.10.2010;Hayýr;;482;1546;;51;1335;;188;188
ANKARA KOLEJ M MIGROS;ÝÇ ANADOLU;1;MÝGROS;5;SERVÝS REYONLU M;3079;39.92027;32.86263;Kültür Mah. Libadiye Cad No:11/B Kolej;6;2;ANKARA;ÇANKAYA;19.10.2010;Hayýr;16;390;893;;59,3,13;1355;;189;189
ADAPAZARI SERDÝVAN AVM MMM;GÜNEY MARMARA;1;MÝGROS;3;MMM;3098;40.778864;30.365937;Arabacýalaný Mahallesi Mert Sokak No:25-26;54;16;SAKARYA;SERDÝVAN;9.11.2010;Evet;;1561;2827;;51;;;190;190
YENÝLEVENT MM MÝGROS;BATI MARMARA;1;MÝGROS;2;MM;310;41.08658;29.0121;Konaklar Mah.Akasyalý Sok. 53 Blok No:7 Yenilevent;34;7;ÝSTANBUL;BEÞÝKTAÞ;13.10.1995;Evet;;820;1578;;59;;;191;191
SUADÝYE ÝSTASYON M MIGROS;DOÐU MARMARA;1;MÝGROS;5;SERVÝS REYONLU M;3100;40.96372;29.08145;Suadiye Mah. Suadiye Cami Sok. NO:31/B;34;16;ÝSTANBUL;KADIKÖY;16.10.2010;Hayýr;;485;725;;51;1409;;192;192
ÇEKMEKÖY BEÞYILDIZ MM MIGROS;DOÐU MARMARA;1;MÝGROS;2;MM;3101;41.02873;29.17596;Mimarsinan Mah. Orhangazi Cad. Ekþioglu Beþyýldýz;34;37;ÝSTANBUL;ÇEKMEKÖY;16.10.2010;Hayýr;;667;997;;51,59;1407;;193;193
EMÝNALÝPAÞA M MÝGROS;DOÐU MARMARA;1;MÝGROS;5;SERVÝS REYONLU M;3102;40.962022;29.086685;Suadiye Mah. Eminalipaþa Cad. NO:30;34;16;ÝSTANBUL;KADIKÖY;20.10.2010;Hayýr;;492;818;;51,59,3;1399;;194;194
BAKIRKÖY CAPACITY MMM MÝGROS;BATI MARMARA;1;MÝGROS;3;MMM;3103;40.977444;28.871346;Bakýrköy Capacity AVM,Zeytinlik Mah.Fiþekhane Cad.;34;5;ÝSTANBUL;BAKIRKÖY;12.11.2010;Evet;;2238;3400;;1,3;1929;;195;195
YENÝBOSNA ÝSTANBUL MMM MÝGROS;BATI MARMARA;1;MÝGROS;3;MMM;3104;40.994022;28.833693;Fevzi Çakmak Mah.Yýldýrým Beyazýt Cad.No:1;34;4;ÝSTANBUL;BAHÇELÝEVLER;7.12.2010;Evet;610;1972;2909;;3;1478;;196;196
BOMONTÝ ELYSIUM MM MÝGROS;BATI MARMARA;1;MÝGROS;2;MM;3112;41.055586;28.981547;Kazýmorbay cad.No:3 Elysium Çarþý No:208;34;23;ÝSTANBUL;ÞÝÞLÝ;1.11.2010;Evet;;970;1670;;51,59;1762;;197;197
MAZHARBEY M MIGROS;DOÐU MARMARA;1;MÝGROS;5;SERVÝS REYONLU M;3116;40.98724;29.06058;Merdivenköy Mah.Dr.Etkin Cad.No:32;34;16;ÝSTANBUL;KADIKÖY;29.10.2010;Hayýr;30;404;1035;;59,3,13;1384;;198;198
BAHÇEÞEHÝR MMM MÝGROS;BATI MARMARA;1;MÝGROS;3;MMM;312;41.06055;28.68736;Bahçeþehir 2.Kýsým Mah.;34;35;ÝSTANBUL;BAÞAKÞEHÝR;14.10.1995;Evet;350;3450;6700;;14,51,52,7,11,56,49,3,13;;;199;199
KOÞUYOLU M MÝGROS;DOÐU MARMARA;1;MÝGROS;5;SERVÝS REYONLU M;3120;41.01028;29.04153;Altunizade Mah.Kalfa Çeþme Sok No:7;34;26;ÝSTANBUL;ÜSKÜDAR;4.11.2010;Hayýr;;350;700;;59;1379;;200;200
KURTKÖY MMM MÝGROS;DOÐU MARMARA;1;MÝGROS;3;MMM;3121;40.928227;29.307704;Yeniþehir Mah. Millet Cad. Mustafa Akyol Sok. No:9;34;21;ÝSTANBUL;PENDÝK;11.11.2010;Evet;60;1498;2280;;52,3,13;1452;;201;201
MJET KÜKÜRTLÜ BURSA;GÜNEY MARMARA;230;MJET;9;M-JET;3124;40.202627;29.031697;Kükürtlü Mah. Kükürtlü Cad.No:56/4;16;2;BURSA;OSMANGAZÝ;12.11.2010;Hayýr;;230;470;;51,59;;;202;202
ÞAÞKINBAKKAL M MÝGROS;DOÐU MARMARA;1;MÝGROS;5;SERVÝS REYONLU M;3125;40.9633;29.07438;Caddebostan Mah. Noter Sok. NO:22/B;34;16;ÝSTANBUL;KADIKÖY;15.11.2010;Hayýr;;370;600;;51,59;1403;;203;203
MJET HOÞDERE ANKARA;ÝÇ ANADOLU;230;MJET;9;M-JET;3134;39.885088;32.852796;Aziziye Mah.Hoþdere Cad.No:189-B;6;2;ANKARA;ÇANKAYA;11.11.2010;Hayýr;;138;236;;51;;;204;204
DOÐUBAYAZIT AÐRI MM MIGROS;KARADENÝZ/KUZEYD.AND;1;MÝGROS;2;MM;3147;39.548734;44.079704;Ahmedihani Mah. Aðrý Cad. No:228;4;8;AÐRI;DOÐUBAYAZIT;29.11.2010;Hayýr;9;1100;1600;;;;;205;205
BEYLÝKDÜZÜ WHITE CORNER MM;BATI MARMARA;1;MÝGROS;2;MM;3150;41.000075;28.644973;White Corner Avm,Büyükþehir Mh.Atatürk Bulv.No:28;34;36;ÝSTANBUL;BEYLÝKDÜZÜ;30.11.2010;Hayýr;;1457;1834;;59;;;206;206
ÞERÝFALÝ ELITLIFE M MÝGROS;DOÐU MARMARA;1;MÝGROS;6;SELF SERVÝS M;3158;40.999553;29.139902;Tatlýsu Mah. Çetin Cd. No:72 Elite Life Sitesi önü;34;25;ÝSTANBUL;ÜMRANÝYE;10.12.2010;Hayýr;;371;1034;;51;;;207;207
ÝSTÝNYE PARK MACROCENTER;BATI MARMARA;4;MACROCENTER;9;MACROCENTER;3160;41.110408;29.033089;Pýnar Mah. Katar Cad. No:11;34;22;ÝSTANBUL;SARIYER;15.12.2010;Evet;;885;1218;;;;;208;208
5M ERYAMAN ANKARA;ÝÇ ANADOLU;185;5M;191;5M;3168;39.979837;32.625355;Eryaman Mah. 19 Mayýs Cad. No: 5;6;3;ANKARA;ETÝMESGUT;17.12.2010;Evet;400;3921;5681;;52,1,43,3,9,13;;;209;209
SOYAK MMM MÝGROS;DOÐU MARMARA;1;MÝGROS;3;MMM;318;40.99993;29.07287;Ünalan Mah. Libadiye Cad. Soyak Sit. Giriþ;34;26;ÝSTANBUL;ÜSKÜDAR;19.04.1996;Evet;44;3500;5000;;1,43,11,17,5,3,13;;;210;210
GÜZELOBA ANTALYA M MÝGROS;BATI AKDENÝZ;1;MÝGROS;5;SERVÝS REYONLU M;3190;36.85721;30.788007;Güzeloba Mah. Alppaþa 1 Ýþ Merkezi No:1/1;7;19;ANTALYA;MURATPAÞA;28.12.2010;Hayýr;;315;1017;;59;;;211;211
MJET ANGORA ANKARA;ÝÇ ANADOLU;230;MJET;9;M-JET;3203;39.878955;32.719597;Angora Dora Ýþ Mkz Mutlukent Mah.Kocatepe Cad No:2;6;2;ANKARA;ÇANKAYA;29.12.2010;Hayýr;30;230;413;;51;;;212;212
ANITTEPE GMK M MÝGROS;ÝÇ ANADOLU;1;MÝGROS;5;SERVÝS REYONLU M;3235;39.931416;32.843724;Anýttepe Mah. GMK Bulvarý NO: 99/ A-B;6;2;ANKARA;ÇANKAYA;18.01.2011;Hayýr;;444;1092;;;2873;;213;213
SUBAYEVLERÝ ANKARA M MÝGROS;ÝÇ ANADOLU;1;MÝGROS;5;SERVÝS REYONLU M;3236;39.969496;32.871491;Ayýþan Sok. NO:39/A Kavacýk Subayevleri Mah;6;5;ANKARA;KEÇÝÖREN;19.01.2011;Hayýr;;238;408;;;2748;;214;214
POLATLI ANKARA M MÝGROS;ÝÇ ANADOLU;1;MÝGROS;6;SELF SERVÝS M;3237;39.580522;32.1225;Þehitlik Mah Ziyakökalp Cad NO 18;6;23;ANKARA;POLATLI;20.01.2011;Evet;20;600;1289;;;2582;;215;215
BARTIN MMM MÝGROS;ÝÇ ANADOLU;1;MÝGROS;3;MMM;3239;41.625973;32.322035;Cumhuriyet Mah Eski Hastane Cad. No:2/1;74;0;BARTIN;MERKEZ;25.01.2011;Evet;75;1374;2166;;6,27,1,3;2878;;217;217
OUTLET PARK KÜTAHYA MMM MÝGROS;GÜNEY MARMARA;1;MÝGROS;3;MMM;3240;39.387868;30.037093;100.Yýl Mah.1.Gözde Sok. Erka Çarþý  B Blok No:4/1;43;0;KÜTAHYA;MERKEZ;28.01.2011;Hayýr;800;2072;3375;;3;2894;;218;218
GOP AVRUPA KONUTLARI MM MÝGROS;BATI MARMARA;1;MÝGROS;2;MM;3244;41.088016;28.902028;Karayollarý Mah Abdi Ýpekçi Cad. Avrupa Konutlarý;34;14;ÝSTANBUL;GAZÝOSMANPAÞA;19.01.2011;Hayýr;40;919;1419;;51,59,3;2758;;219;219
GAYRETTEPE SAATÇÝBAYIRI M;BATI MARMARA;1;MÝGROS;5;SERVÝS REYONLU M;3249;41.06229;29.00425;Dikilitaþ Mah.Saatçi Bayýrý Cemil Aslan Güler Sok.;34;7;ÝSTANBUL;BEÞÝKTAÞ;25.01.2011;Hayýr;;297;405;;51,59;1404;;220;220
YAHYAKAPTAN MM MÝGROS;DOÐU MARMARA;1;MÝGROS;2;MM;3251;40.7637;29.980667;Yahyakaptan Mahallesi Çamsakýzý Caddesi No:10/A;41;11;KOCAELÝ;ÝZMÝT;3.02.2011;Hayýr;40;939;1929;;51,1,3;2236;;222;222
DOLPHÝN AVM ÝZMÝT M MÝGROS;DOÐU MARMARA;1;MÝGROS;6;SELF SERVÝS M;3252;40.764169;29.939863;Körfez Mah. Sanayi Cad. Berk Sok.;41;11;KOCAELÝ;ÝZMÝT;20.01.2011;Hayýr;;608;1506;;;1413;;223;223
GÝZLÝBAHÇE TUZLA M MÝGROS;DOÐU MARMARA;1;MÝGROS;6;SELF SERVÝS M;3253;40.872377;29.320278;Aydýnlý Mah. Yabangülü Sok. No:34;34;24;ÝSTANBUL;TUZLA;21.01.2011;Hayýr;10;407;785;;51,59;2098;;224;224
HALIKENT ISPARTA MM MÝGROS;BATI AKDENÝZ;1;MÝGROS;2;MM;3255;37.751777;30.578357;Halýkent Mah. 124 Cad. No:90;32;0;ISPARTA;MERKEZ;28.01.2011;Hayýr;;840;1358;;;2406;;225;225
BEYLÝKDÜZÜ EKÝNOKS MM;BATI MARMARA;1;MÝGROS;2;MM;3260;41.012645;28.644179;Cumhuriyet Mah Cumhuriyet Cad Eski 931 Parsel;34;36;ÝSTANBUL;BEYLÝKDÜZÜ;4.02.2011;Hayýr;80;1542;2110;;51,3;2148;;226;226
DÝNAR AFYON M MÝGROS;ÝÇ ANADOLU;1;MÝGROS;5;SERVÝS REYONLU M;3268;38.065637;30.165946;Dinaryum Avm CamiKebir mah.Yeni garaj mevkii no 5;3;7;AFYONKARAHÝSAR;DÝNAR;2.02.2011;Hayýr;25;755;1384;;;2198;;228;228
KARÞIYAKA ORDU MM MÝGROS;KARADENÝZ/KUZEYD.AND;1;MÝGROS;2;MM;3273;40.975881;37.906603;Karþýyaka Mah. Atatürk Bulvarý No: 386/A;52;19;ORDU;ALTINORDU;2.02.2011;Hayýr;40;746;1024;;;2665;;229;229
YEÞÝLYOL AFYON M MÝGROS;ÝÇ ANADOLU;1;MÝGROS;5;SERVÝS REYONLU M;3279;38.755098;30.545653;Cumhuriyet Mah. Yeþil Yol Cad. No:33/A;3;0;AFYONKARAHÝSAR;MERKEZ;15.02.2011;Hayýr;5;376;571;;;2402;;232;232
2 EYLÜL ESKÝÞEHÝR MM MÝGROS;ÝÇ ANADOLU;1;MÝGROS;2;MM;3280;39.774481;30.517273;Ýstiklal Mah. 2 Eylül Cad. Esnaf Sarayý Yaný;26;13;ESKÝÞEHÝR;ODUNPAZARI;18.02.2011;Hayýr;;960;1949;;59,3,13;1333;;233;233
ÝÇ CEBECÝ ANKARA M MÝGROS;ÝÇ ANADOLU;1;MÝGROS;5;SERVÝS REYONLU M;3290;39.93065;32.87691;Ýç Cebeci Mah. Kutlugün Sok. NO:10-4/A-B-C;6;2;ANKARA;ÇANKAYA;10.03.2011;Hayýr;;160;308;;;1354;;235;235
TUZLA M MÝGROS;DOÐU MARMARA;1;MÝGROS;5;SERVÝS REYONLU M;3291;40.832862;29.306545;Þinasi Dural Cad.Gürsel Sok. NO:53/1;34;24;ÝSTANBUL;TUZLA;16.02.2011;Hayýr;25;434;595;;;1746;;236;236
DENÝZLÝ MM MÝGROS;GÜNEY EGE;1;MÝGROS;2;MM;3295;37.763183;29.107579;Cumhuriyet Mahallesi 3510 Sokak No:1;20;19;DENÝZLÝ;PAMUKKALE;22.02.2011;Hayýr;50;1229;2427;;36;1273;;237;237
KADIKÖY CAFERAÐA M MÝGROS;DOÐU MARMARA;1;MÝGROS;6;SELF SERVÝS M;3296;40.98982;29.02289;Caferaða Mah. Neþet Ömer Sok. NO:3/D;34;16;ÝSTANBUL;KADIKÖY;22.02.2011;Hayýr;;450;1293;;59,3;1392;;238;238
ATAKÖY AFYON MM MÝGROS;ÝÇ ANADOLU;1;MÝGROS;2;MM;3298;38.732159;30.562956;Esentepe Mah. Adnan Menderes Bul. No:74;3;0;AFYONKARAHÝSAR;MERKEZ;23.02.2011;Evet;80;1529;2067;;3;2456;;239;239
ÞÝÞLÝ HÜRRÝYET M MÝGROS;BATI MARMARA;1;MÝGROS;5;SERVÝS REYONLU M;3301;41.062248;28.987722;Merkez Mahallesi Abide-i Hürriyet Caddesi No:120;34;23;ÝSTANBUL;ÞÝÞLÝ;22.02.2011;Hayýr;;742;1140;;59;1410;;240;240
ÇARÞI UÞAK MM MÝGROS;KUZEY EGE;1;MÝGROS;2;MM;3305;38.677543;29.406283;Ýslice Mah. 1. Gümüþ Sok. No:14/A;64;0;UÞAK;MERKEZ;1.03.2011;Hayýr;;800;1275;;;1278;;241;241
KOZYATAÐI KAYASULTAN M MÝGROS;DOÐU MARMARA;1;MÝGROS;5;SERVÝS REYONLU M;3307;40.967691;29.094511;Kozyataðý Mah. Kaya Sultan Cad.  NO:58A;34;16;ÝSTANBUL;KADIKÖY;25.02.2011;Hayýr;6;467;984;;51,59;1378;;242;242
CENNET M MÝGROS;BATI MARMARA;1;MÝGROS;5;SERVÝS REYONLU M;3308;40.9999;28.78014;Cumhuriyet mah.Ýnönü cad.No:87 Tepeüstü;34;19;ÝSTANBUL;KÜÇÜKÇEKMECE;26.02.2011;Hayýr;;490;950;;13;1387;;243;243
ALTINTEPE M MÝGROS;DOÐU MARMARA;1;MÝGROS;5;SERVÝS REYONLU M;3310;40.953437;29.100321;Baðdat Cad. Altýntepe Mah.No:59;34;20;ÝSTANBUL;MALTEPE;25.02.2011;Hayýr;;250;623;;51,59;2337;;244;244
PENDÝK AYDINLIYOLU MM MÝGROS;DOÐU MARMARA;1;MÝGROS;2;MM;3311;40.881978;29.240643;Doðu Mah. Dolayoba Cad.No:4;34;21;ÝSTANBUL;PENDÝK;24.02.2011;Hayýr;30;659;2222;;3;2018;;245;245
EMEK ANKARA M MÝGROS;ÝÇ ANADOLU;1;MÝGROS;5;SERVÝS REYONLU M;3320;39.921796;32.81764;Biþkek Cad.No:137 Emek Mah;6;2;ANKARA;ÇANKAYA;25.03.2011;Hayýr;;345;490;;51;1343;;247;247
KARADENÝZ EREÐLÝ MMM MÝGROS;ÝÇ ANADOLU;1;MÝGROS;3;MMM;3325;41.27186;31.43651;Müftü Mah.Ýlhami Soysal Cad.Tüylüoðlu Ýþ Merkezi;67;4;ZONGULDAK;EREÐLÝ;30.03.2011;Evet;;1720;3000;;1,3;1461;;248;248
ÇAYYOLU ANKARA MMM MÝGROS;ÝÇ ANADOLU;1;MÝGROS;3;MMM;3326;39.882104;32.686558;Prof.Dr Ahmet Taner Kýþlalý Mh.8.Cd.no:179 Çayyolu;6;2;ANKARA;ÇANKAYA;25.03.2011;Evet;95;1947;4980;;6,1,10,3,9;1361;;249;249
CEBECÝ ANKARA M MÝGROS;ÝÇ ANADOLU;1;MÝGROS;5;SERVÝS REYONLU M;3327;39.93408;32.8799;Demirlibahçe Mah. Uzgörenler Sok No:4A;6;6;ANKARA;MAMAK;18.03.2011;Hayýr;;333;553;;;1344;;250;250
ÝÇERENKÖY M MÝGROS;DOÐU MARMARA;1;MÝGROS;5;SERVÝS REYONLU M;3328;40.97573;29.12215;Ýçerenköy Mah.Kayýþdaðý Yolu cad.Þefik Bey apt;34;34;ÝSTANBUL;ATAÞEHÝR;4.03.2011;Hayýr;;445;716;;59;1946;;251;251
YAYLA M MÝGROS;BATI MARMARA;1;MÝGROS;5;SERVÝS REYONLU M;3329;41.008546;28.858694;Soðanlý Mah Ferit Selim Paþa Cad. No : 61;34;4;ÝSTANBUL;BAHÇELÝEVLER;12.03.2011;Hayýr;;565;1896;;59,53;1386;;252;252
MERTER ÇARÞI M MÝGROS;BATI MARMARA;1;MÝGROS;5;SERVÝS REYONLU M;3330;41.00647;28.888877;Ahmet Kutsi Tecer Cad. Gündoðdu Sok No:107;34;15;ÝSTANBUL;GÜNGÖREN;30.03.2011;Hayýr;;560;1231;;59;1377;;253;253
KURTULUÞ ANKARA M MÝGROS;ÝÇ ANADOLU;1;MÝGROS;5;SERVÝS REYONLU M;3331;39.92521;32.86849;Çamlýtepe Mah. Kýbrýs cad. No:11;6;2;ANKARA;ÇANKAYA;24.03.2011;Hayýr;;267;401;;;1346;;254;254
ADAPAZARI ERENLER MM MÝGROS;GÜNEY MARMARA;1;MÝGROS;2;MM;3332;40.766305;30.397547;Dilmen Mahallesi Sakarbaba Caddesi No:119;54;15;SAKARYA;ERENLER;31.03.2011;Hayýr;96;981;3255;;3,13;1411;;255;255
YENÝMAHALLE ÝSTANBUL MM MÝGROS;BATI MARMARA;1;MÝGROS;2;MM;3333;40.980214;28.880814;Yenimahalle Mah.Yanýk Ses Sok. Yenimahalle;34;5;ÝSTANBUL;BAKIRKÖY;25.03.2011;Hayýr;100;755;1587;;59;1417;;256;256
ÇORUM MM MÝGROS;ÝÇ ANADOLU;1;MÝGROS;2;MM;3336;40.546034;34.968297;Bahçelievler Mah. Bahabey Cad. No:59/A;19;0;ÇORUM;MERKEZ;31.03.2011;Hayýr;;1171;1720;;59;1353;;257;257
HÝSTORÝA AVM MMM MÝGROS;BATI MARMARA;1;MÝGROS;3;MMM;3338;41.014567;28.945026;Ýskender Mah.Ahmediye Cad.NO:2;34;13;ÝSTANBUL;FATÝH;29.03.2011;Evet;400;1821;3374;;3;2073;;258;258
KOCAMUSTAFAPAÞA M MÝGROS;BATI MARMARA;1;MÝGROS;5;SERVÝS REYONLU M;3341;41.011297;28.929502;Seyyid Ömer Mah. Yaylak Sokaðý No: 15/A;34;13;ÝSTANBUL;FATÝH;22.03.2011;Hayýr;;740;1135;;59,13;1375;;259;259
KARTAL SAHÝL MMM MÝGROS;DOÐU MARMARA;1;MÝGROS;3;MMM;3344;40.891354;29.175023;Kordonboyu Mah. Turgut Özal Bulvarý No:63;34;18;ÝSTANBUL;KARTAL;24.03.2011;Hayýr;50;1977;7377;;6,11,17,3,9,13;1373;;260;260
ATAÞEHÝR KAMELYA ÇARÞI MM;DOÐU MARMARA;1;MÝGROS;2;MM;3349;40.9902;29.12998;Karaman çiftliði mevkii Kamelya Çarþý içi;34;34;ÝSTANBUL;ATAÞEHÝR;18.03.2011;Hayýr;40;922;1600;;59,3,13;1400;;261;261
MJET ÞÝÞLÝ KURTULUÞ;BATI MARMARA;230;MJET;9;M-JET;3352;41.049864;28.982151;Bozkurt Mah. Kurtuluþ Cad. No: 83/A;34;23;ÝSTANBUL;ÞÝÞLÝ;1.04.2011;Hayýr;;134;261;;51;;;262;262
KÜÇÜKYALI ÝSTANBUL M MÝGROS;DOÐU MARMARA;1;MÝGROS;5;SERVÝS REYONLU M;3354;40.94473;29.11223;Baðdat Cad. Çýnar Mah.No:175 Küçükyalý;34;20;ÝSTANBUL;MALTEPE;30.03.2011;Hayýr;;406;1458;;51,59;1390;;263;263
AKÇAKOCA DÜZCE M MÝGROS;GÜNEY MARMARA;1;MÝGROS;5;SERVÝS REYONLU M;3355;41.086322;31.178169;Ayazlý Mah Ereðli Cad No:134/D;81;1;DÜZCE;AKÇAKOCA;22.03.2011;Hayýr;;744;1229;;;2020;;264;264
MERAM KONYA MM MÝGROS;ÝÇ ANADOLU;1;MÝGROS;2;MM;3361;37.86012;32.468564;Havzan Mah. Eski Meram Cad. No: 26;42;2;KONYA;MERAM;1.04.2011;Evet;15;1225;1689;;51;;;265;265
BÜYÜKÇEKMECE IÞIKLAR M MÝGROS;BATI MARMARA;1;MÝGROS;5;SERVÝS REYONLU M;3366;41.021796;28.588346;Fatih Mah.Cengiz Topel Cad.No:17;34;28;ÝSTANBUL;BÜYÜKÇEKMECE;2.04.2011;Hayýr;;573;1166;;59;;;266;266
YEÞÝLYURT ÝSTANBUL M MÝGROS;BATI MARMARA;1;MÝGROS;5;SERVÝS REYONLU M;3411;40.963948;28.838784;Yeþilyurt Mah.Sipahioðlu Cad.No:15;34;5;ÝSTANBUL;BAKIRKÖY;7.04.2011;Hayýr;;280;535;;59;;;267;267
NÝÞANTAÞI MM MÝGROS;BATI MARMARA;1;MÝGROS;2;MM;3413;41.053873;28.993159;Vali Konaðý Cad.Þehit Ýsmet Armaðan Sok.No:3;34;23;ÝSTANBUL;ÞÝÞLÝ;15.04.2011;Hayýr;;730;1050;;51,59;;;268;268
BÜYÜKÇEKMECE CENGÝZ TOPEL M;BATI MARMARA;1;MÝGROS;6;SELF SERVÝS M;3414;41.019226;28.594899;Fatih Mh.Cengiz Topel Cd.No:59;34;28;ÝSTANBUL;BÜYÜKÇEKMECE;13.04.2011;Hayýr;;335;653;;59;;;269;269
GÖYNÜK ANTALYA M MÝGROS;BATI AKDENÝZ;1;MÝGROS;6;SELF SERVÝS M;3419;36.665988;30.550532;Cumhuriyet Mah.Adnan Menderes Bulvarý No:8 Göynük;7;10;ANTALYA;KEMER;29.04.2011;Hayýr;20;533;1074;;2;;;270;270
FLORYA E5 MM MÝGROS;BATI MARMARA;1;MÝGROS;2;MM;3426;40.986232;28.789667;Þenlikköy Mah E5 Karayolu üzeri Florya Kavþg No:50;34;5;ÝSTANBUL;BAKIRKÖY;5.05.2011;Evet;35;735;2742;;43,3;;;271;271
TERRA CÝTY ANTALYA MACROCENTER;BATI AKDENÝZ;4;MACROCENTER;9;MACROCENTER;3427;36.852643;30.756569;Terra City AVM Fener Mah. Tekelioðlu cad. No: 55;7;19;ANTALYA;MURATPAÞA;1.06.2011;Evet;;1590;2675;;1;;;272;272
GEBZE MUTLUKENT MM MÝGROS;DOÐU MARMARA;1;MÝGROS;2;MM;3430;40.826655;29.417657;Yenikent mah. Issýkgöl Cad.No:149C;41;1;KOCAELÝ;GEBZE;6.05.2011;Hayýr;60;760;1100;;59;;;273;273
TÜRK - ÝÞ SAMSUN MMM MÝGROS;KARADENÝZ/KUZEYD.AND;1;MÝGROS;3;MMM;3441;41.331202;36.270488;Mimar Sinan Mahallesi Alparslan Bulvarý No:33;55;15;SAMSUN;ATAKUM;17.05.2011;Evet;40;2026;2714;;1,3,9;;;274;274
SEFERÝHÝSAR ÝZMÝR M MÝGROS;KUZEY EGE;1;MÝGROS;5;SERVÝS REYONLU M;3458;38.193183;26.833988;Camikebir Mah. Ýzmir Cad. No: 41/A;35;24;ÝZMÝR;SEFERÝHÝSAR;18.05.2011;Evet;30;565;863;;59;;;275;275
KÜÇÜKKUMLA BURSA M MÝGROS;GÜNEY MARMARA;1;MÝGROS;5;SERVÝS REYONLU M;3461;40.469657;29.100755;Küçükkumla Mah.Kanal 1 Cad.Y.Doðan sitesi F Apt.;16;5;BURSA;GEMLÝK;18.05.2011;Hayýr;;561;1040;;;;;276;276
GÜMÜÞLÜK BODRUM MM MÝGROS;GÜNEY EGE;1;MÝGROS;2;MM;3465;37.070337;27.242647;Koyunbaba Mh.Kazým Karabekir Cd. No:71 Gümüþlük;48;1;MUÐLA;BODRUM;27.05.2011;Evet;40;1172;1809;;1,3;;;277;277
ÇINARCIK YALOVA M MÝGROS;GÜNEY MARMARA;1;MÝGROS;5;SERVÝS REYONLU M;3467;40.646905;29.127932;Taþliman Mah. Ahmet Sugün Cad. No:35A;77;3;YALOVA;ÇINARCIK;24.05.2011;Hayýr;8;405;705;;59;1084;;278;278
BERGAMA ÝZMÝR M MÝGROS;KUZEY EGE;1;MÝGROS;6;SELF SERVÝS M;3470;39.113665;27.178073;Maltepe Mahallesi Böblingen Caddesi No:64/A;35;12;ÝZMÝR;BERGAMA;8.07.2011;Hayýr;;405;917;;59;;;279;279
ADAPAZARI MM MÝGROS;GÜNEY MARMARA;1;MÝGROS;2;MM;3477;40.777962;30.396909;Cumhuriyet Mah. Çark Cad. No:26/A;54;13;SAKARYA;ADAPAZARI;1.06.2011;Hayýr;;990;1460;;59,3;846;;280;280
KINIKLI DENÝZLÝ MM MÝGROS;GÜNEY EGE;1;MÝGROS;2;MM;3479;37.74895;29.098167;Kýnýklý Mah. Bursa Cad. No:64/A;20;19;DENÝZLÝ;PAMUKKALE;1.06.2011;Hayýr;15;1100;1848;;3;1868;;281;281
ÇAMLIK FORUM DENÝZLÝ MMM;GÜNEY EGE;1;MÝGROS;3;MMM;3480;37.753836;29.090016;Mehmetçik Mahallesi Doðan Demircioðlu Caddesi No:2;20;19;DENÝZLÝ;PAMUKKALE;1.06.2011;Evet;;2160;3260;;2,3;2001;;282;282
VÝÞNELÝK ESKÝÞEHÝR MMM MÝGROS;ÝÇ ANADOLU;1;MÝGROS;3;MMM;3482;39.766354;30.508883;Viþnelik Mah.Atatürk Bulvarý. Kayýhan Sok No:B;26;13;ESKÝÞEHÝR;ODUNPAZARI;1.06.2011;Evet;100;2300;6750;;1,3,9,13;714;;283;283
TEPEBAÞI ESKÝÞEHÝR M MÝGROS;ÝÇ ANADOLU;1;MÝGROS;6;SELF SERVÝS M;3483;39.789299;30.490424;Ýsmet Ýnönü Cd. 2.kýsým No: 37;26;14;ESKÝÞEHÝR;TEPEBAÞI;1.06.2011;Hayýr;;310;490;;;1152;;284;284
ESPARK ESKÝÞEHÝR MMM MÝGROS;ÝÇ ANADOLU;1;MÝGROS;3;MMM;3484;39.782553;30.510396;Eskibaðlar Mh. Prof.Dr. Yýlmaz Büyükerþen Bulvarý;26;14;ESKÝÞEHÝR;TEPEBAÞI;1.06.2011;Evet;1100;1931;2740;;1,3;1941;;285;285
OSMANGAZÝ ESKÝÞEHÝR M MÝGROS;ÝÇ ANADOLU;1;MÝGROS;5;SERVÝS REYONLU M;3485;39.757086;30.491178;Büyükdere Mh. Karadað Sk. No:37;26;13;ESKÝÞEHÝR;ODUNPAZARI;1.06.2011;Hayýr;50;600;1050;;59;1951;;286;286
BALIKESÝR ESKÝTERMÝNAL M;KUZEY EGE;1;MÝGROS;5;SERVÝS REYONLU M;3486;39.64866;27.88883;Akýncýlar Mahallesi Cumalý Caddesi No:4B;10;20;BALIKESÝR;KARESÝ;1.06.2011;Hayýr;;365;650;;;1755;;287;287
SUSANOÐLU MERSÝN MM MÝGROS;DOÐU AKDENÝZ;1;MÝGROS;2;MM;3500;36.40758;34.07358;Sazbaþý Mah. Alparslan Türkeþ Blv. 7 Sk. No:542;33;8;MERSÝN;SÝLÝFKE;10.06.2011;Hayýr;40;996;1276;Evet;59,3;;;289;289
ATAKÖY 4 ÝSTANBUL M MÝGROS;BATI MARMARA;1;MÝGROS;5;SERVÝS REYONLU M;3501;40.982194;28.859614;Ataköy 3-4-11 Mah.Cevat Dursunoðlu Cad. No:28;34;5;ÝSTANBUL;BAKIRKÖY;14.06.2011;Hayýr;;175;344;;51,59;337;;290;290
ALTINKUM DÝDÝM M MÝGROS;GÜNEY EGE;1;MÝGROS;5;SERVÝS REYONLU M;3503;37.351136;27.268297;Çamlýk Mah. Barbaros Cad. No:2;9;4;AYDIN;DÝDÝM;24.06.2011;Hayýr;34;756;1149;;;;;291;291
MJET GALATA;BATI MARMARA;230;MJET;9;M-JET;3510;41.025985;28.973662;Bereketzade mah. Büyükhendek cd. No:17;34;9;ÝSTANBUL;BEYOÐLU;16.06.2011;Hayýr;;142;176;;51,59;2028;;292;292
MJET ÞENESENEVLER;DOÐU MARMARA;230;MJET;9;M-JET;3511;40.963154;29.089533;Suadiye Mah Þemsettin Günaltay Cad. NO:73/A;34;16;ÝSTANBUL;KADIKÖY;15.06.2011;Hayýr;;135;165;;51;759;;293;293
5M ÝNEGÖL BURSA;GÜNEY MARMARA;185;5M;191;5M;3515;40.084942;29.509814;Osmaniye mah. Altay cd. No: 27 D Blok Z 048;16;8;BURSA;ÝNEGÖL;8.07.2011;Evet;;3981;5927;;1,3;;;294;294
MJET AKSARAY;BATI MARMARA;230;MJET;9;M-JET;3518;41.009977;28.951987;Guraba Hüseyin Aða Mah.Ordu Cad. Aras Sok. No: 308;34;13;ÝSTANBUL;FATÝH;15.06.2011;Hayýr;;210;464;;59;2172;;295;295
GÜZELÇAMLI SAHÝL M MÝGROS;GÜNEY EGE;1;MÝGROS;5;SERVÝS REYONLU M;3524;37.7265774;27.2402651;Güzelçamlý Mah. Hürriyet Cad. No:34;9;11;AYDIN;KUÞADASI;23.06.2011;Hayýr;;630;803;;;;;296;296
MJET KALEÝÇÝ ANTALYA;BATI AKDENÝZ;230;MJET;9;M-JET;3533;36.886344;30.706084;Tuzcular Mah.Ýmaret Sok. No:4 Kaleiçi;7;19;ANTALYA;MURATPAÞA;5.07.2011;Hayýr;;184;276;;;;;297;297
CEMÝL TOPUZLU MACROCENTER;DOÐU MARMARA;4;MACROCENTER;9;MACROCENTER;3535;40.973936;29.047317;Fenerbahçe Mah. Opr. Cemil Topuzlu Cad. NO:6/2;34;16;ÝSTANBUL;KADIKÖY;1.07.2011;Evet;15;440;686;;;;;298;298
UZUNKÖPRÜ EDÝRNE M MÝGROS;BATI MARMARA;1;MÝGROS;6;SELF SERVÝS M;3539;41.268195;26.680056;Büyükþehzuvar Bey Mah. Ýnönü cad. No:50;22;8;EDÝRNE;UZUNKÖPRÜ;29.07.2011;Hayýr;30;397;510;;;;;299;299
ZEKERÝYAKÖY ÇARÞI ÝSTANBUL MM;BATI MARMARA;1;MÝGROS;2;MM;3541;41.20837;29.02144;Garanti Koza Evleri Viþne 2 Mah.4. Cadde No:49;34;22;ÝSTANBUL;SARIYER;19.08.2011;Evet;;896;1212;;1,3;;;300;300
KONAKLI ALANYA ANTALYA MMM;BATI AKDENÝZ;1;MÝGROS;3;MMM;3544;36.59294;31.858753;Konaklý Beldesi,Telatiye Mah.Ýstiklal Cad.No:28;7;2;ANTALYA;ALANYA;20.07.2011;Hayýr;45;1060;1910;;;;;301;301
FATÝH YALOVA MM MÝGROS;GÜNEY MARMARA;1;MÝGROS;2;MM;3545;40.656235;29.259907;Bahçelievler Mah. Fatih Cad. No:84/A;77;0;YALOVA;MERKEZ;28.07.2011;Hayýr;;780;1134;;59;;;302;302
GÜRE BALIKESÝR MM MÝGROS;KUZEY EGE;1;MÝGROS;2;MM;3546;39.583601;26.871266;GÜRE CUMHURÝYET MH. ÇANAKKALE BLV. NO: 349;10;7;BALIKESÝR;EDREMÝT;12.07.2011;Hayýr;;1310;2281;;59;;;303;303
KUÞADASI KADINLAR DENÝZÝ SAHÝL;GÜNEY EGE;1;MÝGROS;6;SELF SERVÝS M;3551;37.847892;27.244361;Kadýnlar Denizi Mah. Kadýnlar Denizi Cad No:24/1;9;11;AYDIN;KUÞADASI;2.08.2011;Hayýr;;594;769;;;;;304;304
5M AKBATI;BATI MARMARA;185;5M;191;5M;3553;41.056334;28.667504;Koza Mahallesi 1655. Sokak No:6;34;38;ÝSTANBUL;ESENYURT;15.09.2011;Evet;;6496;8212;;1,3;;;305;305
SÝLÝFKE GÖKSU MM MÝGROS;DOÐU AKDENÝZ;1;MÝGROS;2;MM;3566;36.381585;33.941832;Göksu Mah. Alparslan Türkeþ Bulv. NO.343/1;33;8;MERSÝN;SÝLÝFKE;26.08.2011;Evet;60;1211;1549;;59,3;;;306;306
MJET BELEK ANTALYA;BATI AKDENÝZ;230;MJET;9;M-JET;3569;36.862622;31.056467;Akdeniz Mah. Atýf Zengin Cad. No. 15/B;7;14;ANTALYA;SERÝK;24.08.2011;Hayýr;;194;356;;;;;307;307
MÝMAR SÝNAN AYDIN M MÝGROS;GÜNEY EGE;1;MÝGROS;5;SERVÝS REYONLU M;3571;37.852882;27.814135;Mimar Sinan Mahallesi Ünal Özgödek Bul. No:15/A;9;17;AYDIN;EFELER;26.08.2011;Hayýr;20;632;839;;3;;;308;308
BECÝKOÐLU AVM BOLU MM MÝGROS;ÝÇ ANADOLU;1;MÝGROS;2;MM;3572;40.740787;31.592453;Beþkavaklar Mah. Behiye Baysal Cad. No:30/6;14;0;BOLU;MERKEZ;26.08.2011;Hayýr;30;861;1672;;59;;;309;309
MJET ÜSKÜDAR ÞEMSÝPAÞA;DOÐU MARMARA;230;MJET;9;M-JET;3573;41.023545;29.011891;Doðancýlar Cad. Yaylacýk Apt. No: 43/1;34;26;ÝSTANBUL;ÜSKÜDAR;27.08.2011;Hayýr;;140;250;;51;;;310;310
BODRUM GÜNDOÐAN YALI M MÝGROS;GÜNEY EGE;1;MÝGROS;5;SERVÝS REYONLU M;3574;37.130372;27.345947;Aþaðý Mahalle 23.Sokak No:2;48;1;MUÐLA;BODRUM;29.08.2011;Hayýr;16;535;811;;59;;;311;311
MJET ACIBADEM DÖRTYOL;DOÐU MARMARA;230;MJET;9;M-JET;3575;40.997108;29.035972;Acýbadem Mah. Acýbadem Cad. NO:43/A;34;16;ÝSTANBUL;KADIKÖY;14.09.2011;Hayýr;;225;366;;51,59;354;;312;312
BOZÜYÜK BÝLECÝK MM MÝGROS;GÜNEY MARMARA;1;MÝGROS;2;MM;3576;39.9035;30.048919;Yeni Mah. Ýsmet Ýnönü Cd. No: 136/6;11;1;BÝLECÝK;BOZÜYÜK;16.09.2011;Hayýr;;907;1311;;;;;313;313
5M FORUM KAYSERÝ;DOÐU AKDENÝZ;185;5M;191;5M;3577;38.723082;35.496799;Yanýkoðlu Mah. Ahmet Yesevi Bulvarý;38;2;KAYSERÝ;MELÝKGAZÝ;21.12.2011;Evet;;4485;6684;;1,3;;;314;314
MJET ÞÝRÝNEVLER;BATI MARMARA;230;MJET;9;M-JET;3579;40.992864;28.842883;Hürriyet Mah. Mahmut bey Cad. No:7 Þirinevler;34;4;ÝSTANBUL;BAHÇELÝEVLER;4.10.2011;Hayýr;;214;452;;59,13;342;;315;315
OSMANÝYE PARK 328 MMM MÝGROS;DOÐU AKDENÝZ;1;MÝGROS;3;MMM;3586;37.064424;36.234165;Adnan Menderes Mah. Adnan Menderes Cad. No:17/20;80;0;OSMANÝYE;MERKEZ;28.10.2011;Evet;;1667;2407;;59;;;316;316
DÝKMEN CADDE MM MÝGROS;ÝÇ ANADOLU;1;MÝGROS;2;MM;3588;39.874385;32.834702;Osman Temiz Mahallesi Dikmen Caddesi No: 313/A;6;2;ANKARA;ÇANKAYA;1.11.2011;Evet;10;1366;2404;;59,3;;;317;317
ALANYA MAHMUTLAR MMM MÝGROS;BATI AKDENÝZ;1;MÝGROS;3;MMM;3592;36.485047;32.099819;Cumhuriyet Mah. Barbaros Cad. No:113 A B C D E;7;2;ANTALYA;ALANYA;23.11.2011;Hayýr;15;1148;3363;;1,3;;;318;318
ISPARTAKULE BAHÇEÞEHÝR M;BATI MARMARA;1;MÝGROS;6;SELF SERVÝS M;3598;41.058798;28.715601;My Town Avm Tahtakale Mah. 61.Cadde;34;2;ÝSTANBUL;AVCILAR;2.12.2011;Hayýr;;485;776;;51;;;320;320
AÐRI MM MÝGROS;KARADENÝZ/KUZEYD.AND;1;MÝGROS;2;MM;3601;39.718801;43.049861;Sýtkiye Mah. Yaþar Kemal Cad. No:43;4;0;AÐRI;MERKEZ;27.12.2011;Evet;;1016;1581;;;;;322;322
ERZÝNCAN EMNÝYET MMM MÝGROS;KARADENÝZ/KUZEYD.AND;1;MÝGROS;3;MMM;3602;39.747466;39.472262;Halitpaþa Mah. Halitpaþa Cad. No:135;24;0;ERZÝNCAN;MERKEZ;30.12.2011;Evet;80;2118;3048;;59,3;;;323;323
GÖKTÜRK ÝSTANBUL MMM MÝGROS;BATI MARMARA;1;MÝGROS;3;MMM;3604;41.180798;28.891076;Cumhuriyet Caddesi No:10 Göktürk Mah;34;12;ÝSTANBUL;EYÜPSULTAN;30.12.2011;Evet;110;2224;3182;;34,3;;;324;324
MJET ÜMRANÝYE ÞERÝFALÝ;DOÐU MARMARA;230;MJET;9;M-JET;3645;41.008542;29.137196;Yukarý Dudullu Mahellesi Þahin Caddesi No:12;34;25;ÝSTANBUL;ÜMRANÝYE;5.01.2012;Hayýr;;146;168;;51;3498;;325;325
TEPE PRIME ANKARA M MÝGROS;ÝÇ ANADOLU;1;MÝGROS;6;SELF SERVÝS M;3646;39.909012;32.755394;Mustafa Kemal Mah.Dumlupýnar Bulvarý;6;2;ANKARA;ÇANKAYA;27.01.2012;Hayýr;673;350;480;;59;;;326;326
VÝZYON ÝSTANBUL M MÝGROS;DOÐU MARMARA;1;MÝGROS;6;SELF SERVÝS M;3647;40.909106;29.199536;Esentepe Mah. Milangaz Cd. No: 77;34;18;ÝSTANBUL;KARTAL;10.02.2012;Hayýr;;640;927;;51;;;327;327
DÖÞEMEALTI ANTALYA MM MÝGROS;BATI AKDENÝZ;1;MÝGROS;2;MM;3657;37.004202;30.597771;Altýnkale Mah.Atatürk Cad.No:276;7;16;ANTALYA;DÖÞEMEALTI;17.02.2012;Hayýr;25;764;1204;;;;;328;328
GÜZELYALI PARKÝÇÝ ÝZMÝR M;KUZEY EGE;1;MÝGROS;5;SERVÝS REYONLU M;3661;38.396347;27.081945;Güzelyalý Mah. 30 Sokak. No:1/2A;35;8;ÝZMÝR;KONAK;24.02.2012;Hayýr;;598;906;;51;;;329;329
MJET HURMA ANTALYA;BATI AKDENÝZ;230;MJET;9;M-JET;3666;36.855173;30.611099;Hurma Mh Boðaçayý Cd No: 69/1;7;18;ANTALYA;KONYAALTI;28.02.2012;Hayýr;;175;302;;;;;330;330
5M GAZÝEMÝR OPTÝMUM;GÜNEY EGE;185;5M;191;5M;3672;38.338547;27.134621;Akçay Cd. Optimum Alýþveriþ MerkeziNo:101;35;5;ÝZMÝR;GAZÝEMÝR;30.03.2012;Evet;;3815;5314;;1,3;;;331;331
SANKO PARK AVM GAZÝANTEP MMM;DOÐU AKDENÝZ;1;MÝGROS;3;MMM;3675;37.06308;37.360087;Sarýgüllük Mah Ý.Rafet Ýþitmen Cad Sanko Park Avm;27;2;GAZÝANTEP;ÞEHÝTKAMÝL;16.03.2012;Evet;960;2263;4033;;51,59;;;332;332
TREND ÝSTANBUL MM MÝGROS;DOÐU MARMARA;1;MÝGROS;2;MM;3679;40.941641;29.302248;Yeniþehir Mah Eþref Bitlis Blv G-Blok No: 1;34;21;ÝSTANBUL;PENDÝK;21.03.2012;Hayýr;;768;1028;;3;;;333;333
TOROS ADANA M MÝGROS;DOÐU AKDENÝZ;1;MÝGROS;5;SERVÝS REYONLU M;368;37.038959;35.304638;Toros Mahallesi Þehitler  Bulvarý No: 57/A;1;15;ADANA;ÇUKUROVA;9.06.1995;Hayýr;;608;1013;;59,13;;;334;334
TRUMP TOWERS ÝSTANBUL MM;BATI MARMARA;1;MÝGROS;2;MM;3684;41.067615;28.992271;Mecidiyeköy Mh Trump Towers AVM Blok No:8;34;23;ÝSTANBUL;ÞÝÞLÝ;19.04.2012;Evet;;1411;2065;;51;;;335;335
MJET ERDEK LÝMAN BALIKESÝR;GÜNEY MARMARA;230;MJET;9;M-JET;3685;40.3956;27.792116;Yalý Mh Neyyire Sýtký Cd Ýskele Meydaný;10;8;BALIKESÝR;ERDEK;30.03.2012;Hayýr;;97;139;;51;;;336;336
ZEKERÝYAKÖY MACROCENTER;BATI MARMARA;4;MACROCENTER;9;MACROCENTER;3687;41.20888;29.022751;Garanti Koza Zekeriyaköy Evleri Viþne 2 Mah.;34;22;ÝSTANBUL;SARIYER;6.04.2012;Evet;;615;1035;;;320;;337;337
TOPTAN MALTEPE ANKARA;ÝÇ ANADOLU;231;TOPTAN SATIÞ;230;TOPTAN SATIÞ;3691;39.930176;32.847587;Eti mah. Celal Bayar Bulv. Tok Sok No:7;6;2;ANKARA;ÇANKAYA;29.06.2012;Hayýr;;1655;2573;;;380;;338;338
GÝRNE BULVARI ÝZMÝR M MÝGROS;KUZEY EGE;1;MÝGROS;6;SELF SERVÝS M;3693;38.466375;27.109022;Goncalar Mah 6038 Sokak. No: 5/A;35;7;ÝZMÝR;KARÞIYAKA;29.03.2012;Hayýr;;407;475;;;;;339;339
MJET ZÝVERBEY ÝSTANBUL;DOÐU MARMARA;230;MJET;9;M-JET;3694;40.987068;29.045523;Feneryolu Mah. Fahrettin Kerim Gökay Cad. NO:62/1A;34;16;ÝSTANBUL;KADIKÖY;6.04.2012;Hayýr;;185;257;;;;;340;340
ILICA ÇEÞME ÝZMÝR MMM MÝGROS;KUZEY EGE;1;MÝGROS;3;MMM;3695;38.305911;26.362708;Ilýca Mh 5131 Sk No: 11/A;35;14;ÝZMÝR;ÇEÞME;13.04.2012;Evet;;2020;3069;;3;;;341;341
MJET DATÇA MUÐLA;GÜNEY EGE;230;MJET;9;M-JET;3696;36.727344;27.686366;Ýskele Mah Atatürk Cd No:13/B;48;3;MUÐLA;DATÇA;4.04.2012;Hayýr;;157;319;;51;;;342;342
BUYAKA AVM ÝSTANBUL MM MÝGROS;DOÐU MARMARA;1;MÝGROS;2;MM;3698;41.026406;29.127352;Buyaka AVM Fatih Sultan Mehmet Mh Balkan Cd;34;25;ÝSTANBUL;ÜMRANÝYE;20.04.2012;Hayýr;;976;1365;;3;;;343;343
MJET KIRKLARELÝ HASTANE;BATI MARMARA;230;MJET;9;M-JET;3708;41.735246;27.217239;Karakaþ Mah. Sungurbey Cad. No:11/Z1;39;0;KIRKLARELÝ;MERKEZ;20.04.2012;Hayýr;;210;580;;51;;;344;344
KUMLUCA ANTALYA MM MÝGROS;BATI AKDENÝZ;1;MÝGROS;2;MM;3709;36.3562;30.282727;Yeni Mh Ahmet Aliaða Blv No: 120;7;12;ANTALYA;KUMLUCA;20.04.2012;Hayýr;;895;1876;;3;;;345;345
MJET ÇINARCIK SAHÝL;GÜNEY MARMARA;230;MJET;9;M-JET;3711;40.643602;29.096151;Vali Aký Cad Bilgin Sk Dinçer 16 Tepe Apt.;77;3;YALOVA;ÇINARCIK;19.04.2012;Hayýr;;170;245;Evet;;;;346;346
MJET ÝDEALTEPE CADDE ÝSTANBUL;DOÐU MARMARA;230;MJET;9;M-JET;3714;40.938265;29.119418;Ýdealtepe Mh Baðdat Cd Cenk Sk No: 235 Hakan Apt;34;20;ÝSTANBUL;MALTEPE;17.04.2012;Hayýr;;230;455;;51;3505;;347;347
MJET ÇINARCIK ÜÇREÝSLER;GÜNEY MARMARA;230;MJET;9;M-JET;3715;40.636183;29.080532;Karpuzdere Mah Teþvikiye Cad Demiryapý Apt.;77;3;YALOVA;ÇINARCIK;19.04.2012;Hayýr;;170;368;;51;;;348;348
KALKAN ANTALYA M MÝGROS;BATI AKDENÝZ;1;MÝGROS;5;SERVÝS REYONLU M;3719;36.264683;29.416419;Menteþe Mh Þehitler Cd No: 14 Kalkan;7;9;ANTALYA;KAÞ;3.05.2012;Hayýr;;490;912;;59,3;;;349;349
GALLERÝA ADANA MM MÝGROS;DOÐU AKDENÝZ;1;MÝGROS;2;MM;372;37.002458;35.334703;Cemalpaþa Mah. Fuzuli Cad. No:140/434 Galeria;1;1;ADANA;SEYHAN;22.03.1996;Hayýr;70;2300;3600;;59,3;;;350;350
GÖCEK CUMHURÝYET M MÝGROS;GÜNEY EGE;1;MÝGROS;5;SERVÝS REYONLU M;3722;36.75567;28.93954;Cumhuriyet Mh Turgut Özal Cd No: 4 Göcek;48;4;MUÐLA;FETHÝYE;22.05.2012;Hayýr;;276;560;;;;;351;351
MJET TEKÝRDAÐ KUMBAÐ;BATI MARMARA;230;MJET;9;M-JET;3724;40.868661;27.458611;Kumbað Mah.Ýnönü Cad.No:128;59;11;TEKÝRDAÐ;SÜLEYMANPAÞA;17.05.2012;Hayýr;;202;380;;;;;352;352
YALIKAVAK BODRUM MACROCENTER;GÜNEY EGE;4;MACROCENTER;9;MACROCENTER;3727;37.104501;27.291804;Merkez Mh Tahsildar Ýbrahim Sk No: 8/A Yalýkavak;48;1;MUÐLA;BODRUM;18.05.2012;Evet;;560;810;;;;;353;353
5M KONACIK BODRUM;GÜNEY EGE;185;5M;191;5M;3730;37.056787;27.369057;Merkez Mah. Atatürk Blv. No:224/1 Konacýk;48;1;MUÐLA;BODRUM;15.06.2012;Evet;;4289;6093;;1,2,3;;;354;354
MJET HASEKÝ AKSARAY ÝSTANBUL;BATI MARMARA;230;MJET;9;M-JET;3732;41.009985;28.945616;Haseki Sultan Mah. Yusufpaþa Duraðý Millet Cad;34;13;ÝSTANBUL;FATÝH;18.05.2012;Hayýr;;143;207;;;;;355;355
MJET CEBECÝ KOCAELÝ;DOÐU MARMARA;230;MJET;9;M-JET;3734;41.190196;30.256552;Sahil yolu Cad No: 46 Emin Pansiyon Yaný;41;3;KOCAELÝ;KANDIRA;25.05.2012;Hayýr;;180;363;Evet;;;;356;356
MARMARA EREÐLÝ TEKÝRDAÐ M;BATI MARMARA;1;MÝGROS;5;SERVÝS REYONLU M;3736;40.973932;27.879701;Emlak Konutlarý Ticaret Merkezi Karga Burun Mevkii;59;5;TEKÝRDAÐ;MARMARAEREÐLÝSÝ;30.05.2012;Hayýr;;510;648;;59,3;;;357;357
ÜRKMEZ ÝZMÝR M MÝGROS;KUZEY EGE;1;MÝGROS;5;SERVÝS REYONLU M;3737;38.08035;26.967994;Mersin Alaný Mh Ürkmez Cad No 205;35;24;ÝZMÝR;SEFERÝHÝSAR;22.05.2012;Hayýr;;455;732;;;;;358;358
MJET ÞARKÖY MÜREFTE;BATI MARMARA;230;MJET;9;M-JET;3738;40.668949;27.246142;Yenimahalle Kurtuluþ Cd No: 110 Mürefte;59;8;TEKÝRDAÐ;ÞARKÖY;30.05.2012;Hayýr;;340;361;;51;;;359;359
ARMUTLU YALOVA M MÝGROS;DOÐU MARMARA;1;MÝGROS;5;SERVÝS REYONLU M;3739;40.509219;28.837545;Bayýr Mh Ýskele Meydaný Damla Apt No: 14;77;2;YALOVA;ARMUTLU;24.05.2012;Hayýr;;340;735;;;;;360;360
KARASU MERKEZ M MÝGROS;GÜNEY MARMARA;1;MÝGROS;5;SERVÝS REYONLU M;3741;41.095142;30.692319;Ýncilli Mh Atatürk Blv No:34;54;7;SAKARYA;KARASU;8.06.2012;Hayýr;;545;1120;;;;;361;361
MJET KARACABEY BOÐAZ;GÜNEY MARMARA;230;MJET;9;M-JET;3744;40.395514;28.379864;Mehmet Ýzgi Blv Serdar Apt Jandarma Karþýsý;16;10;BURSA;KARACABEY;29.05.2012;Hayýr;;94;120;Evet;;;;362;362
MJET KEÞAN ERÝKLÝ SAHÝL;BATI MARMARA;230;MJET;9;M-JET;3745;40.616607;26.468725;Erikli Köyü Mah Açelya Sok.No:47;22;4;EDÝRNE;KEÞAN;12.06.2012;Hayýr;;192;295;Evet;;;;363;363
BOSPHORUS CITY MM MÝGROS;BATI MARMARA;1;MÝGROS;2;MM;3746;41.044526;28.762336;Atakent Mah.Bosphorus City Sit.Menekþe Mevkii;34;19;ÝSTANBUL;KÜÇÜKÇEKMECE;15.06.2012;Hayýr;;823;954;;51,59;;;364;364
SALÝHLÝ MANÝSA M MÝGROS;KUZEY EGE;1;MÝGROS;5;SERVÝS REYONLU M;3747;38.482187;28.149483;Cumhuriyet Mh Atatürk Cd No:144/A;45;10;MANÝSA;SALÝHLÝ;19.06.2012;Hayýr;;493;921;;3;;;365;365
DALYAN MAHALLESÝ ÇEÞME ÝZMÝR M;KUZEY EGE;1;MÝGROS;5;SERVÝS REYONLU M;3748;38.334895;26.304011;Dalyan Mah. 3011 Sokak No:108/A;35;14;ÝZMÝR;ÇEÞME;7.06.2012;Hayýr;;390;871;;59;;;366;366
ESENKÖY YALOVA M MÝGROS;GÜNEY MARMARA;1;MÝGROS;6;SELF SERVÝS M;3749;40.615846;28.954242;Aliyehaným Mah.Turgut Özal Caddesi No:95 Esenköy;77;3;YALOVA;ÇINARCIK;6.06.2012;Hayýr;;370;525;Evet;;;;367;367
MAYA MÝLAS M MÝGROS;GÜNEY EGE;1;MÝGROS;5;SERVÝS REYONLU M;3754;37.188241;27.554811;Boðaziçi Mahallesi Yazlýk Siteler Sokak No:43;48;8;MUÐLA;MÝLAS;14.06.2012;Hayýr;;390;857;;1;;;368;368
TATVAN BÝTLÝS MM MÝGROS;DOÐU/G.DOÐU ANADOLU;1;MÝGROS;2;MM;3756;38.510433;42.283157;Cumhuriyet Cd Saray Mh No: 1;13;6;BÝTLÝS;TATVAN;21.06.2012;Evet;;1100;1519;;;;;369;369
KIZILTEPE MOVAPARK MARDÝN MM;DOÐU/G.DOÐU ANADOLU;1;MÝGROS;2;MM;3759;37.233301;40.634024;Mardin Havaalaný Bitiþiði Eroðlu Köyü No: 30;47;3;MARDÝN;KIZILTEPE;29.06.2012;Evet;;1340;2017;;59;;;370;370
ARTVÝN HOPA M MÝGROS;KARADENÝZ/KUZEYD.AND;1;MÝGROS;5;SERVÝS REYONLU M;3760;41.393809;41.419208;Merkez Kuledibi Mh Turgay Ciner Cd No: 18/A;8;4;ARTVÝN;HOPA;27.06.2012;Evet;;334;600;;;;;371;371
MJET AKYAKA MUÐLA;GÜNEY EGE;230;MJET;9;M-JET;3761;37.052073;28.325959;Akyaka Beldesi Merkez Mh. Lütfiye Sakýcý Cd. No:33;48;10;MUÐLA;ULA;3.07.2012;Hayýr;;188;346;;51;;;372;372
MJET GEBZE;DOÐU MARMARA;230;MJET;9;M-JET;3765;40.796276;29.431783;Hacý Halil Mh Atatürk Cd Marmara Apt No: 28;41;1;KOCAELÝ;GEBZE;21.06.2012;Hayýr;;210;428;;;;;373;373
MJET SARAYLAR MARMARA ADASI;GÜNEY MARMARA;230;MJET;9;M-JET;3771;40.654148;27.658933;Saraylar Mahallesi Sahil Cad. Migros Apt. No:4 D/1;10;15;BALIKESÝR;MARMARA;28.06.2012;Hayýr;;117;169;;;;;374;374
ENEZ EDÝRNE M MÝGROS;BATI MARMARA;1;MÝGROS;5;SERVÝS REYONLU M;3773;40.661802;26.066933;Gaziömerbey Mahallesi Platin Dere Caddesi  No:111;22;1;EDÝRNE;ENEZ;28.06.2012;Hayýr;;381;501;Evet;59;;;375;375
KAÞ MARÝNA ANTALYA M MÝGROS;BATI AKDENÝZ;1;MÝGROS;6;SELF SERVÝS M;3774;36.203883;29.632872;Uður Mumcu Cd Bucak Denizi Acýsu Mevkii;7;9;ANTALYA;KAÞ;29.06.2012;Hayýr;;150;183;;;;;376;376
GÜZELÇAMLI MERKEZ M MÝGROS;GÜNEY EGE;1;MÝGROS;5;SERVÝS REYONLU M;3783;37.714563;27.222168;Güzelçamlý Mah. Milli Park Cd No: 167/A;9;11;AYDIN;KUÞADASI;26.07.2012;Hayýr;;440;1153;;59;;;377;377
MJET BÝLECÝK TERMÝNAL;GÜNEY MARMARA;230;MJET;9;M-JET;3785;40.142365;29.979141;Gazipaþa Mahallesi Atatürk Bulvarý No:1-1/A;11;0;BÝLECÝK;MERKEZ;19.07.2012;Hayýr;;159;398;;;;;378;378
SÝDE YALI ANTALYA MM MÝGROS;BATI AKDENÝZ;1;MÝGROS;2;MM;3789;36.785994;31.395147;Yalý Mh Side Blv No: 57 Side;7;13;ANTALYA;MANAVGAT;27.07.2012;Hayýr;;800;1368;;59;;;379;379
MJET MAHMUTLAR CUMHURÝYET;BATI AKDENÝZ;230;MJET;9;M-JET;3790;36.474434;32.110004;Cumhuriyet Mh Þükrü Top Cd No: 4 Mahmutlar;7;2;ANTALYA;ALANYA;24.07.2012;Hayýr;;190;276;;;;;380;380
MJET MERDÝVENKÖY ÝSTANBUL;DOÐU MARMARA;230;MJET;9;M-JET;3791;40.985871;29.078525;Sahrayýcedid Mah. Bilginler Sok NO:14/B;34;16;ÝSTANBUL;KADIKÖY;26.07.2012;Hayýr;;172;327;;51;;;381;381
MJET ÇEÞME ÇÝFTLÝKKÖY ÝZMÝR;KUZEY EGE;230;MJET;9;M-JET;3794;38.293368;26.277666;Çiftlik Mahallesi 43 Sokak No:12/A;35;14;ÝZMÝR;ÇEÞME;27.07.2012;Hayýr;;172;296;;;;;382;382
AQUA FLORYA MACROCENTER;BATI MARMARA;4;MACROCENTER;9;MACROCENTER;3795;40.966054;28.797585;Aqua Florya AVM Þenlikköy Mh Yeþilköy Halkalý Cd;34;5;ÝSTANBUL;BAKIRKÖY;12.10.2012;Evet;;887;1057;;;;;383;383
POLATHAN ELAZIÐ M MÝGROS;DOÐU/G.DOÐU ANADOLU;1;MÝGROS;6;SELF SERVÝS M;3798;38.675443;39.227221;Ýcadiye Mah Hürriyet Cad No:45/A;23;0;ELAZIÐ;MERKEZ;3.08.2012;Hayýr;;808;1158;;;;;384;384
MJET ZÝYAPAÞA ADANA;DOÐU AKDENÝZ;230;MJET;9;M-JET;3800;36.993221;35.322268;Çýnarlý Mh Ziyapaþa Blv Mustafa Paksoy Apt No:45/4;1;1;ADANA;SEYHAN;2.08.2012;Hayýr;;232;531;;51;3665;;385;385
TAVÞANLI KÜTAHYA M MÝGROS;GÜNEY MARMARA;1;MÝGROS;6;SELF SERVÝS M;3807;39.540405;29.489375;Yenimahalle Emet Cad No: 14/C-D;43;12;KÜTAHYA;TAVÞANLI;17.08.2012;Hayýr;;407;576;;;;;386;386
PARK MAVÝÞEHÝR MMM MÝGROS;KUZEY EGE;1;MÝGROS;3;MMM;3808;38.47437807;27.08358963;Yalý Mahallesi Ahmet Kemal Baysak Bulvarý No: 8/A;35;7;ÝZMÝR;KARÞIYAKA;3.09.2012;Hayýr;;1693;2995;;1,3;;;387;387
MJET ÇAMLIBEL MERSÝN;DOÐU AKDENÝZ;230;MJET;9;M-JET;3811;36.790438;34.62263;Kültür Mh Atatürk Cd 52/A;33;10;MERSÝN;AKDENÝZ;12.09.2012;Hayýr;;204;260;;51,59;;;388;388
BATMAN PARK MM MÝGROS;DOÐU/G.DOÐU ANADOLU;1;MÝGROS;2;MM;3818;37.904603;41.132442;Kültür  Mah. Turgut Özal Bul. No:315;72;0;BATMAN;MERKEZ;28.09.2012;Evet;;1332;2184;;;;;389;389
MJET MUSTAFA KEMALPAÞA BURSA;GÜNEY MARMARA;230;MJET;9;M-JET;3822;40.037103;28.409046;Výraca Mah.Bursa Cad.No:55;16;18;BURSA;MUSTAFAKEMALPAÞA;13.09.2012;Hayýr;;180;321;;51;;;390;390
MJET BANDIRMA ATATÜRK CADDESÝ;GÜNEY MARMARA;230;MJET;9;M-JET;3824;40.34849;27.975751;17 Eylül Mh Atatürk Cd No: 19/A;10;3;BALIKESÝR;BANDIRMA;19.09.2012;Hayýr;;223;495;;;;;391;391
ATAKENT 3 AVRUPA KONUTLARI M;BATI MARMARA;1;MÝGROS;5;SERVÝS REYONLU M;3826;41.034799;28.77874;Halkalý Merkez Mah.Turgut Özal Bulv.No:16;34;19;ÝSTANBUL;KÜÇÜKÇEKMECE;12.10.2012;Hayýr;;329;414;;51,59;;;392;392
MJET CEVÝZLÝBAÐ ÝSTANBUL;BATI MARMARA;230;MJET;9;M-JET;3829;41.00988;28.90761;Merkezefendi Mh Mevlana Cd No: 94-b/C Kiptaþ;34;27;ÝSTANBUL;ZEYTÝNBURNU;2.10.2012;Hayýr;;200;407;;51;;;393;393
G.O.PAÞA ANKARA MM MÝGROS;ÝÇ ANADOLU;1;MÝGROS;2;MM;383;39.893888;32.877499;Uður Mumcu Cad. Büyükesat Mah No:66 G.O.P:;6;2;ANKARA;ÇANKAYA;29.07.1994;Evet;15;1050;2150;;1,3;;;394;394
ÇAYCUMA ZONGULDAK M MÝGROS;ÝÇ ANADOLU;1;MÝGROS;5;SERVÝS REYONLU M;3831;41.427725;32.073458;Çay Mah Ýstiklal Sok No: 5;67;2;ZONGULDAK;ÇAYCUMA;18.01.2013;Hayýr;;350;760;;;;;395;395
BULVAR SAMSUN M MÝGROS;KARADENÝZ/KUZEYD.AND;1;MÝGROS;6;SELF SERVÝS M;3832;41.295746;36.328992;Hançerli Mah 100 Yýl Blv No: 59;55;17;SAMSUN;ÝLKADIM;5.10.2012;Hayýr;;254;604;;51;;;396;396
ATAKENT SAMSUN M MÝGROS;KARADENÝZ/KUZEYD.AND;1;MÝGROS;5;SERVÝS REYONLU M;3833;41.34402;36.245986;Yenimahalle Mh Ýstiklal Cd No: 31-33;55;15;SAMSUN;ATAKUM;10.10.2012;Hayýr;;425;625;;;;;397;397
ODUNLUK BURSA M MÝGROS;GÜNEY MARMARA;1;MÝGROS;6;SELF SERVÝS M;3836;40.192348;28.990002;Kazým Karabekir Cd Odunluk Mh No: 18/A;16;1;BURSA;NÝLÜFER;12.10.2012;Hayýr;;510;710;;51;;;398;398
GÜNEÞLÝ PARK ÝSTANBUL MM;BATI MARMARA;1;MÝGROS;2;MM;3837;41.031764;28.822567;Koçman Cd No 10/1 E Blok Güneþli;34;3;ÝSTANBUL;BAÐCILAR;19.10.2012;Hayýr;;930;1670;;59;;;399;399
MJET GAZÝOSMANPAÞA ÝSTANBUL;BATI MARMARA;230;MJET;9;M-JET;3838;41.062521;28.914548;Baðlarbaþý Mh Baðlarbaþý Cd Aras Sk. No :70;34;14;ÝSTANBUL;GAZÝOSMANPAÞA;6.10.2012;Hayýr;;230;435;;51,13;3517;;400;400
MJET ATIFBEY GAZÝEMÝR;GÜNEY EGE;230;MJET;9;M-JET;3842;38.315793;27.133999;Atýfbey Mah Türkan Saylan Cad No: 2/A;35;5;ÝZMÝR;GAZÝEMÝR;1.11.2012;Hayýr;;252;317;;;;;401;401
MJET MUDANYA BURSA;GÜNEY MARMARA;230;MJET;9;M-JET;3843;40.369734;28.890594;Ömerbey Mh Deniz Cd No 9 Aydýn Sit C Blok;16;13;BURSA;MUDANYA;23.11.2012;Hayýr;;495;957;;59;800;;402;402
AKYOL MUÐLA M MÝGROS;GÜNEY EGE;1;MÝGROS;6;SELF SERVÝS M;3846;37.218765;28.354216;Muslihittin Mahallesi Abdi Ýpekçi Cad. No:21/A-B;48;12;MUÐLA;MENTEÞE;30.11.2012;Hayýr;;408;481;;;;;403;403
MJET BÜYÜKESAT ANKARA;ÝÇ ANADOLU;230;MJET;9;M-JET;3851;39.904428;32.866657;Tahran Cd Gazi Osmanpaþa Mh No 40 A-B;6;2;ANKARA;ÇANKAYA;28.12.2012;Hayýr;;180;464;;51;2453;;404;404
FATSA CÝTY AVM ORDU MM MÝGROS;KARADENÝZ/KUZEYD.AND;1;MÝGROS;2;MM;3854;41.031594;37.499417;Mustafa Kemal Paþa Mh Hükümet Cd No 13;52;6;ORDU;FATSA;4.01.2013;Evet;;781;1175;;;;;405;405
ÜNYE ORDU MM MÝGROS;KARADENÝZ/KUZEYD.AND;1;MÝGROS;2;MM;3858;41.14298;37.271182;Atatürk Mh Devlet Sahil Yolu No 745;52;18;ORDU;ÜNYE;25.01.2013;Evet;;950;1457;;59,3;;;407;407
BALKAN AVM EDÝRNE M MÝGROS;BATI MARMARA;1;MÝGROS;6;SELF SERVÝS M;3859;41.638263;26.612274;Kocasinan Mah. E5 Karayolu Cad. No:76/13;22;0;EDÝRNE;MERKEZ;23.01.2013;Hayýr;;242;315;;51,1;;;408;408
BAHÇELÝEVLER ANKARA MM MÝGROS;ÝÇ ANADOLU;1;MÝGROS;2;MM;386;39.928448;32.826687;BAHÇELÝEVLER MAHALLESÝ AZERBAYCAN CADDESÝ NO:35A;6;2;ANKARA;ÇANKAYA;13.03.1996;Hayýr;;775;1545;;51,3;;;409;409
MJET FÝNÝKE ANTALYA;BATI AKDENÝZ;230;MJET;9;M-JET;3861;36.301664;30.146372;Yeni Mh Fatih Cd No 20/1-2;7;4;ANTALYA;FÝNÝKE;16.01.2013;Hayýr;;216;388;;;;;410;410
MJET DEÐÝRMENDERE KOCAELÝ;DOÐU MARMARA;230;MJET;9;M-JET;3862;40.718522;29.784188;Merkez Mh Baþkomutanlýk Cd No 9/A Deðirmendere;41;2;KOCAELÝ;GÖLCÜK;18.01.2013;Hayýr;;135;160;;51;;;411;411
MJET ÇAMLIK BAKIRKÖY ÝSTANBUL;BATI MARMARA;230;MJET;9;M-JET;3863;40.988206;28.870338;Zuhuratbaba Mh Yücetarla Cd Birgül Sk No 18-C;34;5;ÝSTANBUL;BAKIRKÖY;18.01.2013;Hayýr;;136;315;;51;;;412;412
MJET GÜLLERPINARI ALANYA;BATI AKDENÝZ;230;MJET;9;M-JET;3865;36.547479;32.008739;Güllerpýnarý Mh Hasan Akçalýoðlu Cd No 23/A;7;2;ANTALYA;ALANYA;18.01.2013;Hayýr;;236;328;;;;;413;413
MJET KUMKAPI ÝSTANBUL;BATI MARMARA;230;MJET;9;M-JET;3866;41.005249;28.963198;Saraçizhak Mh Çifte Gelinler Cd No 38/A;34;13;ÝSTANBUL;FATÝH;18.01.2013;Hayýr;;218;308;;51;;;414;414
TOSMUR ALANYA MMM MÝGROS;BATI AKDENÝZ;1;MÝGROS;3;MMM;3875;36.531412;32.04668;Merkez Mah.Ýbrahim Bilgen Bulv.12 Sok.No:4;7;2;ANTALYA;ALANYA;31.01.2013;Hayýr;;1119;2093;;1,3;;;415;415
MJET ATAÞEHÝR PO ÝSTASYON;DOÐU MARMARA;230;MJET;255;MJET-ÝSTASYON;3876;40.98615;29.1088669;Ataþehir Küçükbakkalköy Mh Vedat Günyol Cd;34;34;ÝSTANBUL;ATAÞEHÝR;1.02.2013;Hayýr;;66;66;;;;;416;416
KARTEPE KOCAELÝ M MÝGROS;DOÐU MARMARA;1;MÝGROS;6;SELF SERVÝS M;3880;40.756622;30.022494;Ulus Mh Anka Cd No:12;41;12;KOCAELÝ;KARTEPE;14.02.2013;Hayýr;;500;651;;;;;417;417
ÝZMÝT MERKEZ M MÝGROS;DOÐU MARMARA;1;MÝGROS;6;SELF SERVÝS M;3888;40.762946;29.927927;Ömeraða Mh Naci Girginsoy Sk No: 7/B;41;11;KOCAELÝ;ÝZMÝT;22.02.2013;Hayýr;;290;885;;3;;;418;418
BRANDÝUM ATAÞEHÝR MACROCENTER;DOÐU MARMARA;4;MACROCENTER;9;MACROCENTER;3889;40.982377;29.13203;Brandium AVM -1. Bodrum Kat No: 1B 03-04;34;34;ÝSTANBUL;ATAÞEHÝR;29.03.2013;Evet;;1180;1640;;;;;419;419
URLA ÝZMÝR MM MÝGROS;KUZEY EGE;1;MÝGROS;2;MM;3893;38.332315;26.775591;Yenikent Mah Hakký Ural Cad No 14/1;35;28;ÝZMÝR;URLA;15.03.2013;Evet;;746;1008;;51,59;;;420;420
KÜÇÜKESAT ANKARA M MÝGROS;ÝÇ ANADOLU;1;MÝGROS;5;SERVÝS REYONLU M;390;39.908901;32.863999;Küçükesat Mah. Esat Cad. No:76;6;2;ANKARA;ÇANKAYA;21.10.1996;Hayýr;;450;900;;59;;;421;421
AKÇAKOCA MERKEZ M MÝGROS;GÜNEY MARMARA;1;MÝGROS;6;SELF SERVÝS M;3902;41.088055;31.121666;YALI MH. ÞEHÝT TURGUT KÜLÜNK CD. NO:12A;81;1;DÜZCE;AKÇAKOCA;22.03.2013;Hayýr;;245;335;;;;;422;422
KAPAKLI EMLAK KONUTLARI MM;BATI MARMARA;1;MÝGROS;2;MM;3903;41.319722;27.980277;Ýsmetpaþa Mahallesi Levent Cad. Migros No: 6C;59;10;TEKÝRDAÐ;KAPAKLI;5.04.2013;Hayýr;;1023;1487;;51,59;;;423;423
ÜNÝVERSÝTE YOLU MERSÝN M;DOÐU AKDENÝZ;1;MÝGROS;5;SERVÝS REYONLU M;3906;36.772222;34.540555;Çiftlikköy Mah Üniversite Cad Elit Plus 2 Sitesi;33;13;MERSÝN;YENÝÞEHÝR;22.03.2013;Hayýr;;418;520;;;;;424;424
MJET ZERDALÝLÝK ANTALYA;BATI AKDENÝZ;230;MJET;9;M-JET;3907;36.883333;30.716111;Zerdalilik Mh Balýkçýoðlu Cd No: 19/A-B;7;19;ANTALYA;MURATPAÞA;29.03.2013;Hayýr;;165;237;;;;;425;425
ERASTA AVM ANTALYA MMM MÝGROS;BATI AKDENÝZ;1;MÝGROS;3;MMM;3908;36.907221;30.664501;Dumlupýnar Blv Erasta AVM No:48;7;17;ANTALYA;KEPEZ;4.04.2013;Hayýr;;1200;1793;;59;;;426;426
MJET BEÞEVLER BURSA;GÜNEY MARMARA;230;MJET;9;M-JET;3909;40.207222;28.965;Beþevler Mh Sevgi Sk E Blok No 16;16;1;BURSA;NÝLÜFER;21.03.2013;Hayýr;;241;482;;51;;;427;427
ANDERA PARK SÝÝRT MM MÝGROS;DOÐU/G.DOÐU ANADOLU;1;MÝGROS;2;MM;3910;37.938333;41.943055;Yeni Mah. Cengiz Topel Cad. No:61/1;56;0;SÝÝRT;MERKEZ;30.03.2013;Evet;;1130;1430;;;;;428;428
MJET SAHÝL YALOVA;GÜNEY MARMARA;230;MJET;9;M-JET;3911;40.658888;29.276944;Süleymanbey Mah. Cengiz Koçal Cad. No: 28/A;77;0;YALOVA;MERKEZ;27.03.2013;Hayýr;;194;256;;51;;;429;429
SANDIKLI AFYON M MÝGROS;ÝÇ ANADOLU;1;MÝGROS;5;SERVÝS REYONLU M;3913;38.461946;30.270555;Ece Mah Ýstasyon Cd No 51/A-B;3;14;AFYONKARAHÝSAR;SANDIKLI;29.03.2013;Hayýr;;500;875;;;;;430;430
SAHÝL SAMSUN M MÝGROS;KARADENÝZ/KUZEYD.AND;1;MÝGROS;5;SERVÝS REYONLU M;3914;41.353071;36.240549;Yeni Mh Atatürk Blv No: 206;55;15;SAMSUN;ATAKUM;29.03.2013;Hayýr;;270;462;;51;;;431;431
MEHMET OSMAN CADDE ESKÝÞEHÝR M;ÝÇ ANADOLU;1;MÝGROS;5;SERVÝS REYONLU M;3916;39.757451;30.50016;Büyükdere Mh Sevdik Sk No 1/A;26;13;ESKÝÞEHÝR;ODUNPAZARI;12.04.2013;Hayýr;;564;1061;;59,2;;;432;432
MJET MARMARÝS ATATÜRK CADDESÝ;GÜNEY EGE;230;MJET;9;M-JET;3917;36.85;28.263333;Çýldýr Mah Atatürk Cad No 50;48;7;MUÐLA;MARMARÝS;19.04.2013;Hayýr;;152;239;;;;;433;433
MJET ALTINKUM DÝDÝM;GÜNEY EGE;230;MJET;9;M-JET;3919;37.356388;27.280555;Altýnkum Mah Yalý Cad No:88A;9;4;AYDIN;DÝDÝM;18.04.2013;Hayýr;;182;308;Evet;;;;434;434
MJET ÇORLU EMLAK KONUTLARI;BATI MARMARA;230;MJET;9;M-JET;3920;41.156111;27.84;Hürriyet Mah Erim Sok No: 2/B;59;2;TEKÝRDAÐ;ÇORLU;19.04.2013;Hayýr;;194;255;;;;;435;435
BAÐBAÞI DENÝZLÝ MM MÝGROS;GÜNEY EGE;1;MÝGROS;2;MM;3921;37.732222;29.13;Kervansaray Mah. Acýpayam Bulvarý No:86/C;20;19;DENÝZLÝ;PAMUKKALE;9.05.2013;Hayýr;;704;1054;;3;;;436;436
VÝALAND AVM MMM MÝGROS;BATI MARMARA;1;MÝGROS;3;MMM;3924;41.0759;28.9233;Yeþilpýnar Mh Girne Cd Vialand AVM -1 Kat 34065;34;12;ÝSTANBUL;EYÜPSULTAN;26.05.2013;Evet;;2384;4117;;1,3;;;437;437
ALÝAÐA SAHÝL M MÝGROS;KUZEY EGE;1;MÝGROS;5;SERVÝS REYONLU M;3925;38.802222;26.973055;Kültür Mah Hükümet Cad No 33;35;10;ÝZMÝR;ALÝAÐA;26.04.2013;Evet;;460;787;;59;;;438;438
MJET ÇANKAYA ÝZMÝR;KUZEY EGE;230;MJET;9;M-JET;3926;38.425;27.133055;Þehit Fethi Bey Cd No 41/B Çankaya Mah;35;8;ÝZMÝR;KONAK;22.04.2013;Hayýr;;187;308;;;;;439;439
MJET SUSANOÐLU MERSÝN;DOÐU AKDENÝZ;230;MJET;9;M-JET;3928;36.417777;34.083888;Susanoðlu Mh Ýslim Sk No 1/A Atakent;33;8;MERSÝN;SÝLÝFKE;26.04.2013;Hayýr;;260;381;;;;;440;440
MJET KOÞUYOLU ÝSTANBUL;DOÐU MARMARA;230;MJET;9;M-JET;3929;41.011908;29.038375;Koþuyolu Mh Mütevelli Çeþme Cd No 7-9;34;16;ÝSTANBUL;KADIKÖY;26.04.2013;Hayýr;;215;350;;51;;;441;441
ÇÝÐLÝ ATAÞEHÝR M MÝGROS;KUZEY EGE;1;MÝGROS;5;SERVÝS REYONLU M;3930;38.486111;27.059166;Ataþehir Mah. 8211/16 Sokak No: 1/A;35;4;ÝZMÝR;ÇÝÐLÝ;3.05.2013;Hayýr;;400;560;;59;;;442;442
GÜRSU ANTALYA M MÝGROS;BATI AKDENÝZ;1;MÝGROS;5;SERVÝS REYONLU M;3933;36.862386;30.630197;Gürsu Mah. Atatürk Bulvarý B Blok No:187 BC/1;7;18;ANTALYA;KONYAALTI;18.04.2013;Hayýr;;657;1421;;59;1367;;443;443
MJET SAHRAYICEDÝT ÝSTANBUL;DOÐU MARMARA;230;MJET;9;M-JET;3939;40.984875;29.088455;Sahrayýcedit Mah Mengi Sk Ýnan Apt. No 22;34;16;ÝSTANBUL;KADIKÖY;10.05.2013;Hayýr;;138;151;;;;;445;445
BALGAT ANKARA MM MÝGROS;ÝÇ ANADOLU;1;MÝGROS;2;MM;394;39.89649;32.81657;Çetin Emeç Bulv. Ehlibeyt Mah. No:117;6;2;ANKARA;ÇANKAYA;14.03.1997;Hayýr;131;1492;2500;;1,3;;;446;446
MJET GÖLCÜK ÇARÞI;DOÐU MARMARA;230;MJET;9;M-JET;3942;40.720719;29.820253;Merkez Mh 39. Sk;41;2;KOCAELÝ;GÖLCÜK;6.05.2013;Hayýr;;337;989;;;3097;;448;448
YALIKAVAK MARÝNA MACROCENTER;GÜNEY EGE;4;MACROCENTER;9;MACROCENTER;3944;37.103127;27.287717;Yalýkavak Marina Çökertme Cad. No:6;48;1;MUÐLA;BODRUM;7.06.2013;Evet;;421;508;;1,2;;;449;449
MJET TATLISU ERDEK;GÜNEY MARMARA;230;MJET;9;M-JET;3946;40.408055;27.919722;Tatlýsu Köyü Köy içi mevkii;10;8;BALIKESÝR;ERDEK;14.05.2013;Hayýr;;267;551;Evet;;;;450;450
MJET KIYIKENT SELÝMPAÞA;BATI MARMARA;230;MJET;9;M-JET;3947;41.060108;28.348342;Selimpaþa Mah.Altýnkök Cad.No:27/A;34;30;ÝSTANBUL;SÝLÝVRÝ;17.05.2013;Hayýr;;185;245;;;;;451;451
D-MARÝN TURGUTREÝS MACROCENTER;GÜNEY EGE;4;MACROCENTER;9;MACROCENTER;3950;37.003055;27.258055;Turgutreis Mah. Gazi Mustafa Kemal Bulv.No:24/A-41;48;1;MUÐLA;BODRUM;7.06.2013;Hayýr;;440;590;;59;;;452;452
ARAPSUYU ANTALYA MM MÝGROS;BATI AKDENÝZ;1;MÝGROS;2;MM;3951;36.879046;30.648229;Toros Mah. Atatürk Bulvarý NO:42/1;7;18;ANTALYA;KONYAALTI;9.05.2013;Hayýr;;869;2024;;59,3;1370;;453;453
MJET SÝDE ANTALYA;BATI AKDENÝZ;230;MJET;9;M-JET;3953;36.777405;31.396324;Selimiye Mah Atatürk Cad No 2 Side;7;13;ANTALYA;MANAVGAT;7.05.2013;Hayýr;;182;543;;;3723;;455;455
KEMER MERKEZ ANTALYA M MÝGROS;BATI AKDENÝZ;1;MÝGROS;5;SERVÝS REYONLU M;3954;36.601154;30.556581;Yeni Mah. Dörtyol Blv. NO:15;7;10;ANTALYA;KEMER;14.05.2013;Hayýr;;564;1264;;59;1368;;456;456
MJET UNCALI ANTALYA;BATI AKDENÝZ;230;MJET;9;M-JET;3955;36.8741794;30.6262296;Uluç Mahallesi Gazi Mustafa Kemal Bulvarý No:101A;7;18;ANTALYA;KONYAALTI;10.05.2013;Hayýr;;225;493;;;3777;;457;457
MJET SEMÝZKUM SÝLÝVRÝ;BATI MARMARA;230;MJET;9;M-JET;3977;41.074166;28.167222;Alipaþa köyü Tilkiinleri mevkii;34;30;ÝSTANBUL;SÝLÝVRÝ;24.05.2013;Hayýr;;210;316;Evet;;;;458;458
ALAÇATI ÇEÞME MACROCENTER;KUZEY EGE;4;MACROCENTER;9;MACROCENTER;3978;38.289429;26.383291;Alaçatý Mahallesi 16033 Sokak No:4;35;14;ÝZMÝR;ÇEÞME;31.05.2013;Evet;;832;1050;;;2887;;459;459
MJET STFA BLOKLARI KOZYATAÐI;DOÐU MARMARA;230;MJET;9;M-JET;3979;40.977387;29.092011;19 Mayýs Mah Yýldýz Sk No 19/B Kozyataðý;34;16;ÝSTANBUL;KADIKÖY;30.05.2013;Hayýr;;166;392;;51;;;460;460
MJET KUMCAÐIZ KOCAELÝ;DOÐU MARMARA;230;MJET;9;M-JET;3981;41.159722;30.225277;Kurtyeri Köyü Kumcaðýz Mah Hacý Þükrü Cad No 8;41;3;KOCAELÝ;KANDIRA;17.05.2013;Hayýr;;178;290;Evet;;;;461;461
MJET KERPE KOCAELÝ;DOÐU MARMARA;230;MJET;9;M-JET;3982;41.158333;30.1975;Kýncýllý Köyü Kerpe Mh Durak Sk No 15 Kerpe;41;3;KOCAELÝ;KANDIRA;17.05.2013;Hayýr;;215;285;Evet;;;;462;462
MJET AÐVA ÞÝLE;DOÐU MARMARA;230;MJET;9;M-JET;3983;41.137805;29.853265;Aðva Merkez Mah Kuzey Cad No:2;34;32;ÝSTANBUL;ÞÝLE;29.05.2013;Hayýr;;153;238;;59;;;463;463
ÖRNEKKÖY ANTALYA MM MÝGROS;BATI AKDENÝZ;1;MÝGROS;2;MM;3984;36.851696;30.805616;Güzeloba Mah Lara Cad 2314 Lale Sok No 2;7;19;ANTALYA;MURATPAÞA;15.05.2013;Hayýr;;700;1083;;59,3,13;2868;;464;464
KUMLUCA MEYDAN ANTALYA M;BATI AKDENÝZ;1;MÝGROS;5;SERVÝS REYONLU M;3985;36.365274;30.292571;Karþýyaka Mh Adnan Menderes Blv No 56/A;7;12;ANTALYA;KUMLUCA;17.05.2013;Hayýr;;590;1250;;;2772;;465;465
UNCALI 32.CADDE ANTALYA M;BATI AKDENÝZ;1;MÝGROS;6;SELF SERVÝS M;3986;36.881818;30.622716;Uncalý Mah. 32.Cadde. NO:10/B;7;18;ANTALYA;KONYAALTI;22.05.2013;Hayýr;;471;1643;;;3782;;466;466
PROFESÖRLER SÝTESÝ ÝZMÝR MM;KUZEY EGE;1;MÝGROS;2;MM;3989;38.466159;27.244106;Evka 3 Mahallesi Cengizhan Caddesi No: 35/2A;35;2;ÝZMÝR;BORNOVA;27.05.2013;Hayýr;;705;825;;59,3;1263;;467;467
MJET AKTUR DATÇA;GÜNEY EGE;230;MJET;9;M-JET;3990;36.75916;27.876944;Aktur Tatil Sitesi  E-F-G Mah. NO:563;48;3;MUÐLA;DATÇA;23.05.2013;Hayýr;;150;220;;;;;468;468
MJET KAPIZLI MERSÝN;DOÐU AKDENÝZ;230;MJET;9;M-JET;3991;36.384963;34.072659;Gazi Mah Bakanlýklar Cad No 144 Atakent;33;8;MERSÝN;SÝLÝFKE;24.05.2013;Hayýr;;267;351;Evet;;;;469;469
100.YIL ANTALYA M MÝGROS;BATI AKDENÝZ;1;MÝGROS;5;SERVÝS REYONLU M;3992;36.889987;30.692784;Altýndað Mh 100.Yýl Blv 167 Sk No 6/D;7;19;ANTALYA;MURATPAÞA;21.05.2013;Hayýr;;342;1035;;51;2196;;470;470
LARA ANTALYA MMM MÝGROS;BATI AKDENÝZ;1;MÝGROS;3;MMM;3993;36.84975;30.76193;Çaðlayan Mah. Fener Cad. No:16;7;19;ANTALYA;MURATPAÞA;31.05.2013;Hayýr;;1366;2340;;59,3;1365;;471;471
VARSAK ANTALYA M MÝGROS;BATI AKDENÝZ;1;MÝGROS;5;SERVÝS REYONLU M;3995;36.950277;30.708055;Ayanoðlu Mah 1809 Sk Sevim Mengi Apt No 3/12;7;17;ANTALYA;KEPEZ;29.05.2013;Hayýr;;620;1523;;;;;472;472
BÝLECÝK CADDE MM MÝGROS;GÜNEY MARMARA;1;MÝGROS;2;MM;3996;40.144527;29.980112;Gazipaþa Mah. Atatürk Bul. No:1/1/A;11;0;BÝLECÝK;MERKEZ;14.06.2013;Evet;;620;782;;;;;473;473
FUAYE ÝSTANBUL MMM MÝGROS;DOÐU MARMARA;1;MÝGROS;3;MMM;4001;40.95015;29.16544;Zümrütevler Mah. Yol-5 sokak no:10 Fuaye Avm;34;20;ÝSTANBUL;MALTEPE;21.06.2013;Evet;;1650;2126;;3;;;475;475
MJET KARASU LÝMAN;GÜNEY MARMARA;230;MJET;9;M-JET;4007;41.113794;30.682948;Yalý Mah.Batý Karadeniz Cad.No:51;54;7;SAKARYA;KARASU;31.05.2013;Hayýr;;252;384;Evet;;;;477;477
MJET KARASU 32 EVLER;GÜNEY MARMARA;230;MJET;9;M-JET;4008;41.098306;30.724639;Yalý Mah.Doðu Karadeniz Cad.No:174/A;54;7;SAKARYA;KARASU;31.05.2013;Hayýr;;260;320;Evet;;;;478;478
FETHÝYE SAHÝLYOLU M MÝGROS;GÜNEY EGE;1;MÝGROS;6;SELF SERVÝS M;4029;36.630556;29.118889;Tuzla Mah. Sadi Pekin Cad.NO:4/B-1;48;4;MUÐLA;FETHÝYE;6.06.2013;Hayýr;;351;850;;;;;479;479
MJET DATÇA ÖZBEL;GÜNEY EGE;230;MJET;9;M-JET;4030;36.733889;27.690556;Ýskele Mh Burgaz Yolu Cd No 66;48;3;MUÐLA;DATÇA;20.06.2013;Hayýr;;162;250;;;;;480;480
MJET KARASU KOCAALÝ;GÜNEY MARMARA;230;MJET;9;M-JET;4031;41.076705;30.850413;Yalý Mah.Atatürk Cad.No:198;54;9;SAKARYA;KOCAALÝ;10.06.2013;Hayýr;;228;264;Evet;;;;481;481
KONYAALTI MACROCENTER;BATI AKDENÝZ;4;MACROCENTER;9;MACROCENTER;4032;36.848082;30.611984;Liman Mah.Atatürk Blv.Becla Bileydi Apt.A/Blok;7;18;ANTALYA;KONYAALTI;14.06.2013;Evet;;442;1325;;59;3681;;482;482
BODRUM AVENUE M MÝGROS;GÜNEY EGE;1;MÝGROS;5;SERVÝS REYONLU M;4033;37.04628;27.39973;Merkez Mah. Atatürk Blv. NO:25/29;48;1;MUÐLA;BODRUM;11.06.2013;Hayýr;;655;868;;59;;;483;483
ALTINOVA BALIKESÝR MM MÝGROS;KUZEY EGE;1;MÝGROS;2;MM;4034;39.190957;26.754878;ALTINOVA MH. ANAFARTALAR CD. NO:77;10;1;BALIKESÝR;AYVALIK;14.06.2013;Hayýr;;675;992;;59;1479;;484;484
AKHÝSAR MANÝSA MM MÝGROS;KUZEY EGE;1;MÝGROS;2;MM;4035;38.913055;27.8325;Hürriyet Mah. 211 Sokak. NO:28/A;45;2;MANÝSA;AKHÝSAR;21.06.2013;Evet;;969;1305;;3;;;485;485
MÝLAS ÖREN DÖRTYOL M MÝGROS;GÜNEY EGE;1;MÝGROS;5;SERVÝS REYONLU M;4036;37.032222;27.9722222;Ören Mah Ýskele Cad No:189;48;8;MUÐLA;MÝLAS;14.06.2013;Hayýr;;366;616;;;;;486;486
AVCILAR PARK MM MÝGROS;BATI MARMARA;1;MÝGROS;2;MM;4037;40.9812;28.7052;Cihangir Mah. Reþitpaþa Cad. NO:140/2A;34;2;ÝSTANBUL;AVCILAR;5.07.2013;Hayýr;;995;1730;;3;;;487;487
MJET KARATAÞ;DOÐU AKDENÝZ;230;MJET;9;M-JET;4038;36.563841;35.385869;Yeni Mah. Sahil Cad. No:61;1;8;ADANA;KARATAÞ;14.06.2013;Hayýr;;180;355;Evet;;;;488;488
ÝKÝBÝN EVLER ADANA MM MÝGROS;DOÐU AKDENÝZ;1;MÝGROS;2;MM;4039;37.027222;35.254722;Ýkibin Evler Mh Dr Sadýk Ahmet BlvAþiroðlu Plaza-1;1;1;ADANA;SEYHAN;21.06.2013;Hayýr;;1175;1890;;59;;;489;489
MJET YATAÐAN;GÜNEY EGE;230;MJET;9;M-JET;4040;37.339167;28.140278;Yeni Mh Cumhuriyet Cd Fevzi Alpözen Apt No 44/1;48;11;MUÐLA;YATAÐAN;20.06.2013;Hayýr;;131;195;;;;;490;490
MJET SÝDE ÇARÞI;BATI AKDENÝZ;230;MJET;9;M-JET;4042;36.779722;31.4;Kazým Karabekir Cad Hatice Ýbrahim Özen Çarþýsý;7;13;ANTALYA;MANAVGAT;20.06.2013;Hayýr;;317;570;;;;;491;491
ÖZGÜRLÜK BULVARI ANTALYA M;BATI AKDENÝZ;1;MÝGROS;6;SELF SERVÝS M;4043;36.857777;30.759444;Fener Mah.Bülent Ecevit Bul.Grand Duke Ýþ Merk.;7;19;ANTALYA;MURATPAÞA;21.06.2013;Hayýr;;349;805;;;;;492;492
MJET KONYA MÝLLET;ÝÇ ANADOLU;230;MJET;9;M-JET;4044;37.871347;32.481337;Büyük Ýhsaniye Mah Millet Cad Damla Sit No 20/A;42;3;KONYA;SELÇUKLU;21.06.2013;Hayýr;;218;335;;;;;493;493
MJET ANAMUR ÝSKELE;BATI AKDENÝZ;230;MJET;9;M-JET;4047;36.072586;32.861416;Ýskele Mah Mareþal Fevzi Çakmak Cad No 149/8-9;33;1;MERSÝN;ANAMUR;5.08.2013;Hayýr;;211;298;;;;;494;494
ALANYA AVSALLAR M MÝGROS;BATI AKDENÝZ;1;MÝGROS;5;SERVÝS REYONLU M;4050;36.623888;31.7675;Avþallar Mah Zafer Cad. NO:7;7;2;ANTALYA;ALANYA;27.06.2013;Hayýr;;400;632;;;;;495;495
SÝVEREK ÞANLIURFA M MÝGROS;DOÐU/G.DOÐU ANADOLU;1;MÝGROS;6;SELF SERVÝS M;4053;37.7529;39.319;Camikebir Mah. Hürriyet Cad. NO:44/A;63;8;ÞANLIURFA;SÝVEREK;4.07.2013;Hayýr;;436;784;;;;;496;496
USKUMRUKÖY DÖRTYOL MM MÝGROS;BATI MARMARA;1;MÝGROS;2;MM;4054;41.218743;29.032638;Uskumruköy Mah. 1.Cadde  NO:1;34;22;ÝSTANBUL;SARIYER;12.07.2013;Evet;;1218;1810;;3;;;497;497
MARMARÝS TURUNÇ M MÝGROS;GÜNEY EGE;1;MÝGROS;6;SELF SERVÝS M;4055;36.771394;28.248081;Merkez Mh Cumhuriyet Cd 27. Sk Meriç Apt No 1;48;7;MUÐLA;MARMARÝS;19.07.2013;Hayýr;;315;412;;;;;498;498
MJET DÝDÝM EGE CADDESÝ;GÜNEY EGE;230;MJET;9;M-JET;4056;37.370396;27.262573;Efeler Mah.Ege Cad.No:169/A;9;4;AYDIN;DÝDÝM;17.07.2013;Hayýr;;200;320;;;;;499;499
MJET SERDÝVAN ÝSTÝKLAL;GÜNEY MARMARA;230;MJET;9;M-JET;4057;40.764974;30.363958;Ýstiklal Mahallesi Baðlar Caddesi No:79/A;54;16;SAKARYA;SERDÝVAN;17.07.2013;Hayýr;;190;288;;;;;500;500
ATATÜRK BULVARI SAMSUN M;KARADENÝZ/KUZEYD.AND;1;MÝGROS;6;SELF SERVÝS M;4058;41.341521;36.260247;Cumhuriyet Mah. Atatürk Blv. NO:392;55;15;SAMSUN;ATAKUM;26.07.2013;Hayýr;;430;685;;;;;501;501
MJET SAMSUN 56`LAR;KARADENÝZ/KUZEYD.AND;230;MJET;9;M-JET;4059;41.279621;36.343278;Kýlýçdede Mqh. Ýstiklal Cad. NO:165/65;55;17;SAMSUN;ÝLKADIM;19.07.2013;Hayýr;;180;280;;;;;502;502
MJET MAZHARBEY;DOÐU MARMARA;230;MJET;9;M-JET;4061;40.983616;29.059031;Göztepe Mah Mustafa Mazharbey Sok No 46/C;34;16;ÝSTANBUL;KADIKÖY;26.07.2013;Hayýr;;123;190;;;;;503;503
MJET MARMARÝS ÇARÞI;GÜNEY EGE;230;MJET;9;M-JET;4063;36.8536111;28.2647222;Kemeraltý Mh Orgeneral Mustafa Muðlalý Cd No 54/A;48;7;MUÐLA;MARMARÝS;26.07.2013;Hayýr;;158;188;;;;;504;504
HAYRABOLU M MÝGROS;BATI MARMARA;1;MÝGROS;6;SELF SERVÝS M;4068;41.213223;27.106147;Ýlyas Mah Malkara Cad No 22 Zemin 1 Merkez;59;3;TEKÝRDAÐ;HAYRABOLU;16.08.2013;Hayýr;;330;627;;;;;505;505
EÐÝRDÝR M MÝGROS;BATI AKDENÝZ;1;MÝGROS;6;SELF SERVÝS M;4095;37.8725;30.84888;Katip Mah. Dr.Ýsa Köklü Cad. NO:60;32;3;ISPARTA;EÐÝRDÝR;29.08.2013;Hayýr;;279;497;;;;;507;507
ARCADÝUM ANKARA MACROCENTER;ÝÇ ANADOLU;4;MACROCENTER;9;MACROCENTER;4097;39.882939;32.686139;Koru Mah. 2432. Cad. (Eski 8.Cadde) No:192;6;2;ANKARA;ÇANKAYA;13.09.2013;Evet;;1405;2025;;1;1097;;508;508
YILDIZEVLER M MÝGROS;ÝÇ ANADOLU;1;MÝGROS;5;SERVÝS REYONLU M;4099;39.878055;32.860833;Yýldýzevler Mah. Kýsýnev Cad. NO:1/A;6;2;ANKARA;ÇANKAYA;13.09.2013;Hayýr;;358;463;;2;;;509;509
SÖÐÜTLÜ TRABZON MM MÝGROS;KARADENÝZ/KUZEYD.AND;1;MÝGROS;2;MM;4101;41.013373;39.604619;Söðütlü Beldesi Orta Mah.Adnan Kahvesi Bulv.;61;1;TRABZON;AKÇAABAT;1.10.2013;Evet;;724;877;;;;;510;510
GAZÝANTEP FORUM MMM MÝGROS;DOÐU AKDENÝZ;1;MÝGROS;3;MMM;4103;37.069166;37.379444;Yaprak Mah. Ýstasyon Cad;27;2;GAZÝANTEP;ÞEHÝTKAMÝL;3.10.2013;Evet;;1910;2595;;1;;;511;511
BAYRAKLI TOWER M MÝGROS;KUZEY EGE;1;MÝGROS;6;SELF SERVÝS M;4104;38.450833;27.1875;Mansuroðlu Mah.Ankara Cad.No:81/A;35;29;ÝZMÝR;BAYRAKLI;21.11.2013;Hayýr;;463;703;;59;;;512;512
TÝRE MM MÝGROS;GÜNEY EGE;1;MÝGROS;2;MM;4109;38.096111;27.728055;Hürriyet Mah. Faik Tokluoðlu Bulvarý No:7/Z08 (37);35;26;ÝZMÝR;TÝRE;11.10.2013;Evet;;818;1109;;;;;513;513
MJET BAHÇELÝEVLER ÖMÜR;BATI MARMARA;230;MJET;9;M-JET;4126;41.004095;28.866266;Bahçelievler Mah Adnan kahveci BUlvarý  No:30/3A;34;4;ÝSTANBUL;BAHÇELÝEVLER;30.10.2013;Hayýr;;170;229;;;;;514;514
ÝZNÝK M MÝGROS;GÜNEY MARMARA;1;MÝGROS;6;SELF SERVÝS M;4127;40.429166;29.720833;Mahmut Çelebi Mah.Kýlýçarslan Cad. NO:86;16;9;BURSA;ÝZNÝK;30.10.2013;Hayýr;;256;297;;;;;515;515
ASL-I BAHÇE MM MÝGROS;DOÐU MARMARA;1;MÝGROS;2;MM;4128;40.933982;29.216198;Uður Mumcu Mah Akþemsettin Cad.34882;34;18;ÝSTANBUL;KARTAL;29.11.2013;Evet;;1390;1795;;3;;;516;516
CANPARK AVM MMM MÝGROS;DOÐU MARMARA;1;MÝGROS;3;MMM;4129;41.025014;29.105852;Canpark AVM Ýnkilap Mah Alemdað Cad No 169/B01;34;25;ÝSTANBUL;ÜMRANÝYE;28.02.2014;Evet;;1905;2867;;3;;;517;517
DURUÞEHÝR MM MÝGROS;KARADENÝZ/KUZEYD.AND;1;MÝGROS;2;MM;4130;41.269976;36.33287;Kazýmkarabekir Mah Odunpazarý Cad No 16/1-2-3-4;55;17;SAMSUN;ÝLKADIM;22.11.2013;Hayýr;;629;945;;;;;518;518
BATIKENT ESKÝÞEHÝR MMM MÝGROS;ÝÇ ANADOLU;1;MÝGROS;3;MMM;4131;39.793385;30.457317;Batýkent Mah.Geven Sok.No:6;26;14;ESKÝÞEHÝR;TEPEBAÞI;11.12.2013;Evet;;1657;2224;;1,3;;;519;519
TOPTAN HALÝKARNAS BODRUM;GÜNEY EGE;231;TOPTAN SATIÞ;230;TOPTAN SATIÞ;4134;37.04264;27.42921;Türkkuyusu Mah. Kýbrýs Þehitleri Cad. No:90;48;1;MUÐLA;BODRUM;27.12.2013;Hayýr;;974;1143;;;1433;;520;520
ULUKENT MM MÝGROS;KUZEY EGE;1;MÝGROS;2;MM;4135;38.55364484;27.04613848;30 Aðustos Mh 7118 Sk;35;22;ÝZMÝR;MENEMEN;13.12.2013;Evet;;933;1467;;3;;;521;521
VALÝYOLU IÐDIR M MÝGROS;KARADENÝZ/KUZEYD.AND;1;MÝGROS;5;SERVÝS REYONLU M;4136;39.92687684;44.03491102;Topçular Mah. Vali Konaðý Cad. No:59/A;76;0;IÐDIR;MERKEZ;19.12.2013;Hayýr;;616;1071;;;;;522;522
MJET KEMER ARSLANBUCAK;BATI AKDENÝZ;230;MJET;9;M-JET;4138;36.592778;30.528333;Arslanbucak Mah.Cummhuriyet Bulv.No:119;7;10;ANTALYA;KEMER;27.12.2013;Hayýr;;219;278;;;;;523;523
MJET SAPANCA ADAPAZARI;GÜNEY MARMARA;230;MJET;9;M-JET;4140;40.68997;30.260092;Çayiçi Mh Ýzmir Cd No 2;54;11;SAKARYA;SAPANCA;25.12.2013;Hayýr;;334;655;;;3292;;524;524
MJET KARAMAN ADAPAZARI;GÜNEY MARMARA;230;MJET;9;M-JET;4141;40.856628;30.331535;Karaman Mahallesi Asýr Caddesi No:61;54;13;SAKARYA;ADAPAZARI;31.12.2013;Hayýr;;320;1096;;;3197;;525;525
BEYLÝKDÜZÜ CADDE MM MÝGROS;BATI MARMARA;1;MÝGROS;2;MM;4142;41.01607492;28.65212528;Cumhuriyet Mh Hürriyet Cd No 13;34;38;ÝSTANBUL;ESENYURT;7.02.2014;Hayýr;;757;1020;;;;;526;526
NEXT LEVEL ANKARA MACROCENTER;ÝÇ ANADOLU;4;MACROCENTER;9;MACROCENTER;4143;39.911476;32.812771;Kýzýlýrmak Mah.Dumlupýnar Bulv. No 3/C1;6;2;ANKARA;ÇANKAYA;17.01.2014;Evet;;620;895;;;;;527;527
MJET BAÐLARALTI;GÜNEY MARMARA;230;MJET;9;M-JET;4144;40.183523;29.138221;Baðlaraltý Mh 419 Sk No 2/4;16;3;BURSA;YILDIRIM;30.12.2013;Hayýr;;278;406;;;3841;;528;528
MJET MELÝKGAZÝ KAYSERÝ;ÝÇ ANADOLU;230;MJET;9;M-JET;4149;38.719035;35.505065;Köþk Mh Köþk Cd No 63/A;38;2;KAYSERÝ;MELÝKGAZÝ;31.01.2014;Hayýr;;345;1152;;;3673;;529;529
AKASYA ÝSTANBUL MACROCENTER;DOÐU MARMARA;4;MACROCENTER;9;MACROCENTER;4151;41.001861;29.054675;Acýbadem Mah.Çeçen Sok.No:120;34;26;ÝSTANBUL;ÜSKÜDAR;6.03.2014;Evet;;1505;1870;;3;;;530;530
MJET BEÞÝKTAÞ BARBAROS;BATI MARMARA;230;MJET;9;M-JET;4152;41.04494;29.007015;Cihannuma Mh Barbaros Blv No 47/B D 7;34;7;ÝSTANBUL;BEÞÝKTAÞ;28.01.2014;Hayýr;;100;128;;;;;531;531
KIRKLARELÝ BULVAR M MÝGROS;BATI MARMARA;1;MÝGROS;6;SELF SERVÝS M;4155;41.731555;27.223718;Karacaibrahim Mah. Dereüstü Sok. No:23/Z1;39;0;KIRKLARELÝ;MERKEZ;14.02.2014;Hayýr;;405;674;;59;;;532;532
MJET KIRIKKALE ÜNÝVERSÝTE;ÝÇ ANADOLU;230;MJET;9;M-JET;4156;39.8727473;33.45783149;Yeniþehir Mh Yurtkur Cd Ayýþýðý Apt No 22;71;8;KIRIKKALE;YAHÞÝHAN;21.02.2014;Hayýr;;224;551;;59;;;533;533
ORMANADA MACROCENTER;BATI MARMARA;4;MACROCENTER;9;MACROCENTER;4157;41.212801;29.038586;Kilyos Cad. No:246 B.19/1 Uskumruköy Mah;34;22;ÝSTANBUL;SARIYER;14.02.2014;Evet;;500;1075;;;;;534;534
MJET SIHHÝYE MEYDANI ESKÝÞEHÝR;ÝÇ ANADOLU;230;MJET;9;M-JET;4158;39.78770188;30.51768751;Bahçelievler Mah.Sakarya 2.Cad.No:101;26;14;ESKÝÞEHÝR;TEPEBAÞI;21.02.2014;Hayýr;;253;512;;;;;535;535
MJET SAMSUN GAZÝ;KARADENÝZ/KUZEYD.AND;230;MJET;9;M-JET;4159;41.284321;36.338554;Karadeniz Mh Gazi Cd No 133;55;17;SAMSUN;ÝLKADIM;26.02.2014;Hayýr;;200;480;;;;;536;536
HALKALI SOYAK OLÝMPÝAKENT MM;BATI MARMARA;1;MÝGROS;2;MM;4160;41.05049714;28.77889015;Atakent Mah.Prof Aziz Ergin Cad.Teraspart Tic.Mer.;34;19;ÝSTANBUL;KÜÇÜKÇEKMECE;17.04.2014;Hayýr;;1184;1393;;59;;;537;537
BÝAPORT BURSA MM MÝGROS;GÜNEY MARMARA;1;MÝGROS;2;MM;4161;40.22013693;28.91531252;Ahmet Taner Kýþlalý Cd Biaport E Blok;16;1;BURSA;NÝLÜFER;14.03.2014;Evet;;985;1408;;59;;;538;538
MARKANTALYA MM MÝGROS;BATI AKDENÝZ;1;MÝGROS;2;MM;4162;36.89272024;30.70332992;Tahýlpazarý Mah.Þarampol Cad.Markantalya AVM No:84;7;19;ANTALYA;MURATPAÞA;21.03.2014;Hayýr;;874;1359;;59;;;539;539
ÞEKERPINAR GEBZE MM MÝGROS;DOÐU MARMARA;1;MÝGROS;2;MM;4163;40.855451;29.396859;Þekerpýnar Mh Muhsin Yazýcýoðlu Cd No 43;41;8;KOCAELÝ;ÇAYIROVA;28.03.2014;Hayýr;;931;1456;;59;;;540;540
ÝNÖNÜ ÜNÝVERSÝTESÝ MALATYA M;DOÐU/G.DOÐU ANADOLU;1;MÝGROS;6;SELF SERVÝS M;4164;38.3389;38.4257;Yeni Mah.Kalyon Cad Güldamlasý Sok No 6 Z 1;44;4;MALATYA;BATTALGAZÝ;27.03.2014;Hayýr;;373;603;;59;;;541;541
MJET BODRUM KIZILAÐAÇ;GÜNEY EGE;230;MJET;9;M-JET;4165;37.04156797;27.4809786;Kýzýlaðaç Mah. Ata Cad. No:46/1-2-3-4-5;48;1;MUÐLA;BODRUM;12.06.2014;Hayýr;;112;225;;59;;;542;542
MJET GÜMÜÞSUYU;BATI MARMARA;230;MJET;9;M-JET;4166;41.03621809;28.98949168;Gümüþsuyu Mah Ýnönü Cd No 51/A;34;9;ÝSTANBUL;BEYOÐLU;4.04.2014;Hayýr;;123;243;;59;;;543;543
SELWAY AVM ÝZMÝR M MÝGROS;KUZEY EGE;1;MÝGROS;6;SELF SERVÝS M;4167;38.376;27.0753;Çetin Emeç Mh Novada Outlet Balçova AVM B Blok;35;1;ÝZMÝR;BALÇOVA;11.04.2014;Hayýr;;925;1313;;;;;544;544
MJET ÞEKERPINAR DEPO;DOÐU MARMARA;230;MJET;9;M-JET;4169;40.87382935;29.39720929;Þekerpýnar Mh Otomotiv Cd No 5;41;8;KOCAELÝ;ÇAYIROVA;1.04.2014;Hayýr;;67;72;;;;;545;545
MJET KURÞUNLU BURSA;GÜNEY MARMARA;230;MJET;9;M-JET;4170;40.36132053;29.02365426;Kurþunlu Mah.Ýskele Cad.No:7;16;5;BURSA;GEMLÝK;9.05.2014;Hayýr;;158;234;Evet;;;;546;546
MJET BOSTANCI;DOÐU MARMARA;230;MJET;9;M-JET;4171;40.956822;29.096797;Bostancý Mh Prof. Ali Nihat Tarlan Cd;34;16;ÝSTANBUL;KADIKÖY;11.04.2014;Hayýr;;110;171;;;;;547;547
ÇERKEZKÖY M MÝGROS;BATI MARMARA;1;MÝGROS;6;SELF SERVÝS M;4172;41.292028;28.001275;Gazi Mustafa Paþa Mah.Öztrak Cad.No:74;59;1;TEKÝRDAÐ;ÇERKEZKÖY;25.04.2014;Hayýr;;388;591;;;;;548;548
NOVADA TOKAT MMM MÝGROS;KARADENÝZ/KUZEYD.AND;1;MÝGROS;3;MMM;4174;40.330323;36.552034;Yeþilýrmak Mah Vali Zekai Gümüþdiþ Bulvarý No:3;60;0;TOKAT;MERKEZ;30.04.2014;Evet;;1629;2153;;;;;549;549
MJET DATÇA AKTUR SAHÝL;GÜNEY EGE;230;MJET;9;M-JET;4176;36.75577053;27.88896557;Emecik Mah. Aktur Sokak NO:942;48;3;MUÐLA;DATÇA;27.05.2014;Hayýr;;91;107;Evet;;;;550;550
MJET DATÇA AKTUR KURUCABÜK;GÜNEY EGE;230;MJET;9;M-JET;4177;36.7563424;27.90964618;Emecik Mah. Aktur Sok. NO:935;48;3;MUÐLA;DATÇA;10.06.2014;Hayýr;;55;64;Evet;;;;551;551
MJET MARMARÝS SELÝMÝYE;GÜNEY EGE;230;MJET;9;M-JET;4178;36.70582053;28.09414208;Buruncuk mevkii Selimiye köyü No: 32/A;48;7;MUÐLA;MARMARÝS;15.05.2014;Hayýr;;197;256;;59;;;552;552
KUÞADASI ÇEVREYOLU M MÝGROS;GÜNEY EGE;1;MÝGROS;5;SERVÝS REYONLU M;4181;37.86965012;27.27473127;Türkmen Mah. Turgut Özal Bulvarý No:83/B;9;11;AYDIN;KUÞADASI;16.05.2014;Hayýr;;775;1159;;59;;;553;553
MJET SARIYER CADDE;BATI MARMARA;230;MJET;9;M-JET;4182;41.16858819;29.05615526;Merkez mah. Þehit Mithat Yýlmaz cad. No:30/A;34;22;ÝSTANBUL;SARIYER;25.04.2014;Hayýr;;99;121;;;;;554;554
MJET KARAMÜRSEL KOCAELÝ;DOÐU MARMARA;230;MJET;9;M-JET;4184;40.696488;29.621992;Tabakhane mah.Plaj yolu cad.No:71 Ýçkapý:1;41;4;KOCAELÝ;KARAMÜRSEL;7.05.2014;Hayýr;;262;387;;;;;555;555
KIRIKKALE PODÝUM MM MÝGROS;ÝÇ ANADOLU;1;MÝGROS;2;MM;4185;39.855843;33.482723;Erenler mah. Baðdat cad. No:6;71;8;KIRIKKALE;YAHÞÝHAN;9.05.2014;Evet;;1035;1268;;59;;;556;556
MJET KALAMIÞ;DOÐU MARMARA;230;MJET;9;M-JET;4186;40.973888;29.0415;Fener Kalamýþ cad. Uzunal apt. No:90/A;34;16;ÝSTANBUL;KADIKÖY;6.05.2014;Hayýr;;145;232;;;;;557;557
MJET ALTINOLUK AVCILAR;KUZEY EGE;230;MJET;9;M-JET;4188;39.56890424;26.81596256;AVCILAR MH. 4169 SK. NO: 2 A;10;7;BALIKESÝR;EDREMÝT;16.05.2014;Hayýr;;213;478;;;;;558;558
5M MALL OF;BATI MARMARA;185;5M;191;5M;4190;41.06222759;28.80691573;Ziya Gökalp mah.Süleyman Demiral cad. No:7;34;35;ÝSTANBUL;BAÞAKÞEHÝR;23.05.2014;Evet;;3541;4772;;1,3;;;559;559
MJET ALANYA SARAY;BATI AKDENÝZ;230;MJET;9;M-JET;4191;36.55042958;31.98925508;saray mah. Yunus Emre cad. No:48/A;7;2;ANTALYA;ALANYA;7.05.2014;Hayýr;;165;238;;;;;560;560
MERSÝN 34.CADDE M MÝGROS;DOÐU AKDENÝZ;1;MÝGROS;5;SERVÝS REYONLU M;4193;36.77744778;34.54704292;Çiftlikköy mah.Ýstemhan Talay cad.Asil-1apt.;33;13;MERSÝN;YENÝÞEHÝR;12.05.2014;Hayýr;;535;1171;;59;;;561;561
MARDÝN MÝDYAT M MÝGROS;DOÐU/G.DOÐU ANADOLU;1;MÝGROS;5;SERVÝS REYONLU M;4195;37.42211057;41.3466791;Bahçelievler Mah.Cumhuriyet Bulv.25.Sok.No:80;47;5;MARDÝN;MÝDYAT;15.05.2014;Hayýr;;274;600;;;;;562;562
5M KUÞADASI;GÜNEY EGE;185;5M;191;5M;4196;37.80956852;27.27720249;Yavansu mah.Karaova Sok. Kuþadasý Avm G Blok;9;11;AYDIN;KUÞADASI;13.06.2014;Evet;;3417;5266;;1,2,3;;;563;563
ALANYA OKURCALAR M MÝGROS;BATI AKDENÝZ;1;MÝGROS;6;SELF SERVÝS M;4197;36.65462208;31.67538741;Karaburun Mah.Aplaslan Türkeþ Bulvarý No:268-A;7;2;ANTALYA;ALANYA;16.05.2014;Hayýr;;459;726;;;;;564;564
MJET AKÇAY SARIKIZ;KUZEY EGE;230;MJET;9;M-JET;4198;39.58010352;26.93156715;SARIKIZ MH. SAKARYA CD. NO: 66A;10;7;BALIKESÝR;EDREMÝT;13.06.2014;Hayýr;;230;497;;;;;565;565
EÐÝRDÝR SAHÝL M MÝGROS;BATI AKDENÝZ;1;MÝGROS;5;SERVÝS REYONLU M;4199;37.87881791;30.82412798;Ýstasyon Mah. Ýstansyon Cad.No:14/3;32;3;ISPARTA;EÐÝRDÝR;22.05.2014;Hayýr;;262;325;;;;;566;566
SERRACÝTY AVM ERZURUM M MÝGROS;KARADENÝZ/KUZEYD.AND;1;MÝGROS;6;SELF SERVÝS M;4200;39.90568596;41.26971309;Murat Paþa Mahallesi Cumhuriyet Caddesi No:22/5;25;21;ERZURUM;YAKUTÝYE;28.05.2014;Hayýr;;700;1100;;59;;;567;567
FETHÝYE ERASTAPARK AVM MMM;GÜNEY EGE;1;MÝGROS;3;MMM;4201;36.62262333;29.1322063;Taþyaka Mah. Ölüdeniz Cad. No:14;48;4;MUÐLA;FETHÝYE;13.06.2014;Hayýr;;1570;1938;;3;;;568;568
TURGUTREÝS SAHÝL M MÝGROS;GÜNEY EGE;1;MÝGROS;6;SELF SERVÝS M;4204;36.99906619;27.25975279;Turgutreis Mah. G.M.K Bulvarý No:91/1;48;1;MUÐLA;BODRUM;4.06.2014;Hayýr;;545;1127;;;;;569;569
MJET TURGUTREÝS BAHÇELÝEVLER;GÜNEY EGE;230;MJET;9;M-JET;4205;37.01132964;27.2636404;Turgutreis Mahallesi, Zeyyat Mandalinci Cad.No:8/2;48;1;MUÐLA;BODRUM;4.06.2014;Hayýr;;255;371;;;;;570;570
5M DÝYARBAKIR;DOÐU/G.DOÐU ANADOLU;185;5M;191;5M;4206;37.92778492;40.17100433;Fýrat Mah.Urfa Bul.Ceylan Karavil AVM No:130/Z1;21;15;DÝYARBAKIR;KAYAPINAR;18.06.2014;Evet;;3684;5373;;;;;571;571
MJET HURMA ALTINYAKA;BATI AKDENÝZ;230;MJET;9;M-JET;4207;36.85932232;30.60577748;Hurma Mh. Boðaçayý Cd. No:82 A-B;7;18;ANTALYA;KONYAALTI;28.05.2014;Hayýr;;176;280;;59;;;572;572
MJET BEYSUKENT ANKARA;ÝÇ ANADOLU;230;MJET;9;M-JET;4209;39.892689;32.721325;2037 Cadde (12.Cadde) Pllanlamacýlar Sitesi No:17;6;2;ANKARA;ÇANKAYA;6.06.2014;Hayýr;;281;1215;;;1065;;573;573
MJET ÞÝRÝNTEPE ESKÝÞEHÝR;ÝÇ ANADOLU;230;MJET;9;M-JET;4212;39.796111;30.490555;Þirintepe Mah.Yaylapýnar Cad.No:82/A;26;14;ESKÝÞEHÝR;TEPEBAÞI;6.06.2014;Hayýr;;386;1030;;;4046;;574;574
MJET DÝDÝM YALI;GÜNEY EGE;230;MJET;9;M-JET;4214;37.35698813;27.2897347;Altýnkum Mah.76 Sok. No:24/A;9;4;AYDIN;DÝDÝM;30.05.2014;Hayýr;;153;276;Evet;;;;575;575
MJET KARS;KARADENÝZ/KUZEYD.AND;230;MJET;9;M-JET;4215;40.606486;43.0955;Ortakapý Mah. Atatürk Cad. No:143;36;0;KARS;MERKEZ;4.06.2014;Hayýr;;347;1495;;;1076;;576;576
MJET ÞARKÖY SAHÝL TEKÝRDAÐ;BATI MARMARA;230;MJET;9;M-JET;4218;40.615732;27.139948;Cumhuriyet Mah.17 Kasým Cad.NO:105;59;8;TEKÝRDAÐ;ÞARKÖY;6.06.2014;Hayýr;;216;282;;;;;577;577
MJET KUMCAÐIZ PLAJ KOCAELÝ;DOÐU MARMARA;230;MJET;9;M-JET;4219;41.15901259;30.22444883;Kurtyeriköyü Mah.Yavuz Sok.No:1 Yelken Sitesi;41;3;KOCAELÝ;KANDIRA;6.06.2014;Hayýr;;137;167;Evet;;;;578;578
MJET BALIKESÝR YENÝYOL;GÜNEY MARMARA;230;MJET;9;M-JET;4221;39.656055;27.891347;Ali Hikmet Paþa Mahallesi Ömer Alibey Cad. No:37/B;10;20;BALIKESÝR;KARESÝ;5.06.2014;Hayýr;;330;475;;;3927;;579;579
MJET UÞAK ÝSTASYON;KUZEY EGE;230;MJET;9;M-JET;4222;38.664524;29.402563;Cumhuriyet Mah. Mehmet Topaç Bul. No:198/A;64;0;UÞAK;MERKEZ;14.06.2014;Hayýr;;360;1077;;;3274;;580;580
MJET ÇEKMEKÖY MY COUNTRY;DOÐU MARMARA;230;MJET;9;M-JET;4224;41.027897;29.191318;Hamidiye Mah.Barýþ Yolu NO:2 Aðaoðlu My Country;34;37;ÝSTANBUL;ÇEKMEKÖY;10.06.2014;Hayýr;;225;880;;;3258;;581;581
PENDÝK ÝSTASYON MM MÝGROS;DOÐU MARMARA;1;MÝGROS;2;MM;4225;40.879175;29.236164;Doðu Mah.Deðerli Sok Ark Apt.NO:13/C;34;21;ÝSTANBUL;PENDÝK;19.06.2014;Hayýr;;689;972;;;;;582;582
ALTINOVA TEKÝRDAÐ M MÝGROS;BATI MARMARA;1;MÝGROS;6;SELF SERVÝS M;4227;40.940923;27.486119;Altýnova Mahallesi Gazi Hasan Paþa Cad.No:130/Z1;59;11;TEKÝRDAÐ;SÜLEYMANPAÞA;20.06.2014;Hayýr;;345;577;;;;;583;583
MJET DÝYARBAKIR OFÝS;DOÐU/G.DOÐU ANADOLU;230;MJET;9;M-JET;4228;37.915833;40.220555;Kooperatifler Mahallesi Kurtismailpaþa Cad.3.Sokak;21;17;DÝYARBAKIR;YENÝÞEHÝR;13.06.2014;Hayýr;;236;483;;;3938;;584;584
MJET KADRÝYE;BATI AKDENÝZ;230;MJET;9;M-JET;4229;36.88723776;31.00731456;Kadriye Mah.Atatürk Cad.No:153/1;7;14;ANTALYA;SERÝK;20.06.2014;Hayýr;;183;596;;;;;585;585
TOPTAN MURATPAÞA ANTALYA;BATI AKDENÝZ;231;TOPTAN SATIÞ;230;TOPTAN SATIÞ;4232;36.908005;30.77101;Yenigöl Mah.Serik Cad.Dýþ Kapý NO:28/A A BLOK;7;19;ANTALYA;MURATPAÞA;10.07.2014;Hayýr;;555;1545;;;;;586;586
MJET ÖZLÜCE BURSA;GÜNEY MARMARA;230;MJET;9;M-JET;4234;40.221002;28.915737;Eryuðrul Mah.401 Sokak No:17 A Blok 17 AA-17 AB;16;1;BURSA;NÝLÜFER;23.06.2014;Hayýr;;273;702;;;3849;;587;587
MJET MARMARA ADASI MERKEZ;GÜNEY MARMARA;230;MJET;9;M-JET;4235;40.58668742;27.55633175;Hürriyet Mahallesi Dere Sokak Kerem Kuzu Sitesi;10;15;BALIKESÝR;MARMARA;20.06.2014;Hayýr;;136;270;;;;;588;588
MJET BOR ARMUTLU NÝÐDE;DOÐU AKDENÝZ;230;MJET;9;M-JET;4236;37.900884;34.563616;Armutlu Mah.Alparslan Türkeþ Bulv.No:53/A;51;2;NÝÐDE;BOR;21.06.2014;Hayýr;;375;1281;;;3682;;589;589
MJET EREÐLÝ KONYA;ÝÇ ANADOLU;230;MJET;9;M-JET;4237;37.506636;34.056775;Kazancý Mah.Ýnönü Cad.No:9;42;17;KONYA;EREÐLÝ;27.06.2014;Hayýr;;293;1907;;;3512;;590;590
MJET BÜYÜKÇEKMECE MEYDAN;BATI MARMARA;230;MJET;9;M-JET;4238;41.024508;28.585887;19 Mayýs Mah.Osmangazi Cad.Günyüzü Konutlarý;34;28;ÝSTANBUL;BÜYÜKÇEKMECE;12.06.2014;Hayýr;;313;640;;;3365;;591;591
BURHANÝYE PELÝTKÖY M MÝGROS;KUZEY EGE;1;MÝGROS;5;SERVÝS REYONLU M;4239;39.47370228;26.86899918;Pelitköy Mah. Yalý Meydaný No:1/1;10;5;BALIKESÝR;BURHANÝYE;27.06.2014;Hayýr;;495;700;;59;;;592;592
MJET GÜNGÖREN ÇAMLIKAHVE;BATI MARMARA;230;MJET;9;M-JET;4240;41.015;28.8624;Güngören Mareþal Çakmak Mah.Baðcýlar Cad.No:114;34;15;ÝSTANBUL;GÜNGÖREN;16.06.2014;Hayýr;;196;650;;13;3516;;593;593
MJET TAÞUCU MERSÝN;DOÐU AKDENÝZ;230;MJET;9;M-JET;4241;36.31921292;33.87990171;Taþucu Mah.Ýsmet Ýnönü Cad.No:11;33;8;MERSÝN;SÝLÝFKE;26.06.2014;Hayýr;;127;271;;;;;594;594
MJET ARPAÇBAHÞÝÞ MERSÝN;DOÐU AKDENÝZ;230;MJET;9;M-JET;4242;36.63959791;34.3606221;Arpaçbahþiþ Mah.203.Cadde No:17/A;33;5;MERSÝN;ERDEMLÝ;24.06.2014;Hayýr;;255;330;Evet;;;;595;595
MJET YURT ADANA;DOÐU AKDENÝZ;230;MJET;9;M-JET;4243;37.041827;35.284674;Yurt Mah.Alparslan Türkeþ Bulv.No:296/A;1;15;ADANA;ÇUKUROVA;21.06.2014;Hayýr;;337;950;;59,13;3033;;596;596
MJET KAPAKLI ÇERKEZKÖY;BATI MARMARA;230;MJET;9;M-JET;4244;41.320784;27.972951;Ýsmetpaþa Mahallesi 63. Sokak Baþak Apt. No:8A;59;10;TEKÝRDAÐ;KAPAKLI;20.06.2014;Hayýr;;270;650;;;3289;;597;597
BUCAK M MÝGROS;BATI AKDENÝZ;1;MÝGROS;6;SELF SERVÝS M;4245;37.456464;30.591803;Oðuzhan Mah. Hoca Ahmet Yesevi Bulv. No:9/Z1;15;3;BURDUR;BUCAK;28.11.2014;Hayýr;;359;1038;;;;;598;598
MJET KÜÇÜKYALI 63;DOÐU MARMARA;230;MJET;9;M-JET;4246;40.94925;29.10598;Küçükyalý Mah.Baðdat Cad.No:117/A;34;20;ÝSTANBUL;MALTEPE;24.06.2014;Hayýr;;194;273;;;;;599;599
MJET ÇORLU AYDINEVLER;BATI MARMARA;230;MJET;9;M-JET;4247;41.154577;27.811064;Baðiçi Sok.No:57-59;59;2;TEKÝRDAÐ;ÇORLU;27.06.2014;Hayýr;;195;590;;;;;600;600
GÝRNE AYDIN M MÝGROS;GÜNEY EGE;1;MÝGROS;6;SELF SERVÝS M;4249;37.85735155;27.82384165;Girne Mahallesi Turgut Özal Bulvarý 7/A;9;17;AYDIN;EFELER;27.06.2014;Hayýr;;335;614;;;;;601;601
MJET BODRUM GÜMBET;GÜNEY EGE;230;MJET;9;M-JET;4252;37.03817267;27.41065208;Eskiçeþme Mah Sadi Irmak Cad.NO:9;48;1;MUÐLA;BODRUM;2.07.2014;Hayýr;;115;253;;;;;602;602
MAÞUKÝYE KOCAELÝ MM MÝGROS;DOÐU MARMARA;1;MÝGROS;2;MM;4253;40.70408895;30.14017884;Maþukiye Mah.Sapanca Cad.No:696;41;12;KOCAELÝ;KARTEPE;11.07.2014;Hayýr;;700;876;;3;;;603;603
MJET TEKÝROVA KEMER;BATI AKDENÝZ;230;MJET;9;M-JET;4255;36.49792372;30.52842696;Tekirova Mah 7025 Sokak  No: 4;7;10;ANTALYA;KEMER;3.07.2014;Hayýr;;189;429;;;;;604;604
NÝLÜFER CADDE M MÝGROS;GÜNEY MARMARA;1;MÝGROS;6;SELF SERVÝS M;4257;40.21293145;28.98171747;Ýhsaniye Mh Barbaros Cd NO:20B/A-B-C-D No:4;16;1;BURSA;NÝLÜFER;18.07.2014;Hayýr;;475;791;;;;;605;605
MJET BOZÜYÜK ÇARÞI;GÜNEY MARMARA;230;MJET;9;M-JET;4258;39.90623454;30.03913939;Yeni Mahelle Ýsmet Ýnönü Cad No:19/B;11;1;BÝLECÝK;BOZÜYÜK;11.07.2014;Hayýr;;159;305;;;;;606;606
KUÞADASI ÇARÞI M MÝGROS;GÜNEY EGE;1;MÝGROS;6;SELF SERVÝS M;4261;37.85760249;27.26414646;Cumhuriyet Mah. Candan Tarhan Bulvarý No:21/A;9;11;AYDIN;KUÞADASI;25.07.2014;Hayýr;;543;802;;;;;607;607
KARAAÐAÇ ARSUZ HATAY M MÝGROS;DOÐU AKDENÝZ;1;MÝGROS;5;SERVÝS REYONLU M;4279;36.57155745;36.13440643;Karaaðaç Övündük Mahallesi Uður Mumcu 9 Cad B Blok;31;13;HATAY;ARSUZ;24.07.2014;Hayýr;;593;833;;59;;;608;608
MJET KARADENÝZ EREÐLÝ ÇARÞI;ÝÇ ANADOLU;230;MJET;9;M-JET;4280;41.28212537;31.42350228;Baðlýk Mah.Suphi Konak Cad.No:38/B;67;4;ZONGULDAK;EREÐLÝ;18.07.2014;Hayýr;;201;400;;;;;609;609
TOPTAN CAFERAÐA;DOÐU MARMARA;231;TOPTAN SATIÞ;230;TOPTAN SATIÞ;4281;40.98967;29.02286;Caferaða Mah.Neþet Ömer Sok.No:3/D;34;16;ÝSTANBUL;KADIKÖY;25.07.2014;Hayýr;;526;632;;;;;610;610
MJET BURHANÝYE ÖREN;KUZEY EGE;230;MJET;9;M-JET;4282;39.49807769;26.94000239;Ören Mah.Enver Güreli Cad.No:158;10;5;BALIKESÝR;BURHANÝYE;18.07.2014;Hayýr;;102;144;;;;;611;611
MJET DENÝZLÝ ÝSTÝKLAL;GÜNEY EGE;230;MJET;9;M-JET;4283;37.7694828;29.0929718;Fesleðen Mah.Ýstiklal Cad. No:70/A;20;19;DENÝZLÝ;PAMUKKALE;25.07.2014;Hayýr;;220;443;;;;;612;612
GAZÝPAÞA M MÝGROS;BATI AKDENÝZ;1;MÝGROS;5;SERVÝS REYONLU M;4285;36.269469;32.316931;Ýstiklal Mah. Þehit  Kd.Üst. Çvþ.Süleyman Gür Bulv;7;5;ANTALYA;GAZÝPAÞA;30.12.2014;Hayýr;;449;939;;;;;613;613
YALVAÇ ISPARTA M MÝGROS;BATI AKDENÝZ;1;MÝGROS;6;SELF SERVÝS M;4287;38.29386769;31.17793112;Pazaraþaðý Mah.Uluyol Cad.NO:32/1A;32;11;ISPARTA;YALVAÇ;15.08.2014;Hayýr;;422;759;;;;;614;614
SERÝK M MÝGROS;BATI AKDENÝZ;1;MÝGROS;6;SELF SERVÝS M;4289;36.915597;31.097317;Merkez Mah.2143.Sok. No:4/A;7;14;ANTALYA;SERÝK;23.12.2014;Hayýr;;383;1030;;;;;615;615
MJET ANKARA FARABÝ;ÝÇ ANADOLU;230;MJET;9;M-JET;4294;39.896546;32.859506;Çankaya Mah Farabi Sokak 16/A;6;2;ANKARA;ÇANKAYA;25.07.2014;Hayýr;;150;268;;;;;616;616
MJET ANKARA SOKULLU;ÝÇ ANADOLU;230;MJET;9;M-JET;4295;39.892228;32.836614;Sokullu Mehmet Paþa Mah.Sokullu Mehmet Paþa Cad;6;2;ANKARA;ÇANKAYA;25.07.2014;Hayýr;;183;314;;;;;617;617
RÝNGS AVM SANCAKTEPE MM MÝGROS;DOÐU MARMARA;1;MÝGROS;2;MM;4296;40.974098;29.240606;Akpýnar Mah Kanuni Cad.NO:6;34;39;ÝSTANBUL;SANCAKTEPE;12.09.2014;Evet;;1153;2011;;;;;618;618
MJET DATÇA KARAÝNCÝR;GÜNEY EGE;230;MJET;9;M-JET;4297;36.76522308;27.79823345;Emecik Mah. Emecik Sokak No:358-1 Karaincir;48;3;MUÐLA;DATÇA;25.07.2014;Hayýr;;131;189;;;;;619;619
MJET BAYRAMPAÞA PO ÝSTASYON;BATI MARMARA;230;MJET;255;MJET-ÝSTASYON;4300;41.02800844;28.91672838;Maltepe Mah.Topkapý Maltepe Cad.No:5/A;34;27;ÝSTANBUL;ZEYTÝNBURNU;25.07.2014;Hayýr;;136;150;;59;;;620;620
METRO GARDEN AVM MM MÝGROS;DOÐU MARMARA;1;MÝGROS;2;MM;4301;41.015065;29.179773;Necip Fazýl Mh. Alemdað Cad.No:940 Bð.Brm.No:18-19;34;25;ÝSTANBUL;ÜMRANÝYE;4.09.2014;Hayýr;;1110;1665;;59;;;621;621
ELAZIÐ ATAÞEHÝR M MÝGROS;DOÐU/G.DOÐU ANADOLU;1;MÝGROS;5;SERVÝS REYONLU M;4302;38.657778;39.162778;Ataþehir Mah.MUHARÝRLER Sok.NO:26;23;0;ELAZIÐ;MERKEZ;26.09.2014;Hayýr;;553;853;;;;;622;622
MJET ÇAMYUVA KEMER;BATI AKDENÝZ;230;MJET;9;M-JET;4308;36.562222;30.561111;Merkez Mah.Ahmet Can Cad.NO:4A/Z1-Z2-Z3-Z4;7;10;ANTALYA;KEMER;22.08.2014;Hayýr;;141;188;;;;;624;624
KIRÞEHÝR MM MÝGROS;ÝÇ ANADOLU;1;MÝGROS;2;MM;4309;39.140853;34.157567;Kuþdili Mah.Terme Cad.NO:60;40;0;KIRÞEHÝR;MERKEZ;12.09.2014;Evet;;871;1176;;59,3;;;625;625
ALSANCAK ÝZMÝR MM MÝGROS;KUZEY EGE;1;MÝGROS;2;MM;431;38.441136;27.145715;Belediye Katlý Otopark Altý Alsancak Mah.;35;8;ÝZMÝR;KONAK;16.09.1988;Evet;;1190;2270;;51,59;;;626;626
MJET ARTVÝN SARP;KARADENÝZ/KUZEYD.AND;230;MJET;9;M-JET;4310;41.4925;41.533611;Uzunyalý Mah.Dr.Alper Temur Cad.No:6;8;4;ARTVÝN;HOPA;29.08.2014;Hayýr;;234;339;;;;;627;627
MASLAK UNIQ MMM MÝGROS;BATI MARMARA;1;MÝGROS;3;MMM;4311;41.10758;29.008173;Huzur Mah.Maslak Uniq No:4;34;22;ÝSTANBUL;SARIYER;7.11.2014;Evet;;1319;2691;;;;;628;628
ÞANA TRABZON M MÝGROS;KARADENÝZ/KUZEYD.AND;1;MÝGROS;6;SELF SERVÝS M;4312;40.965556;39.838056;Kaþüstü Mah. 15 Sok No:31;61;17;TRABZON;YOMRA;5.09.2014;Hayýr;;663;845;;;;;629;629
MJET BAKIRKÖY ZUHURATBABA;BATI MARMARA;230;MJET;9;M-JET;4313;40.98257285;28.86853543;Zuhuratbaba Mah.Zuhuratbaba Cad.No:7/A;34;5;ÝSTANBUL;BAKIRKÖY;29.08.2014;Hayýr;;117;426;;;;;630;630
FOLKART ÝZMÝR M MÝGROS;KUZEY EGE;1;MÝGROS;6;SELF SERVÝS M;4318;38.45447;27.17654823;Adalet Mah. Haydar Aliyev Cad. No: 18 D-E-F;35;29;ÝZMÝR;BAYRAKLI;5.12.2014;Hayýr;;410;480;;;;;632;632
ÝSTASYON VAN MM MÝGROS;DOÐU/G.DOÐU ANADOLU;1;MÝGROS;2;MM;4319;38.5165248;43.37091313;Ýstasyon Mah. Erçiþ Yolu NO:38;65;13;VAN;TUÞBA;14.11.2014;Hayýr;;944;1297;;;;;633;633
ÇORUM SÝGORTA M MÝGROS;ÝÇ ANADOLU;1;MÝGROS;6;SELF SERVÝS M;4320;40.5378;34.9531;Gülabibey Mah. Cemilbey Cad. No:83/C;19;0;ÇORUM;MERKEZ;2.10.2014;Hayýr;;507;694;;;;;634;634
BÝNEVLER ÇORUM M MÝGROS;ÝÇ ANADOLU;1;MÝGROS;5;SERVÝS REYONLU M;4321;40.569485;34.963806;Üçtutlar Mah. Dr. Ýlhan Gürel Cad. No: 16/21;19;0;ÇORUM;MERKEZ;21.09.2015;Hayýr;;372;1122;;3;;;635;635
PRÝME MALL GAZÝANTEP MM MÝGROS;DOÐU AKDENÝZ;1;MÝGROS;2;MM;4323;37.052222;37.319722;Osmangazi Mh.Prof.Dr.Necmettin Erbakan Cd.;27;2;GAZÝANTEP;ÞEHÝTKAMÝL;1.10.2014;Hayýr;;1508;3050;;59;;;636;636
SÝNANOBA ÝSTANBUL M MÝGROS;BATI MARMARA;1;MÝGROS;5;SERVÝS REYONLU M;4324;40.996396;28.53981494;Mimarsinan Batýköy mh.MustafaKemal Blv.74 Nolu cad;34;28;ÝSTANBUL;BÜYÜKÇEKMECE;28.04.2015;Hayýr;;498;606;;59;;;637;637
KULEPARK KARABÜK MM MÝGROS;ÝÇ ANADOLU;1;MÝGROS;2;MM;4325;41.205595;32.621015;Ergenekon Mah. Nilüfer Sok. Kulepark No: 2/B104;78;0;KARABÜK;MERKEZ;19.12.2014;Evet;;972;1319;;59;;;638;638
BALAT TURKUAZ BURSA MM MÝGROS;GÜNEY MARMARA;1;MÝGROS;2;MM;4326;40.26591153;28.93918688;Ahmet Yesevi Cad.Sapanca Sok.No:4C/A;16;1;BURSA;NÝLÜFER;3.09.2015;Hayýr;;955;1230;;59;;;639;639
MJET SAMSUN LÝMAN;KARADENÝZ/KUZEYD.AND;230;MJET;9;M-JET;4327;41.303327;36.330151;Liman Mah.Gençlik Cad.No:9;55;17;SAMSUN;ÝLKADIM;12.09.2014;Hayýr;;237;308;;;;;640;640
MJET SAMSUN TOPTEPE;KARADENÝZ/KUZEYD.AND;230;MJET;9;M-JET;4328;41.264194;36.371161;Toptepe Mah. Kayaaltý Sok. No:7/2;55;16;SAMSUN;CANÝK;19.12.2014;Hayýr;;221;230;;;;;641;641
KÜLTÜR SÝTESÝ MANÝSA M MÝGROS;KUZEY EGE;1;MÝGROS;6;SELF SERVÝS M;433;38.61492;27.42824;Yarhasanlar Mahallesi Konuk Caddesi No:52/B;45;16;MANÝSA;ÞEHZADELER;8.06.1990;Hayýr;;295;450;;59;;;642;642
TOPTAN KIRAÇ;BATI MARMARA;231;TOPTAN SATIÞ;230;TOPTAN SATIÞ;4331;41.035151;28.622473;Çakmaklý Mah.Hitit Sok.No:2/A;34;28;ÝSTANBUL;BÜYÜKÇEKMECE;26.09.2014;Hayýr;;750;1000;;;;;643;643
MJET KARÞIYAKA ÞEMÝKLER MEYDAN;KUZEY EGE;230;MJET;9;M-JET;4332;38.47053622;27.09445393;Þemikler Mahallesi 1671 Sokak No: 376/1;35;7;ÝZMÝR;KARÞIYAKA;16.09.2014;Hayýr;;216;329;;;;;644;644
BELEK M MÝGROS;BATI AKDENÝZ;1;MÝGROS;5;SERVÝS REYONLU M;4334;36.86513613;31.05684541;Belek Mah.25.Sok.No:7;7;14;ANTALYA;SERÝK;12.09.2014;Hayýr;;396;511;;59;;;645;645
MJET BEÞÝKTAÞ YILDIZ;BATI MARMARA;230;MJET;9;M-JET;4340;41.051385;29.007813;Dikilitaþ Mah. Yenidoðan Sok NO:1A D:4-5;34;7;ÝSTANBUL;BEÞÝKTAÞ;19.09.2014;Hayýr;;142;189;;59;;;646;646
MJET MAVÝ TARIM PO ÝSTASYON;DOÐU AKDENÝZ;230;MJET;255;MJET-ÝSTASYON;4343;37.011111;35.288889;Pýnar Mah. Ali Bozdoðanoðlu Bulv.No:2;1;1;ADANA;SEYHAN;24.09.2014;Hayýr;;53;59;;;;;647;647
MJET FERÝKÖY BARUTHANE ÞÝÞLÝ;BATI MARMARA;230;MJET;9;M-JET;4347;41.05289448;28.97980103;Baruthane  Cad. Duatepe Mah.No:106 A Feriköy;34;23;ÝSTANBUL;ÞÝÞLÝ;22.10.2014;Hayýr;;114;146;;;;;648;648
MJET GEMLÝK ÇARÞI BURSA;GÜNEY MARMARA;230;MJET;9;M-JET;4348;40.4290285;29.1567887;Hamidiye Mah.Orhangazi Cad.NO:7/B;16;5;BURSA;GEMLÝK;14.11.2014;Hayýr;;161;303;;;;;649;649
KARÞIYAKA ÝZMÝR M MÝGROS;KUZEY EGE;1;MÝGROS;5;SERVÝS REYONLU M;435;38.45608;27.11618;Donanmacý Mah 1725 Sokak. 51/A;35;7;ÝZMÝR;KARÞIYAKA;12.07.1991;Hayýr;;510;1150;;59,3;;;650;650
MJET DEMÝRTAÞ ÜRGÜN BURSA PO;GÜNEY MARMARA;230;MJET;255;MJET-ÝSTASYON;4351;40.2455813;29.08981959;Demirtaþ Beldesi Eski Yalova Yolu Tepecik Mevkii;16;2;BURSA;OSMANGAZÝ;14.10.2014;Hayýr;;60;60;;;;;651;651
ÝSKENDERUN FENER CADDESÝ M;DOÐU AKDENÝZ;1;MÝGROS;5;SERVÝS REYONLU M;4352;36.58824898;36.16220993;Cumhuriyet Mah.Ýsmet Ýnönü Cad.141 Sok No:24;31;6;HATAY;ÝSKENDERUN;28.10.2014;Hayýr;;457;1175;;59;;;652;652
DEMOKRASÝ MEYDANI DENÝZLÝ M;GÜNEY EGE;1;MÝGROS;5;SERVÝS REYONLU M;4354;37.7548757;29.0930795;Siteler Mahallesi Ýncilipýnar Cad. No:8A2/B;20;19;DENÝZLÝ;PAMUKKALE;7.11.2014;Hayýr;;472;673;;3;;;654;654
MJET ÝZMÝR DESTEK PO ÝSTASYON;KUZEY EGE;230;MJET;255;MJET-ÝSTASYON;4357;38.43062031;27.21160031;Yeliþova Mah.4174 Sokak NO:130;35;2;ÝZMÝR;BORNOVA;5.11.2014;Hayýr;;64;70;;;;;655;655
MJET MANÝSA ZORPET PO ÝSTASYON;KUZEY EGE;230;MJET;255;MJET-ÝSTASYON;4360;38.61351604;27.38028885;75.Yýl Mahallesi Mimar Sinan Bul. No:266/A;45;17;MANÝSA;YUNUSEMRE;4.11.2014;Hayýr;;151;176;;59;;;656;656
NEWÝSTA MMM MÝGROS;BATI MARMARA;1;MÝGROS;3;MMM;4362;41.01716516;28.64584224;Cumhuriyet Cad.Nazým Hikmet Bulvasý No:84;34;38;ÝSTANBUL;ESENYURT;13.02.2015;Evet;;1886;4800;;3;;;657;657
NÝSBETÝYE ON MACROCENTER;BATI MARMARA;4;MACROCENTER;9;MACROCENTER;4367;41.074119;29.016947;Nispetiye Mah. Aytar Cad.No:5-9D;34;7;ÝSTANBUL;BEÞÝKTAÞ;26.12.2014;Hayýr;;570;745;;59;;;658;658
MASLAK MM MÝGROS;BATI MARMARA;1;MÝGROS;2;MM;4368;41.116212;29.023193;Maslak Mah.AOS 38 Sokak No:350;34;22;ÝSTANBUL;SARIYER;26.12.2014;Hayýr;;617;870;;59,3;;;659;659
TOPTAN ASMERKEZ BURSA;GÜNEY MARMARA;231;TOPTAN SATIÞ;230;TOPTAN SATIÞ;4374;40.25644034;29.06068704;Demirtaþ Dumlupýnar Mah Ýstanbul Cad No:475/17-B;16;2;BURSA;OSMANGAZÝ;25.12.2014;Hayýr;;856;1100;;;3266;;660;660
PARK YÝRMÝÜÇ  AVM ELAZIÐ MM;DOÐU/G.DOÐU ANADOLU;1;MÝGROS;2;MM;4384;38.665194;39.174497;Park Yirmiüç AVM Cumhuriyet Mh.Malatya Cad. NO:70;23;0;ELAZIÐ;MERKEZ;7.01.2015;Hayýr;;1129;1566;;;;;662;662
MARMARÝS ARMUTALAN MM MÝGROS;GÜNEY EGE;1;MÝGROS;2;MM;4385;36.85512402;28.25254881;Armutalan  Mah Adnan Menderes Caddesi No:7/1;48;7;MUÐLA;MARMARÝS;28.08.2015;Hayýr;;696;979;;59,3;;;663;663
ÝNCEK BULVAR MM MÝGROS;ÝÇ ANADOLU;1;MÝGROS;2;MM;4386;39.80589;32.700161;Ýncek Mah.Turgut Özal Bulvarý NO:33;6;4;ANKARA;GÖLBAÞI;19.06.2015;Hayýr;;728;1729;;59;;;664;664
MJET MASLAK ORJIN;BATI MARMARA;230;MJET;256;MJET-PLAZA;4387;41.108748;29.019092;Maslak Mah.Eski Büyükdere Cad.No:13-14;34;22;ÝSTANBUL;SARIYER;30.12.2014;Hayýr;;209;241;;59;;;665;665
MJET KÜÇÜKBAKKALKÖY;DOÐU MARMARA;230;MJET;9;M-JET;4388;40.979213;29.124525;Küçükbakkalköy Mah.Kýrmýzý Sümbül Sok.No:3;34;34;ÝSTANBUL;ATAÞEHÝR;16.01.2015;Hayýr;;204;260;;;;;666;666
EGEBOYU SANCAKTEPE MM MÝGROS;DOÐU MARMARA;1;MÝGROS;2;MM;4390;40.9911397;29.228154;Abdurrahmangazi Mah. Ebubekir Cad.;34;39;ÝSTANBUL;SANCAKTEPE;27.02.2015;Hayýr;;700;832;;59,3;;;667;667
MJET ADANA 100.YIL PO;DOÐU AKDENÝZ;230;MJET;255;MJET-ÝSTASYON;4392;37.0415;35.2556;100.Yýl Mah.Dr.Sadýk Ahmet Bulv.No:105;1;15;ADANA;ÇUKUROVA;19.12.2014;Hayýr;;60;67;;;;;668;668
MJET KARTAL KIZILAY;DOÐU MARMARA;230;MJET;9;M-JET;4393;40.891732;29.181522;Petroliþ Mahallesi Kýzýlay Bulvarý No51/A;34;18;ÝSTANBUL;KARTAL;22.12.2014;Hayýr;;108;135;;;;;669;669
MJET ÞEMÝKLER;KUZEY EGE;230;MJET;9;M-JET;4394;38.46800216;27.09179055;Yalý Mah.6418 Sok.No:89/A;35;7;ÝZMÝR;KARÞIYAKA;23.01.2015;Hayýr;;180;304;;;;;670;670
MJET DERÝNCE SAHÝL;DOÐU MARMARA;230;MJET;9;M-JET;4398;40.7517871;29.8103837;Yavuz Sultan Mah.Bileg Sok NO:52;41;6;KOCAELÝ;DERÝNCE;26.12.2014;Hayýr;;166;405;;;;;672;672
MJET ÞÝLE AÐVA ERTÜRK PO ÝST.;DOÐU MARMARA;230;MJET;255;MJET-ÝSTASYON;4400;41.12924;29.853511;Aðva Merkez Mah.Þile Cad.No:123;34;32;ÝSTANBUL;ÞÝLE;23.12.2014;Hayýr;;93;116;;;;;674;674
MJET UÞAK KURTULUÞ;KUZEY EGE;230;MJET;9;M-JET;4403;38.6739968;29.4029863;Kurtuluþ Mah. Doðaz Özkahraman Cad. No:12/A;64;0;UÞAK;MERKEZ;16.01.2015;Hayýr;;240;352;;;;;675;675
MJET GAZÝOSMANPAÞA PO ÝSTASYON;BATI MARMARA;230;MJET;255;MJET-ÝSTASYON;4404;41.078625;28.895467;B.Hayrettin Paþa Bulv.Cebeci Cad.No:103;34;14;ÝSTANBUL;GAZÝOSMANPAÞA;31.12.2014;Hayýr;;56;61;;;;;676;676
MJET BURSA YILDIRIM ACAR PO ÝS;GÜNEY MARMARA;230;MJET;255;MJET-ÝSTASYON;4405;40.1932934;29.14960669;Esenevler Mah.Ankara Cad.NO:520;16;3;BURSA;YILDIRIM;7.01.2015;Hayýr;;60;63;;;;;677;677
ALSANCAK MACROCENTER;KUZEY EGE;4;MACROCENTER;9;MACROCENTER;4408;38.43361092;27.13987112;Kültür Mah.Talatpaþa Bulvarý  NO:11/B;35;8;ÝZMÝR;KONAK;13.02.2015;Evet;;270;390;;59;;;678;678
MJET KARÞIYAKA TUNA;KUZEY EGE;230;MJET;9;M-JET;4410;38.4584929;27.12042425;Alaybey Mah.Mehmet Ýhsan Zeybek Sok.No:68/A;35;7;ÝZMÝR;KARÞIYAKA;13.02.2015;Hayýr;;170;244;;;;;680;680
MJET SÝDE PO ÝSTASYON;BATI AKDENÝZ;230;MJET;255;MJET-ÝSTASYON;4412;36.788342;31.401167;Kemer Mah.Kemer Bulv.No:1;7;13;ANTALYA;MANAVGAT;21.01.2015;Hayýr;;59;76;;;;;681;681
MJET ANKARA KORTAÞ PO ÝSTASYON;ÝÇ ANADOLU;230;MJET;255;MJET-ÝSTASYON;4413;39.945945;32.847758;Zübeyde Haným Mah Kazýmkarabekir Cad.NO:29;6;1;ANKARA;ALTINDAÐ;30.01.2015;Hayýr;;119;141;;;;;682;682
MJET ALANYA KONAKLI PO ÝST.;BATI AKDENÝZ;230;MJET;255;MJET-ÝSTASYON;4416;36.584978;31.890183;Konaklý Mah.Mustafa Kemal Bulvarý No:84;7;2;ANTALYA;ALANYA;29.01.2015;Hayýr;;125;160;;;;;683;683
ANTALYA MEYDAN KAVAÐI M MÝGROS;BATI AKDENÝZ;1;MÝGROS;5;SERVÝS REYONLU M;4418;36.881111;30.730556;Meydankavaðý Mah.Ýsmail Cem Cad.;7;19;ANTALYA;MURATPAÞA;17.06.2015;Hayýr;;279;594;;;;;684;684
ÇANAKKALE 17 BURDA MMM MÝGROS;GÜNEY MARMARA;1;MÝGROS;3;MMM;4419;40.1240105;26.41101242;Barbaros Mah. Atatürk Cad. No:207/22;17;0;ÇANAKKALE;MERKEZ;9.04.2015;Hayýr;;1943;2313;;1,3;;;685;685
FORUM DÝYARBAKIR MMM MÝGROS;DOÐU/G.DOÐU ANADOLU;1;MÝGROS;3;MMM;4422;37.957907;40.183725;Fabrika Mahallesi Elazýð Bulvarý Dýþ Kapý No:155/1;21;17;DÝYARBAKIR;YENÝÞEHÝR;12.06.2015;Hayýr;;1772;2337;;;;;686;686
ALAÇATI MACROCENTER S;KUZEY EGE;4;MACROCENTER;236;MACROCENTER S;4426;38.28399862;26.3707521;12500 Sk. No:3/A  Alaçatý;35;14;ÝZMÝR;ÇEÞME;26.06.2015;Hayýr;;100;220;Evet;59;;;687;687
MJET SAMSUN LÝSE CADDESÝ;KARADENÝZ/KUZEYD.AND;230;MJET;9;M-JET;4427;41.285508;36.341244;Karadeniz Mah. Cumhuriyet Cad.NO:53/5;55;17;SAMSUN;ÝLKADIM;6.03.2015;Hayýr;;230;295;;;;;688;688
MJET YENÝFOÇA SAHÝL;KUZEY EGE;230;MJET;9;M-JET;4428;38.74195164;26.84069378;Mustafa Kemal Mah.Ali Stair Cad. No:5B;35;16;ÝZMÝR;FOÇA;8.04.2016;Hayýr;;192;240;;;;;689;689
MJET BOZBURUN MARÝNA;GÜNEY EGE;230;MJET;9;M-JET;4429;36.69235496;28.043261;BOZBURUN MAHALLESÝ KORDON CADDESÝ NO:32 A;48;7;MUÐLA;MARMARÝS;20.03.2015;Hayýr;;179;223;;;;;690;690
MJET KAPLANLI ESKÝÞEHÝR;ÝÇ ANADOLU;230;MJET;9;M-JET;4431;39.74973;30.500723;Büyükdere Mah.Kaplanlý Cad.Çevikbaþ Sok.No:95;26;13;ESKÝÞEHÝR;ODUNPAZARI;20.02.2015;Hayýr;;204;474;;;;;691;691
MJET ÇENGELKÖY RASATHANE;DOÐU MARMARA;230;MJET;9;M-JET;4433;41.059065;29.064621;Kuleli Mah. Yalnýz Selvi Cad. No: 7/A;34;26;ÝSTANBUL;ÜSKÜDAR;20.02.2015;Hayýr;;284;384;;59;;;692;692
ÝBRAHÝMLÝ GAZÝANTEP M MÝGROS;DOÐU AKDENÝZ;1;MÝGROS;5;SERVÝS REYONLU M;4437;37.076356;37.340031;Atatürk Mah.Adnan Ýnanýcý Cad.No:8/A;27;2;GAZÝANTEP;ÞEHÝTKAMÝL;24.03.2015;Hayýr;;453;894;;59;;;693;693
MADENLÝ ARSUZ HATAY M MÝGROS;DOÐU AKDENÝZ;1;MÝGROS;6;SELF SERVÝS M;4438;36.46372;35.96725;Madenli Mah.Prof.Dr. Ýskender Sayek Cad. 51A;31;13;HATAY;ARSUZ;24.07.2015;Hayýr;;433;586;;;;;694;694
MJET DATÇA LÝMAN;GÜNEY EGE;230;MJET;9;M-JET;4441;36.72212362;27.68694523;Ýskele Mah. Sabiha Gökçen Cad. No:6;48;3;MUÐLA;DATÇA;14.07.2015;Hayýr;;225;335;;;;;695;695
MJET NÝSH ADALAR;DOÐU MARMARA;230;MJET;9;M-JET;4443;40.944477;29.159389;Zümrütevler Mah.Yol 3 Sok 44 Blok No:13M Baþýbüyük;34;20;ÝSTANBUL;MALTEPE;23.03.2015;Hayýr;;172;267;;;;;696;696
MJET KÜÇÜKKUYU ÇANAKKALE;GÜNEY MARMARA;230;MJET;9;M-JET;4444;39.54765034;26.60491363;Sahil Mah.Atatürk Cad. No:31/A;17;1;ÇANAKKALE;AYVACIK;17.04.2015;Hayýr;;131;227;;;;;697;697
GÜRSELPAÞA ADANA M MÝGROS;DOÐU AKDENÝZ;1;MÝGROS;5;SERVÝS REYONLU M;4446;37.022197;35.257747;Gürselpaþa Mah.Aliya Ýzzet Begoviç Blv.No:16/A;1;1;ADANA;SEYHAN;27.02.2015;Hayýr;;584;1137;;59;;;698;698
MJET BOSTANCI YALIYOLU;DOÐU MARMARA;230;MJET;9;M-JET;4448;40.960391;29.104221;Bostancý Mah. Yalýyolu Sok.Aydemir Apt.No:20;34;16;ÝSTANBUL;KADIKÖY;6.03.2015;Hayýr;;128;165;;;;;699;699
MJET BAKIRKÖY ÝSTANBUL CADDESÝ;BATI MARMARA;230;MJET;9;M-JET;4449;40.97874727;28.87491436;Cevizlik Mah.Dantelacý Sok.No:13/B;34;5;ÝSTANBUL;BAKIRKÖY;10.03.2015;Hayýr;;130;190;;;;;700;700
YUVAM AKARCA KOCAELÝ M MÝGROS;DOÐU MARMARA;1;MÝGROS;5;SERVÝS REYONLU M;4452;40.7740806;29.9802082;Alikahya Fatih Mah.Kemal Sunal Blv No:1/A;41;11;KOCAELÝ;ÝZMÝT;27.03.2015;Hayýr;;351;512;;59;;;701;701
MJET CAÐALOÐLU ÝSTANBUL;BATI MARMARA;230;MJET;9;M-JET;4453;41.01202035;28.97520106;Ankara Cd.Caðaoðlu Yokuþu No:11/B D:4-5;34;13;ÝSTANBUL;FATÝH;20.03.2015;Hayýr;;166;296;;59;;;702;702
MJET BOSTANCI MERKEZ;DOÐU MARMARA;230;MJET;9;M-JET;4455;40.9563;29.09785;Bostancý Mah.Bostan Tarikii Sok.No:15;34;16;ÝSTANBUL;KADIKÖY;2.04.2015;Hayýr;;229;404;;;;;703;703
KUYUÖNÜ MALATYA M MÝGROS;DOÐU/G.DOÐU ANADOLU;1;MÝGROS;5;SERVÝS REYONLU M;4456;38.329928;38.296089;Aþaðýbaðlar Mah. Ýsmetpaþa Cad.NO:133 Kat:1;44;13;MALATYA;YEÞÝLYURT;20.03.2015;Hayýr;;450;631;;;;;704;704
TOPTAN DUDULLU;DOÐU MARMARA;231;TOPTAN SATIÞ;230;TOPTAN SATIÞ;4457;41.01988;29.16819;Nezip Fazýl Mah. HAmza Yerlikaya Bulv NO:10/A;34;25;ÝSTANBUL;ÜMRANÝYE;9.04.2015;Hayýr;;756;1525;;;3269;;705;705
MJET MÝNÝ CÝTY ANTALYA;BATI AKDENÝZ;230;MJET;9;M-JET;4458;36.876708;30.656167;Arapsuyu Mah.Belediye Cad.No:2;7;18;ANTALYA;KONYAALTI;20.03.2015;Hayýr;;185;348;;;;;706;706
GÜLPARK ESENYURT MM MÝGROS;BATI MARMARA;1;MÝGROS;2;MM;4460;41.00905358;28.66900828;Güzelyurt Mah.Orhangazi Cad.No:5C/86;34;38;ÝSTANBUL;ESENYURT;13.07.2016;Hayýr;;1125;1732;;59,3;;;707;707
ÇEKMEKÖY KORU ÝSTANBUL MMM;DOÐU MARMARA;1;MÝGROS;3;MMM;4461;41.042236;29.176671;Merkez Mah. Çavuþbaþý Cad. No:93;34;37;ÝSTANBUL;ÇEKMEKÖY;10.06.2016;Hayýr;;1334;2144;;3;;;708;708
MJET ÇÝFTLÝKKÖY MERSÝN;DOÐU AKDENÝZ;230;MJET;9;M-JET;4463;36.769718;34.547318;Çiftlikköy Mah.3209 Sok.No:17/A;33;13;MERSÝN;YENÝÞEHÝR;18.12.2015;Hayýr;;155;209;;;;;709;709
MJET ANKARA EMEK 4.CADDE;ÝÇ ANADOLU;230;MJET;9;M-JET;4465;39.920886;32.822902;Emek Mah. Kazakistan Cad.128-A;6;2;ANKARA;ÇANKAYA;30.04.2015;Hayýr;;196;258;;;;;710;710
MJET ALANYA DAMLATAÞ;BATI AKDENÝZ;230;MJET;9;M-JET;4466;36.542778;31.994167;Çarþý Mah.Damlataþ Cad.No:35/A;7;2;ANTALYA;ALANYA;12.06.2015;Hayýr;;145;316;;;;;711;711
DÖRTYOL NUMUNEEVLER HATAY M;DOÐU AKDENÝZ;1;MÝGROS;6;SELF SERVÝS M;4469;36.8323409;36.211519;Numuneevler Mah.Necati Bey cad.No:94;31;3;HATAY;DÖRTYOL;3.07.2015;Hayýr;;479;1062;;;;;712;712
KADÝRLÝ M MÝGROS;DOÐU AKDENÝZ;1;MÝGROS;5;SERVÝS REYONLU M;4470;37.36957737;36.09804466;Savrun Mah.Karatepe Cad. NO:13;80;4;OSMANÝYE;KADÝRLÝ;2.07.2015;Hayýr;;538;749;;;;;713;713
ALANYA KESTEL MM MÝGROS;BATI AKDENÝZ;1;MÝGROS;2;MM;4471;36.513333;32.068889;Kestel Köyü,Merkez Mahallesi,Ýsa Küçülmez Cad.;7;2;ANTALYA;ALANYA;7.08.2015;Hayýr;;752;1254;;3;;;714;714
MJET EREÐLÝ ERDEMÝR PO;ÝÇ ANADOLU;230;MJET;255;MJET-ÝSTASYON;4473;41.26738402;31.43577779;Kýþla Mah.Zübeyde Haným Bulv.No:5;67;4;ZONGULDAK;EREÐLÝ;2.04.2015;Hayýr;;71;101;;;;;715;715
MJET ORDU ÜNYE MEYDAN;KARADENÝZ/KUZEYD.AND;230;MJET;9;M-JET;4476;41.130611;37.285442;Kaledere Mah.Salih Çuhadar Sok.No:2;52;18;ORDU;ÜNYE;30.04.2015;Hayýr;;197;457;;;;;716;716
MJET TEKÝRDAÐ ÞARKÖY HASTANE;BATI MARMARA;230;MJET;9;M-JET;4477;40.61330231;27.10714091;Ýstiklal Mah.H.Avni Baþer Cad.A giriþi No:2A/A;59;8;TEKÝRDAÐ;ÞARKÖY;5.06.2015;Hayýr;;303;388;;;;;717;717
MJET ANTALYA DOKUMA;BATI AKDENÝZ;230;MJET;9;M-JET;4478;36.91;30.698889;Yükseliþ Mah.Mihtatpaþa Cad.No:10;7;17;ANTALYA;KEPEZ;4.06.2015;Hayýr;;173;416;;;;;718;718
MJET ÜSKÜDAR PAÞAKAPISI;DOÐU MARMARA;230;MJET;9;M-JET;4479;41.01592;29.01532;Salacak Mah Tunusbaðý Cad.No:42/A;34;26;ÝSTANBUL;ÜSKÜDAR;16.04.2015;Hayýr;;175;270;;;;;719;719
ELAZIÐ ARAÞTIRMA M MÝGROS;DOÐU/G.DOÐU ANADOLU;1;MÝGROS;5;SERVÝS REYONLU M;4480;38.682039;39.215017;Fevzi Çakmak Mah. Yunus Emre Bul.NO:73/1A;23;0;ELAZIÐ;MERKEZ;17.04.2015;Hayýr;;392;705;;;;;720;720
MJET TUZLA RAUF ORBAY;DOÐU MARMARA;230;MJET;9;M-JET;4484;40.817585;29.286289;Postane Mah. Manastýryolu Cad.NO:96;34;24;ÝSTANBUL;TUZLA;26.03.2015;Hayýr;;211;345;;;;;721;721
MJET TEKSTÝLKENT PO;BATI MARMARA;230;MJET;255;MJET-ÝSTASYON;4485;41.0665573;28.85837417;Oruçreis Mah.Giyimkent Cad.No:4/A;34;11;ÝSTANBUL;ESENLER;3.04.2015;Hayýr;;124;160;;59;;;722;722
MJET FÝRUZKÖY PO;BATI MARMARA;230;MJET;255;MJET-ÝSTASYON;4487;40.989892;28.720107;Üniversite Mah.Firuzköy Bulv.No:17;34;2;ÝSTANBUL;AVCILAR;26.03.2015;Hayýr;;106;119;;;;;723;723
TOPTAN IHLAMUR;BATI MARMARA;231;TOPTAN SATIÞ;230;TOPTAN SATIÞ;4488;41.04996928;29.0012649;Türkeli Mah.Ihlamur Dere Cad.No:178-179;34;7;ÝSTANBUL;BEÞÝKTAÞ;17.04.2015;Hayýr;;238;303;;;;;724;724
MJET MERSÝN POZCU;DOÐU AKDENÝZ;230;MJET;9;M-JET;4489;36.782219;34.597142;Ýnönü Mah.4.Cadde.Suphi Menemenci Apt. No11/D;33;13;MERSÝN;YENÝÞEHÝR;24.04.2015;Hayýr;;130;159;;;;;725;725
GÜZELYALI MUDANYA M MÝGROS;GÜNEY MARMARA;1;MÝGROS;6;SELF SERVÝS M;4490;40.3535527;28.9245944;Güzel Yalý Mah.Fatih Cad.No:16;16;13;BURSA;MUDANYA;7.08.2015;Hayýr;;482;564;;;;;726;726
MJET BASIN SÝTESÝ;GÜNEY EGE;230;MJET;9;M-JET;4493;38.3985634;27.10478446;Basýn Sitesi Mah.Gazeteci Hasan Tahsin Cd.No:158/A;35;30;ÝZMÝR;KARABAÐLAR;8.05.2015;Hayýr;;180;250;;;;;727;727
TOPTAN GAZÝANTEP PRÝME MALL;DOÐU AKDENÝZ;231;TOPTAN SATIÞ;230;TOPTAN SATIÞ;4496;37.052197;37.319139;Osmangazi Mah.Prof.Dr.Necmettin Erbakan Cad.;27;2;GAZÝANTEP;ÞEHÝTKAMÝL;8.05.2015;Hayýr;;261;261;;;;;728;728
MJET OSB ADANA;DOÐU AKDENÝZ;230;MJET;9;M-JET;4497;36.972211;35.593683;Hacý Sabancý Organize Sanayi Bölgesi OSB;1;14;ADANA;SARIÇAM;10.04.2015;Hayýr;;194;260;;;;;729;729
TOPTAN DENÝZLÝ;GÜNEY EGE;231;TOPTAN SATIÞ;230;TOPTAN SATIÞ;4498;37.762715;29.107486;Cumhuriyet Mah.3510 Sok.No:1;20;19;DENÝZLÝ;PAMUKKALE;15.05.2015;Hayýr;;269;269;;;;;730;730
BORNOVA 2 ÝZMÝR MM MÝGROS;KUZEY EGE;1;MÝGROS;2;MM;450;38.461209;27.200346;Kazým Dirik Mah. Mustafa Kemal Cad. No:136;35;29;ÝZMÝR;BAYRAKLI;16.08.1996;Hayýr;46;1600;4890;;1,59,2,3,13;;;731;731
ARTUKLU MARDÝN MM MÝGROS;DOÐU/G.DOÐU ANADOLU;1;MÝGROS;2;MM;4502;37.332048;40.710538;13 Mart Mahallesi Vali Ozan Caddesi No:120/Z1;47;10;MARDÝN;ARTUKLU;18.09.2015;Hayýr;;919;1171;;59;;;732;732
ÇORLU ESENTEPE MM MÝGROS;BATI MARMARA;1;MÝGROS;2;MM;4504;41.15539472;27.8405186;Esentepe Mah.Adnan Doðu Cad.No:10/A-B;59;2;TEKÝRDAÐ;ÇORLU;17.06.2015;Hayýr;;776;1270;;59;;;733;733
MJET BEYAZ REZÝDANS;BATI MARMARA;230;MJET;9;M-JET;4505;41.01646958;28.90425501;Maltepe Mah. Mevlevihane Sok. Beyaz Residence-2;34;27;ÝSTANBUL;ZEYTÝNBURNU;26.06.2015;Hayýr;;283;588;;59;;;734;734
KARTEPE MERKEZ M MÝGROS;DOÐU MARMARA;1;MÝGROS;6;SELF SERVÝS M;4506;40.74665511;30.04842943;Ataevler Mah.Sapanca Yolu Cad.No:24;41;12;KOCAELÝ;KARTEPE;12.05.2016;Hayýr;;495;705;;;;;735;735
MJET FUAYE PO;DOÐU MARMARA;230;MJET;255;MJET-ÝSTASYON;4508;40.95044;29.16269;Zümrütevler Mah.Akkayalar Sok NO:5;34;20;ÝSTANBUL;MALTEPE;24.04.2015;Hayýr;;136;161;;;;;736;736
SELÝMÝYE MACROCENTER S;GÜNEY EGE;4;MACROCENTER;236;MACROCENTER S;4509;36.70687743;28.0938006;Selimiye Mah.Buruncuk Sokak NO:58/1;48;7;MUÐLA;MARMARÝS;29.05.2015;Hayýr;;100;150;Evet;;;;737;737
MJET BODRUM KUMBAHÇE;GÜNEY EGE;230;MJET;9;M-JET;4511;37.03264478;27.43908391;Kumbahçe Mah.Atatürk Cad.NO:87;48;1;MUÐLA;BODRUM;15.05.2015;Hayýr;;123;277;;;;;738;738
BODRUM GARAJ MMM MÝGROS;GÜNEY EGE;1;MÝGROS;3;MMM;4512;37.03883;27.43392;Yokuþbaþý Mah.Külcü Sokak NO:22;48;1;MUÐLA;BODRUM;22.05.2015;Evet;;1560;2560;;1,2;1250;;739;739
MJET BODRUM YAHÞÝ YALISI;GÜNEY EGE;230;MJET;9;M-JET;4513;37.02226796;27.33804685;Ortakent Yahþi Yalýsý Hortma Cad.NO:53/1;48;1;MUÐLA;BODRUM;5.05.2015;Hayýr;;141;277;;;4435;;740;740
BOZBURUN MARÝNA M MÝGROS;GÜNEY EGE;1;MÝGROS;6;SELF SERVÝS M;4514;36.69;28.045;Bozburun Mahallesi Cumhurriyet Cad. No:49/B;48;7;MUÐLA;MARMARÝS;25.05.2015;Hayýr;;257;555;;;3900;;741;741
DATÇA ÇARÞI MM MÝGROS;GÜNEY EGE;1;MÝGROS;2;MM;4515;36.72887;27.68558;Ýskele Mah.Fehmi Yavuz Cad.NO:4/A;48;3;MUÐLA;DATÇA;29.05.2015;Hayýr;;771;1231;;;2829;;742;742
ORTAMAHALLE MERKEZ MM MÝGROS;GÜNEY EGE;1;MÝGROS;2;MM;4517;38.047874;27.055563;Orta Mah. Mustafa Kemal Paþa Bulvarý No: 412;35;21;ÝZMÝR;MENDERES;28.04.2015;Evet;;779;1056;;3;1325;;743;743
AYDIN MM MÝGROS;GÜNEY EGE;1;MÝGROS;2;MM;452;37.83717;27.84648;Adnan Menderes Mahallesi Muðla Bul. No:5;9;17;AYDIN;EFELER;29.11.1996;Hayýr;50;1415;3100;;59;;;744;744
DAVUTLAR MM MÝGROS;GÜNEY EGE;1;MÝGROS;2;MM;4520;37.73379233;27.28293205;Davutlar Mahallesi Menderes Cad. No:102;9;11;AYDIN;KUÞADASI;30.04.2015;Hayýr;;641;900;;3;1326;;745;745
SALÝHLERALTI SÝTELER MM MÝGROS;KUZEY EGE;1;MÝGROS;2;MM;4523;39.16419263;26.81827161;Salihler Mah. Gülkent Atatürk Bulvarý No:56/A;35;15;ÝZMÝR;DÝKÝLÝ;5.05.2015;Hayýr;;697;1311;;59,3;1865;;746;746
KUÞADASI KARAOVA M MÝGROS;GÜNEY EGE;1;MÝGROS;6;SELF SERVÝS M;4524;37.800292;27.285852;Karaova Mah. Davutlar Yolu Cad. No:69;9;11;AYDIN;KUÞADASI;5.05.2015;Hayýr;;485;711;;;2944;;747;747
ALAÇATI M MÝGROS;KUZEY EGE;1;MÝGROS;5;SERVÝS REYONLU M;4525;38.2888888;26.3825;Ýsmetpaþa Mah.Atatürk Cad.No:73-A/B;35;14;ÝZMÝR;ÇEÞME;5.05.2015;Hayýr;;375;471;;59;3937;;748;748
ÇANDARLI M MÝGROS;KUZEY EGE;1;MÝGROS;5;SERVÝS REYONLU M;4527;38.936237;26.934764;Ýslam Mah.Hürriyet Meydaný NO:1 Çandarlý;35;15;ÝZMÝR;DÝKÝLÝ;8.05.2015;Hayýr;;429;500;;3;2019;;749;749
MJET BODRUM BANK EV;GÜNEY EGE;230;MJET;9;M-JET;4528;37.00617871;27.3234871;Baðla Mah.Hürriyet Cad.NO:10;48;1;MUÐLA;BODRUM;8.05.2015;Hayýr;;231;320;;59;4436;;750;750
MJET YEÞÝLKENT DÝDÝM;GÜNEY EGE;230;MJET;9;M-JET;4529;37.35203494;27.32486153;Altýnkum Mah.Ýnönü Bulv NO:18/A;9;4;AYDIN;DÝDÝM;14.05.2015;Hayýr;;260;320;;;4263;;751;751
BEBEK MACROCENTER S;BATI MARMARA;4;MACROCENTER;236;MACROCENTER S;4530;41.0774;29.04293;Bebek Mah. Cevdetpaþa Cad. Manolya Sok NO:126;34;7;ÝSTANBUL;BEÞÝKTAÞ;12.05.2015;Hayýr;;229;299;;59;69;;752;752
ÇÝFTLÝKKÖY ÇEÞME M MÝGROS;KUZEY EGE;1;MÝGROS;5;SERVÝS REYONLU M;4531;38.293629;26.277371;Çiflikköy Mah.113 Sok.No:2/A;35;14;ÝZMÝR;ÇEÞME;8.05.2015;Hayýr;;346;511;;;3689;;753;753
KUÞADASI MERKEZ M MÝGROS;GÜNEY EGE;1;MÝGROS;6;SELF SERVÝS M;4535;37.860978;27.259784;Camikebir Mah.Öge Sok No:3/A;9;11;AYDIN;KUÞADASI;12.05.2015;Hayýr;;400;530;;;1308;;754;754
NOVALAND OUTLET KONYA MMM;ÝÇ ANADOLU;1;MÝGROS;3;MMM;4536;37.948901;32.524487;Sancak Mah. Veysel Karani Cad.No:4 B20;42;3;KONYA;SELÇUKLU;12.06.2015;Evet;;1787;2967;;59;;;755;755
DÝKÝLÝ KABAKUM M MÝGROS;KUZEY EGE;1;MÝGROS;5;SERVÝS REYONLU M;4537;39.1244425;26.85649438;Bankacýlar Sitesi 44 Sokak No:83/1;35;15;ÝZMÝR;DÝKÝLÝ;12.05.2015;Hayýr;;412;601;;59;4231;;756;756
BODRUM TORBA MERKEZ M MÝGROS;GÜNEY EGE;1;MÝGROS;5;SERVÝS REYONLU M;4539;37.08002091;27.4549548;Rýza Anter Cad.Torba Mah.NO:87/A-B-C;48;1;MUÐLA;BODRUM;15.05.2015;Hayýr;;294;363;;59;4202;;757;757
AKBÜK DÝDÝM SAHÝL MM MÝGROS;GÜNEY EGE;1;MÝGROS;2;MM;4540;37.417202;27.414555;Akbük Mah. 5500 Sk. No:132;9;4;AYDIN;DÝDÝM;15.05.2015;Evet;;763;1236;;3;1892;;758;758
KUÞADASI EGE MAHALLESÝ MM;GÜNEY EGE;1;MÝGROS;2;MM;4541;37.866393;27.274222;Ege Mah. Turgut Özal Bulv No:86;9;11;AYDIN;KUÞADASI;15.05.2015;Hayýr;;662;1100;;3;1919;;759;759
KÜÇÜKKUYU MM MÝGROS;GÜNEY MARMARA;1;MÝGROS;2;MM;4542;39.548381;26.607787;Mýhlý Mahallesi Akgün Albayrak Caddesi No:38;17;1;ÇANAKKALE;AYVACIK;15.05.2015;Hayýr;;668;1618;;;1414;;760;760
ÝSKELE URLA M MÝGROS;KUZEY EGE;1;MÝGROS;5;SERVÝS REYONLU M;4543;38.363515;26.771614;Ýskele Mah. Ýskele Cad. No:18;35;28;ÝZMÝR;URLA;15.05.2015;Hayýr;;330;728;;;1454;;761;761
KADINLAR DENÝZÝ M MÝGROS;GÜNEY EGE;1;MÝGROS;5;SERVÝS REYONLU M;4545;37.85040407;27.24797605;Kadýnlar Denizi Mah. Kadýnlar Denizi Cad. No:13;9;11;AYDIN;KUÞADASI;18.05.2015;Hayýr;;348;385;;;4180;;762;762
MJET KIRKPINAR BAÐDAT CADDESÝ;GÜNEY MARMARA;230;MJET;9;M-JET;4546;40.69380534;30.22329088;Soðuksu Mah.Baðdat Cad.NO:54;54;11;SAKARYA;SAPANCA;22.05.2015;Hayýr;;219;397;;;;;763;763
MJET ZEYTÝNLÝ DALYAN EDREMÝT;KUZEY EGE;230;MJET;9;M-JET;4547;39.567071;26.948127;Atatürk Bulv. NO:15 Dalyan-Zeytinli;10;7;BALIKESÝR;EDREMÝT;26.05.2015;Hayýr;;239;312;Evet;;3796;;764;764
MJET DALYAN ESENEVLER;KUZEY EGE;230;MJET;9;M-JET;4548;38.348611;26.305833;Dalyan Mah.4000 Sokak No:16;35;14;ÝZMÝR;ÇEÞME;22.05.2015;Hayýr;;217;315;;;3922;;765;765
MJET ILICA DÖRTYOL ÇEÞME;KUZEY EGE;230;MJET;9;M-JET;4549;38.3025171;26.3662772;Alaçatý Mah. 11500 Sokak No: 152/G;35;14;ÝZMÝR;ÇEÞME;28.05.2015;Hayýr;;155;185;;;3755;;766;766
MJET SELÇUK;GÜNEY EGE;230;MJET;9;M-JET;4550;37.953447;27.371989;Ýsabey Mah.2006 Sokak NO:41/4;35;25;ÝZMÝR;SELÇUK;29.05.2015;Hayýr;;244;534;;;3728;;767;767
MJET ALTINOLUK SÝTELER;KUZEY EGE;230;MJET;9;M-JET;4551;39.569821;26.758543;Ýskele Mah. Akçam Cad. No:50/5;10;7;BALIKESÝR;EDREMÝT;29.05.2015;Hayýr;;223;531;Evet;;3706;;768;768
FOÇA M MÝGROS;KUZEY EGE;1;MÝGROS;5;SERVÝS REYONLU M;4552;38.669403;26.753903;Atatürk Mah. Aþýklar Cad. No: 9/A;35;16;ÝZMÝR;FOÇA;20.05.2015;Evet;;247;575;;;1281;;769;769
BODRUM MUMCULAR M MÝGROS;GÜNEY EGE;1;MÝGROS;5;SERVÝS REYONLU M;4553;37.110845;27.65733;Gölbaþý Mah. Menderes Bulv. No:138/A;48;1;MUÐLA;BODRUM;22.05.2015;Hayýr;;416;787;;;3758;;770;770
DOÐANBEY M MÝGROS;KUZEY EGE;1;MÝGROS;5;SERVÝS REYONLU M;4555;38.07581;26.936512;Kuþadasý Cad.No:21 Doðanbey;35;24;ÝZMÝR;SEFERÝHÝSAR;22.05.2015;Hayýr;;636;1244;;59;2035;;771;771
ALTINOVA ÝSKELE M MÝGROS;KUZEY EGE;1;MÝGROS;6;SELF SERVÝS M;4556;39.21343663;26.74581169;Altýnova Mahallesi 231Sokak No:1;10;1;BALIKESÝR;AYVALIK;22.05.2015;Hayýr;;369;469;;;4183;;772;772
SEFERÝHÝSAR DÖRTYOL M MÝGROS;KUZEY EGE;1;MÝGROS;5;SERVÝS REYONLU M;4557;38.194634;26.833709;Camýkebir Mahallesi Sýðacýk Cad. No:202;35;24;ÝZMÝR;SEFERÝHÝSAR;26.05.2015;Hayýr;;485;834;;59;1323;;773;773
DÝDÝM BULVAR MM MÝGROS;GÜNEY EGE;1;MÝGROS;2;MM;4558;37.367959;27.270413;Yeni Mah. Atatürk Blv. No:110;9;4;AYDIN;DÝDÝM;29.05.2015;Hayýr;;933;1517;;;1297;;774;774
SELÇUK M MÝGROS;GÜNEY EGE;1;MÝGROS;5;SERVÝS REYONLU M;4559;37.95244802;27.3711379;Ýsabey Mah. Atatürk Cad.NO:79/1;35;25;ÝZMÝR;SELÇUK;12.06.2015;Hayýr;;409;668;;;;;775;775
ÞÝFNE MAHALLESÝ ÇEÞME ÝZMÝR M;KUZEY EGE;1;MÝGROS;5;SERVÝS REYONLU M;4560;38.32589;26.41151;Þifne Mahallesi 6000 Sokak No:21;35;14;ÝZMÝR;ÇEÞME;3.06.2015;Hayýr;;261;522;;;4208;;776;776
AKYAKA M MÝGROS;GÜNEY EGE;1;MÝGROS;5;SERVÝS REYONLU M;4561;37.05791;28.32848;Akyaka Mah Atatürk Cad.No:13;48;10;MUÐLA;ULA;2.06.2015;Hayýr;;263;413;;;3707;;777;777
YENÝFOÇA BURUNUCU M MÝGROS;KUZEY EGE;1;MÝGROS;5;SERVÝS REYONLU M;4562;38.75072277;26.8321057;Fevzi Çakmak Mah.Ýnönü Bulvarý No:38/A;35;16;ÝZMÝR;FOÇA;26.05.2015;Hayýr;;532;660;;59;4251;;778;778
MJET HAVAALANI YOLU PO ÝSTASYO;BATI AKDENÝZ;230;MJET;255;MJET-ÝSTASYON;4563;36.911129;30.772833;Yenigöl Mah. Serik Cad. No: 36;7;19;ANTALYA;MURATPAÞA;15.05.2015;Hayýr;;72;79;;;;;779;779
MJET YENÝ HAL PO ÝSTASYON;BATI AKDENÝZ;230;MJET;255;MJET-ÝSTASYON;4564;36.919804;30.744669;Göksu Mah. Altýnova Cad. No:12;7;17;ANTALYA;KEPEZ;15.05.2015;Hayýr;;51;56;;;;;780;780
SIÐACIK M MÝGROS;KUZEY EGE;1;MÝGROS;5;SERVÝS REYONLU M;4567;38.19361;26.78694;Sýðacýk MAH.137 Sok NO:2/A;35;24;ÝZMÝR;SEFERÝHÝSAR;2.06.2015;Hayýr;;269;407;;;3904;;781;781
ORTACA MUÐLA M MÝGROS;GÜNEY EGE;1;MÝGROS;5;SERVÝS REYONLU M;4568;36.8404;28.76315;Atatürk Mah.Atatürk BLV.NO:95;48;9;MUÐLA;ORTACA;9.06.2015;Hayýr;;477;1067;;;3671;;782;782
ANADOLU BULVARI AYDIN M MÝGROS;GÜNEY EGE;1;MÝGROS;5;SERVÝS REYONLU M;4569;37.84787;27.81744;Mimar Sinan Mahallesi Anadolu Bulvarý No:18;9;17;AYDIN;EFELER;12.06.2015;Hayýr;;524;869;;59;3702;;783;783
MJET FETHÝYE ÇALIÞ;GÜNEY EGE;230;MJET;9;M-JET;4570;36.65478;29.12271;Akarca Mah.Yerguzlar Cad.79.Sokak No:38/A;48;4;MUÐLA;FETHÝYE;12.06.2015;Hayýr;;241;320;;;3740;;784;784
MJET MAVÝÞEHÝR DÝDÝM;GÜNEY EGE;230;MJET;9;M-JET;4571;37.40447;27.23516;Hisar Mah. Atatürk Bulvarý No:478;9;4;AYDIN;DÝDÝM;15.06.2015;Hayýr;;264;473;;59;4189;;785;785
MJET ÇÝFTLÝKKÖY SAHÝL YALOVA;GÜNEY MARMARA;230;MJET;9;M-JET;4573;40.66590354;29.31214661;Sahil Mah.Yalý Cad.NO:30/4;77;4;YALOVA;ÇÝFTLÝKKÖY;22.05.2015;Hayýr;;313;394;;;;;786;786
KARABURUN M MÝGROS;KUZEY EGE;1;MÝGROS;5;SERVÝS REYONLU M;4575;38.63736;26.51346;Merkez Mah.Ýzmir Cad.NO:17;35;17;ÝZMÝR;KARABURUN;12.06.2015;Hayýr;;380;718;;59;2907;;787;787
MJET KÖYCEÐÝZ MUÐLA;GÜNEY EGE;230;MJET;9;M-JET;4576;36.96137;28.68837;Ulucami Mah. Dr. Cemalettin Doðukan Sok. No:2/Z1;48;6;MUÐLA;KÖYCEÐÝZ;16.06.2015;Hayýr;;186;380;;;4203;;788;788
KÖPRÜBAÞI BURDUR M MÝGROS;BATI AKDENÝZ;1;MÝGROS;6;SELF SERVÝS M;4580;37.720783;30.289753;Yeni Mahalle Mah. Bayer Sok. No:6/Z;15;0;BURDUR;MERKEZ;9.07.2015;Hayýr;;331;654;;;;;789;789
GEBZE MEYDAN M MÝGROS;DOÐU MARMARA;1;MÝGROS;6;SELF SERVÝS M;4581;40.802489;29.431403;Güzeller Mahallesi Ýbrahim aða caddesi No:18/B;41;1;KOCAELÝ;GEBZE;26.05.2016;Hayýr;;436;781;;;;;790;790
MJET SOÐANLIK YALNIZ SELVÝ;DOÐU MARMARA;230;MJET;9;M-JET;4585;40.91281204;29.2093176;Orta Mah.Yalnýz Selvi Cad.No:15 A1 Soðanlýk;34;18;ÝSTANBUL;KARTAL;5.06.2015;Hayýr;;204;287;;;;;791;791
MJET BURSA YUNUSELÝ;GÜNEY MARMARA;230;MJET;9;M-JET;4586;40.2602033;29.01933867;Yunuseli Mah. Fuat Kuþçuoðlu Cad. No:353-1;16;2;BURSA;OSMANGAZÝ;16.06.2015;Hayýr;;382;599;;;;;792;792
GÝRESUN SAHÝL MM MÝGROS;KARADENÝZ/KUZEYD.AND;1;MÝGROS;2;MM;4587;40.907926;38.363989;Çýtlakkale Mah. Atatürk Bul. No:131-133;28;0;GÝRESUN;MERKEZ;17.06.2015;Evet;;1229;1525;;3;;;793;793
MJET ERZURUM PAÞALAR;KARADENÝZ/KUZEYD.AND;230;MJET;9;M-JET;4588;39.901092;41.266383;Muratpaþa Mahallesi Yeniþehir Caddesi No:32/C;25;21;ERZURUM;YAKUTÝYE;17.06.2015;Hayýr;;193;332;;;;;794;794
MJET KARTAL UÐUR MUMCU;DOÐU MARMARA;230;MJET;9;M-JET;4589;40.928628;29.209614;UðurMumcu Mah.Fatih Sultan Mehmet Cad.NO:25/A;34;18;ÝSTANBUL;KARTAL;14.07.2015;Hayýr;;245;372;;;;;795;795
MJET ANTALYA SOÐUKSU;BATI AKDENÝZ;230;MJET;9;M-JET;4590;36.895;30.680278;Güvenlik Mah. Kazým Karabekir Cad. NO:120/1;7;19;ANTALYA;MURATPAÞA;12.06.2015;Hayýr;;135;317;;;;;796;796
MJET KADIKÖY HASANPAÞA;DOÐU MARMARA;230;MJET;9;M-JET;4592;40.99413684;29.03672959;Hasanpaþa Mah.Kurbaðlýdere Cad.NO:51/53;34;16;ÝSTANBUL;KADIKÖY;17.06.2015;Hayýr;;123;186;;;;;797;797
YENÝ FOÇA M MÝGROS;KUZEY EGE;1;MÝGROS;5;SERVÝS REYONLU M;4594;38.73956;26.8397;Mustafa Kemal Atatürk Mah. Ýzmir Cad. No:39;35;16;ÝZMÝR;FOÇA;2.06.2015;Hayýr;;464;755;;;1327;;798;798
ÖZDERE M MÝGROS;GÜNEY EGE;1;MÝGROS;5;SERVÝS REYONLU M;4595;38.01981;27.09821;Çukuraltý Mah. Menteþ Cad.93/A;35;21;ÝZMÝR;MENDERES;9.06.2015;Hayýr;;595;895;;;1266;;799;799
GÜRE SÝTELER MM MÝGROS;KUZEY EGE;1;MÝGROS;2;MM;4597;39.58326;26.8693;GÜRE CUMHURÝYET Mah. ÇANAKKALE Bul.;10;7;BALIKESÝR;EDREMÝT;9.06.2015;Hayýr;;739;1139;;59;2875;;800;800
MJET OCAKLAR MERKEZ;GÜNEY MARMARA;230;MJET;9;M-JET;4598;40.44470159;27.75729197;Ocaklar Mah. Atatürk Cad No:84/A;10;8;BALIKESÝR;ERDEK;22.05.2015;Hayýr;;340;462;;;;;801;801
MJET AVÞA SAHÝL;GÜNEY MARMARA;230;MJET;9;M-JET;4599;40.5135535;27.49732885;Deniz Mahallesi Ýnönü Caddesi No:100A/A Avþa;10;15;BALIKESÝR;MARMARA;5.06.2015;Hayýr;;110;136;Evet;;;;802;802
BAHÇELÝEVLER ÝZMÝR MMM MÝGROS;GÜNEY EGE;1;MÝGROS;3;MMM;4601;38.402346;27.117364;505. Sokak Ali Rýza Avni Bulvarý No: 22;35;30;ÝZMÝR;KARABAÐLAR;26.06.2015;Evet;;1530;2185;;59,3;1251;;803;803
MANAVKUYU MM MÝGROS;KUZEY EGE;1;MÝGROS;2;MM;4602;38.45417;27.18313;Mansuroðlu Mah. 286 Sok. No:18 Manavkuyu;35;29;ÝZMÝR;BAYRAKLI;19.06.2015;Hayýr;;1056;1784;;3;1803;;804;804
SARIMSAKLI KAHRAMANLAR M;KUZEY EGE;1;MÝGROS;6;SELF SERVÝS M;4604;39.26924;26.6743;KÜÇÜKKÖY Mah. KAPTAN PAÞA Sok. OYA APT A BLOK;10;1;BALIKESÝR;AYVALIK;16.06.2015;Hayýr;;368;397;;59;4220;;805;805
MJET ÞÝLE DOÐANCILI;DOÐU MARMARA;230;MJET;9;M-JET;4606;41.193675;29.437857;Doðancýlý Mah.Doðancýlý  Cad.NO:5/5A/5B;34;32;ÝSTANBUL;ÞÝLE;29.05.2015;Hayýr;;232;280;;;;;806;806
MJET KONYA NOVALAND OUTLET;ÝÇ ANADOLU;230;MJET;9;M-JET;4607;37.948715;32.524616;Sancak Mah Veysel Karani Cad.NO:6;42;3;KONYA;SELÇUKLU;12.12.2015;Hayýr;;118;118;;;;;807;807
MJET BEYOÐLU BALIK PAZARI;BATI MARMARA;230;MJET;9;M-JET;4608;41.03406836;28.97695825;Hüseyaða Mah.Dudu Odalarý Sok No:8 Balýkpazarý;34;9;ÝSTANBUL;BEYOÐLU;3.07.2015;Hayýr;;152;193;;;;;808;808
MJET DÝDÝM ÝSKELE;GÜNEY EGE;230;MJET;9;M-JET;4609;37.34963975;27.27477808;Çamlýk Mah.408 Sok. No:1/E;9;4;AYDIN;DÝDÝM;26.06.2015;Hayýr;;143;187;;;;;809;809
BEYAZSARAY MUÞ MM MÝGROS;DOÐU/G.DOÐU ANADOLU;1;MÝGROS;2;MM;4610;38.740406;41.496572;Kültür Mah. Atatürk Bul. No:118/1/2/3;49;0;MUÞ;MERKEZ;22.09.2015;Evet;;966;1174;;;;;810;810
ONE TOWER ANKARA MACROCENTER;ÝÇ ANADOLU;4;MACROCENTER;9;MACROCENTER;4611;39.849716;32.835173;Oran Mahallesi, Kudüs Caddesi No:6/A-14;6;2;ANKARA;ÇANKAYA;25.12.2015;Evet;;1700;2300;;1;;;811;811
MJET GEBZE PARK PANORAMA;DOÐU MARMARA;230;MJET;9;M-JET;4612;40.827335;29.41365;Akse Mah.Veysel Karani Cad.NO: 73/2;41;8;KOCAELÝ;ÇAYIROVA;30.10.2015;Hayýr;;270;395;;;;;812;812
MJET CEYHAN ÞEHÝTLER BULVARI;DOÐU AKDENÝZ;230;MJET;9;M-JET;4613;37.012524;35.821579;Namýk Kemal Mah Þehitler Bulv No:38;1;4;ADANA;CEYHAN;21.08.2015;Hayýr;;372;483;;;;;813;813
MJET BURDUR FEVZÝ ÇAKMAK;BATI AKDENÝZ;230;MJET;9;M-JET;4614;37.721809;30.2463617;Fevzi Çakmak Mah. 23077 Sok. No:2/2/17;15;0;BURDUR;MERKEZ;15.07.2015;Hayýr;;252;382;;;;;814;814
ARSÝA ANKARA M MÝGROS;ÝÇ ANADOLU;1;MÝGROS;6;SELF SERVÝS M;4615;39.88375;32.655819;Fatih Sultan Mehmet Mah. Üniversite Cad. No: 44/14;6;3;ANKARA;ETÝMESGUT;23.10.2015;Hayýr;;572;1295;;59;;;815;815
BAHÇELÝEVLER BURHANÝYE MM;KUZEY EGE;1;MÝGROS;2;MM;4616;39.50288;26.9645;Bahçelievler Mah. Enver Güreli Cad. No:3;10;5;BALIKESÝR;BURHANÝYE;29.06.2015;Hayýr;;790;1182;;3;1291;;816;816
TROYPARK MM MÝGROS;GÜNEY MARMARA;1;MÝGROS;2;MM;4617;40.12774;26.41072;Barbaros Mah. Troya Cad. No:2/1;17;0;ÇANAKKALE;MERKEZ;26.06.2015;Hayýr;;1016;1765;;;4432;;817;817
KEPEZ ÇANAKKALE M MÝGROS;GÜNEY MARMARA;1;MÝGROS;6;SELF SERVÝS M;4618;40.10143;26.39825;Boðazkent Mah. Atatürk Cad. No:126/22;17;0;ÇANAKKALE;MERKEZ;23.06.2015;Hayýr;;326;455;;;3767;;818;818
MJET KUÞADASI KARAOVA;GÜNEY EGE;230;MJET;9;M-JET;4619;37.80288586;27.27258076;Karaova Mah. Deniz Yolu Sok. No:12;9;11;AYDIN;KUÞADASI;1.07.2015;Hayýr;;170;336;;;;;819;819
ERZURUM MMM MÝGROS;KARADENÝZ/KUZEYD.AND;1;MÝGROS;3;MMM;463;39.91465;41.27058;Ömer Nasuhi Bilmen Mahallesi Ýstasyon Caddesi No:4;25;21;ERZURUM;YAKUTÝYE;13.11.1996;Evet;85;2070;2965;;59,3,13;;;820;820
MJET SÖKE YENÝKENT;GÜNEY EGE;230;MJET;9;M-JET;4635;37.76841259;27.391827;Yenikent Mah. 95 Sokak No:2;9;14;AYDIN;SÖKE;12.06.2015;Hayýr;;260;350;;;;;821;821
TERMESSOS ANTALYA M MÝGROS;BATI AKDENÝZ;1;MÝGROS;5;SERVÝS REYONLU M;4638;36.89724;30.735979;Doðukaya Mah.Termossos Bulvarý .NO:29;7;19;ANTALYA;MURATPAÞA;4.09.2015;Hayýr;;369;990;;;;;822;822
MJET EMÝNALÝPAÞA;DOÐU MARMARA;230;MJET;9;M-JET;4639;40.96230953;29.08708264;Suadiye Mah.Emin Ali Paþa Cad.NO:57/B;34;16;ÝSTANBUL;KADIKÖY;16.06.2015;Hayýr;;106;128;;;;;823;823
MJET GÖKÇEADA;GÜNEY MARMARA;230;MJET;9;M-JET;4640;40.19832459;25.9028418;Fatih Mah. Piri Reis Sok. No:3;17;9;ÇANAKKALE;GÖKÇEADA;30.06.2015;Hayýr;;227;461;;;;;824;824
MJET BURSA DARMSTAD;GÜNEY MARMARA;230;MJET;9;M-JET;4641;40.1946511;29.054588;Çýrpan Mah. Darmstad Cad.NO29/A;16;2;BURSA;OSMANGAZÝ;5.08.2015;Hayýr;;106;140;;;;;825;825
ZÝYA GÖKALP ANKARA M MÝGROS;ÝÇ ANADOLU;1;MÝGROS;5;SERVÝS REYONLU M;4643;39.923242;32.861979;Kültür Mahallesi Ziya Gökalp Caddesi No: 40/A-B;6;2;ANKARA;ÇANKAYA;7.08.2015;Hayýr;;406;901;;59;;;826;826
ÇANKAYA ESKÝÞEHÝR MM MÝGROS;ÝÇ ANADOLU;1;MÝGROS;2;MM;4644;39.748889;30.533889;Çankaya Mah. Mustafa Özel Cad. B Blok no:68/B;26;13;ESKÝÞEHÝR;ODUNPAZARI;17.02.2017;Hayýr;;905;1257;;59;;;827;827
VAN ÝKÝ NÝSAN MM MÝGROS;DOÐU/G.DOÐU ANADOLU;1;MÝGROS;2;MM;4645;38.493484;43.381723;Hafiziye Mah,Ýkinisan Cad.Birgül Sok. No:9;65;12;VAN;ÝPEKYOLU;13.11.2015;Hayýr;;775;1195;;;;;828;828
DATÇA REÞADÝYE M MÝGROS;GÜNEY EGE;1;MÝGROS;5;SERVÝS REYONLU M;4647;36.75195035;27.66258304;Reþadiye Mah.Kinidos Sokak NO:1 D:1;48;3;MUÐLA;DATÇA;19.06.2015;Hayýr;;547;960;;;;;829;829
SEYRANTEPE DÝYARBAKIR M MÝGROS;DOÐU/G.DOÐU ANADOLU;1;MÝGROS;5;SERVÝS REYONLU M;4648;37.945064;40.207717;Aziziye Mah.Toki 2.Cad. A Plus Seyran Sit.No:8/A;21;17;DÝYARBAKIR;YENÝÞEHÝR;9.09.2015;Hayýr;;496;996;;59;;;830;830
MJET MERSÝN DÝKENLÝYOL;DOÐU AKDENÝZ;230;MJET;9;M-JET;4649;36.786858;34.594639;Bahçelievler Mah.18.Cad ABD Sit.A Blok No:1;33;13;MERSÝN;YENÝÞEHÝR;12.08.2015;Hayýr;;233;333;;;;;831;831
KORU SÝTESÝ ANKARA MMM MÝGROS;ÝÇ ANADOLU;1;MÝGROS;3;MMM;465;39.893827;32.679123;Koru Mah. Dumlupýnar Bulvarý No: 355/C;6;2;ANKARA;ÇANKAYA;1.11.1996;Evet;500;2000;4300;;1,3;;;832;832
MJET KARADENÝZ EREÐLÝ ADLÝYE;ÝÇ ANADOLU;230;MJET;9;M-JET;4652;41.29182643;31.40723372;Süleymanlar Mah.Hastane Cad.No:8/A;67;4;ZONGULDAK;EREÐLÝ;2.07.2015;Hayýr;;278;634;;;;;833;833
MJET PALLADIUM TOWER;DOÐU MARMARA;230;MJET;256;MJET-PLAZA;4653;40.98388222;29.10032777;Küçükbakkalköy Mah Barbaros Bulv Kardelen Sok.No:2;34;34;ÝSTANBUL;ATAÞEHÝR;26.06.2015;Hayýr;;146;173;;59;;;834;834
MJET KRÝSTAL KULE;BATI MARMARA;230;MJET;256;MJET-PLAZA;4654;41.0826498;29.0086227;Esentepe Mah. Büyükdere Cad.1.Bodrum Kat;34;23;ÝSTANBUL;ÞÝÞLÝ;24.06.2015;Hayýr;;52;70;;59;;;835;835
SYMBOL AVM KOCAELÝ MMM MÝGROS;DOÐU MARMARA;1;MÝGROS;3;MMM;4655;40.75835347;29.97928249;Ovacýk Mah.D-100 Karayolu SYMBOL AVM;41;7;KOCAELÝ;BAÞÝSKELE;15.07.2015;Evet;;1800;2422;;1;;;836;836
MJET KONAKLI MEGAMALL;BATI AKDENÝZ;230;MJET;9;M-JET;4657;36.589542;31.867536;Konaklý Mah. Mehmet Akif Ersoy Caddesi,No:2;7;2;ANTALYA;ALANYA;7.07.2015;Hayýr;;253;311;;;;;837;837
VELÝEFENDÝ M MÝGROS;BATI MARMARA;1;MÝGROS;5;SERVÝS REYONLU M;4659;40.99066192;28.89363584;Sümer Mah.Prof.Dr.Turan Güneþ Cad.The Veliefendi;34;27;ÝSTANBUL;ZEYTÝNBURNU;23.10.2015;Hayýr;;553;998;;59;;;838;838
MJET EDÝRNE ESENTEPE;BATI MARMARA;230;MJET;9;M-JET;4660;41.661741;26.593793;Fatih Mah. Ümran Akkan Cad. No:29;22;0;EDÝRNE;MERKEZ;24.07.2015;Hayýr;;229;398;;;;;839;839
SÖKE MERKEZ MM MÝGROS;GÜNEY EGE;1;MÝGROS;2;MM;4661;37.751533;27.410073;Yeni Camii Mah.Garaj Karþýsý Baþer Sok NO:2;9;14;AYDIN;SÖKE;3.07.2015;Hayýr;;809;1225;;59,3;1292;;840;840
MJET BAYRAKLI OSMANGAZÝ;KUZEY EGE;230;MJET;9;M-JET;4662;38.47098;27.18808;Osmangazi Mah.Ýbrahim Ethem Cad. NO:34/A;35;29;ÝZMÝR;BAYRAKLI;1.07.2015;Hayýr;;279;527;;;4335;;841;841
MJET MENEMEN KASIMPAÞA;KUZEY EGE;230;MJET;9;M-JET;4664;38.60921;27.07705;Kasýmpaþa MhÞehit Koray Cömert Cd No:17-1/A;35;22;ÝZMÝR;MENEMEN;1.07.2015;Hayýr;;342;935;;;3644;;842;842
BUCA ÝSTÝKLAL M MÝGROS;GÜNEY EGE;1;MÝGROS;5;SERVÝS REYONLU M;4665;38.397184;27.166582;Menderes Mah. Ýstiklal Cad.NO:48/A;35;3;ÝZMÝR;BUCA;6.07.2015;Hayýr;;245;312;;;3797;;843;843
MJET TORBALI BULVAR;GÜNEY EGE;230;MJET;9;M-JET;4670;38.159472;27.357062;Ertuðrul Mah.Sadýk Ýleri Bulvarý NO:16;35;27;ÝZMÝR;TORBALI;8.07.2015;Hayýr;;228;510;;;3729;;845;845
MJET BORNOVA ÝNÖNÜ;KUZEY EGE;230;MJET;9;M-JET;4671;38.47625905;27.21199087;Ýnönü Mah Þehit Mustafa Cad.NO:9/A;35;2;ÝZMÝR;BORNOVA;8.07.2015;Hayýr;;193;398;;;4292;;846;846
MJET ÞEMÝKLER PAZARYERÝ;KUZEY EGE;230;MJET;9;M-JET;4672;38.469786;27.092859;Þemikler Mah.6418 Sokak NO:28/A Pazariçi;35;7;ÝZMÝR;KARÞIYAKA;8.07.2015;Hayýr;;258;525;;;1229;;847;847
MJET BUCA ÖÐRETMENLER;GÜNEY EGE;230;MJET;9;M-JET;4673;38.38969557;27.16911638;Menderes Mah.120 Sokak NO:3-A;35;3;ÝZMÝR;BUCA;14.08.2015;Hayýr;;228;371;;;;;848;848
KARÞIYAKA ATAKENT M MÝGROS;KUZEY EGE;1;MÝGROS;5;SERVÝS REYONLU M;4674;38.468933;27.087294;Yalý Mah 6440/4 Sokak No:1 Atakent;35;7;ÝZMÝR;KARÞIYAKA;7.07.2015;Hayýr;;302;409;;;1301;;849;849
MJET SELMA YÝÐÝTALP;KUZEY EGE;230;MJET;9;M-JET;4675;38.394705;27.086889;Güzelyalý Mahallesi 56. Sokak No: 55/A;35;8;ÝZMÝR;KONAK;13.07.2015;Hayýr;;205;271;;;1284;;850;850
MJET KOCAELÝ SANAYÝ;DOÐU MARMARA;230;MJET;9;M-JET;4676;40.74428228;29.9552571;Sanayi Mahallesi D-130 Karayolu Caddesi No:119/A;41;11;KOCAELÝ;ÝZMÝT;10.07.2015;Hayýr;;225;438;;;;;851;851
KÜÇÜKYALI MÝTHATPAÞA M MÝGROS;KUZEY EGE;1;MÝGROS;5;SERVÝS REYONLU M;4677;38.405201;27.098701;Çankaya Mah. Mithatpaþa Cad. NO:790/B;35;8;ÝZMÝR;KONAK;21.07.2015;Hayýr;;270;355;;;3550;;852;852
MJET GÖMEÇ;KUZEY EGE;230;MJET;9;M-JET;4680;39.38967658;26.84121086;MÝTHATPAÞA MH. ATATÜRK CD. NO:15A;10;9;BALIKESÝR;GÖMEÇ;10.07.2015;Hayýr;;216;509;;;;;853;853
MJET KARÞIYAKA DEMÝRKÖPRÜ;KUZEY EGE;230;MJET;9;M-JET;4681;38.467707;27.096939;Þemikler Mah.1671 Sokak NO:322/A;35;7;ÝZMÝR;KARÞIYAKA;22.07.2015;Hayýr;;267;369;;;3593;;854;854
SOMA M MÝGROS;KUZEY EGE;1;MÝGROS;6;SELF SERVÝS M;4682;39.183171;27.606529;Kurtuluþ Mah. Atatürk Cad .NO:26;45;14;MANÝSA;SOMA;16.07.2015;Hayýr;;420;550;;;1280;;855;855
ESENYALI M MÝGROS;GÜNEY EGE;1;MÝGROS;5;SERVÝS REYONLU M;4683;38.396522;27.096748;Basýn Sitesi Mah.175/3 Sokak NO:1/A;35;30;ÝZMÝR;KARABAÐLAR;2.07.2015;Hayýr;;221;281;;;3589;;856;856
MENDERES M MÝGROS;GÜNEY EGE;1;MÝGROS;5;SERVÝS REYONLU M;4685;38.250701;27.131349;Cüneyt Bey Mah.Kuvayi Milliye Cad.NO:19/A;35;21;ÝZMÝR;MENDERES;7.08.2015;Hayýr;;458;579;;;3868;;857;857
URFA PÝAZZA MMM MÝGROS;DOÐU/G.DOÐU ANADOLU;1;MÝGROS;3;MMM;4687;37.156944;38.779722;Karakoyunlu Mahallesi 11 Nisan Fuar Cad. No:42/1;63;11;ÞANLIURFA;EYYÜBÝYE;1.08.2015;Evet;;1800;2605;;;4100;;858;858
MJET MANAVKUYU PARK;KUZEY EGE;230;MJET;9;M-JET;4688;38.46213;27.19716;Manavkuyu Mah.Fatih Sultan Mehmet Cad. No:57/A;35;29;ÝZMÝR;BAYRAKLI;29.07.2015;Hayýr;;180;211;;;;;859;859
KARÞIYAKA CUMHURÝYET M MÝGROS;KUZEY EGE;1;MÝGROS;5;SERVÝS REYONLU M;4689;38.482737;27.097628;Cumhuriyet Mah.6653 Sok No:137 Pazaryeri;35;7;ÝZMÝR;KARÞIYAKA;23.07.2015;Hayýr;;427;570;;;1239;;860;860
KARÞIYAKA ÖRNEKKÖY M MÝGROS;KUZEY EGE;1;MÝGROS;5;SERVÝS REYONLU M;4690;38.486428;27.106624;Örnekköy Mah.7532 Sokak No:100/A;35;7;ÝZMÝR;KARÞIYAKA;27.07.2015;Hayýr;;423;683;;;2514;;861;861
BAYRAKLI SMYRNA M MÝGROS;KUZEY EGE;1;MÝGROS;5;SERVÝS REYONLU M;4692;38.464397;27.179918;Adalet Mah.Yüzbaþý Ýbrahim Hakký Cad.No:263/A;35;29;ÝZMÝR;BAYRAKLI;13.07.2015;Hayýr;;600;909;;3;3051;;862;862
GÝRNE M MÝGROS;KUZEY EGE;1;MÝGROS;6;SELF SERVÝS M;4694;38.4647;27.1101;Orhan Þaik Gökyaya Cad.No:54/A Soðukkuyu;35;7;ÝZMÝR;KARÞIYAKA;29.07.2015;Hayýr;;305;389;;;3860;;863;863
MJET OYAK SÝTESÝ;GÜNEY EGE;230;MJET;9;M-JET;4696;38.392153;27.070135;Fahrettin Altay Mah 2/2 Sokak NO:15 Oyak Sitesi;35;30;ÝZMÝR;KARABAÐLAR;13.07.2015;Hayýr;;538;1122;;;1769;;864;864
MJET BORNOVA KOÞUKAVAK;KUZEY EGE;230;MJET;9;M-JET;4698;38.43003;27.193;Fazýl Paþa Cad. Koþukavak Mah.NO:72/B;35;2;ÝZMÝR;BORNOVA;22.07.2015;Hayýr;;187;297;;;1216;;865;865
BAYRAKLI ÇAY MAHALLESÝ M;KUZEY EGE;1;MÝGROS;6;SELF SERVÝS M;4699;38.468324;27.179655;Tepekule Mah. 2108/13 Sokak  No:1;35;29;ÝZMÝR;BAYRAKLI;24.07.2015;Hayýr;;576;778;;;3637;;866;866
AYDIN ÇEVREYOLU MM MÝGROS;GÜNEY EGE;1;MÝGROS;2;MM;4701;37.82993;27.84458;Adnan Menderes Mahallesi Muðla Bul. No:35;9;17;AYDIN;EFELER;7.08.2015;Hayýr;;1228;2137;;1,3;1272;;867;867
NAZÝLLÝ ÞÝRÝNEVLER MM MÝGROS;GÜNEY EGE;1;MÝGROS;2;MM;4702;37.909479;28.328204;Þirinevler Mahallesi Doðu Denizli Bulvarý No:24;9;13;AYDIN;NAZÝLLÝ;14.08.2015;Hayýr;;1105;1862;;59;1271;;868;868
MJET HALÝLRIFAT PARK;KUZEY EGE;230;MJET;9;M-JET;4703;38.40578599;27.1100401;Murat Reis Mah.188 Sokak NO:2/5;35;8;ÝZMÝR;KONAK;17.08.2015;Hayýr;;184;227;;;;;869;869
MJET IÞIKKENT;KUZEY EGE;230;MJET;9;M-JET;4704;38.427387;27.229464;Egemenlik Mah.Alp Cad NO:9/A;35;2;ÝZMÝR;BORNOVA;31.07.2015;Hayýr;;323;466;;;3768;;870;870
MJET YEÞÝLYURT ULUÖNDER;GÜNEY EGE;230;MJET;9;M-JET;4706;38.396223;27.117927;Doðanay Mah Uluönder Cad.NO:86/A;35;30;ÝZMÝR;KARABAÐLAR;31.07.2015;Hayýr;;171;252;;;1306;;871;871
MJET ÞÝLE BALÝBEY;DOÐU MARMARA;230;MJET;9;M-JET;4708;41.175655;29.61749;Balibey Mah.Atatürk Cad.NO:22;34;32;ÝSTANBUL;ÞÝLE;3.09.2015;Hayýr;;209;347;;;;;872;872
ALSANCAK KÜLTÜR M MÝGROS;KUZEY EGE;1;MÝGROS;5;SERVÝS REYONLU M;4710;38.432295;27.147887;Mimar Sinan Mah. Dr. Mustafa Evner Bey Cad;35;8;ÝZMÝR;KONAK;7.08.2015;Hayýr;;264;487;;;1242;;873;873
MJET KARÞIYAKA SOÐUKKUYU;KUZEY EGE;230;MJET;9;M-JET;4713;38.466991;27.115009;Bahçelievler Mah. Gün Sazak Bulvarý NO:4/A;35;7;ÝZMÝR;KARÞIYAKA;5.08.2015;Hayýr;;225;375;;;1293;;874;874
YENÝ GÝRNE M MÝGROS;KUZEY EGE;1;MÝGROS;5;SERVÝS REYONLU M;4715;38.477253;27.119799;Soðukkuyu Mah. 1847/17 Sok. No: 2/A;35;29;ÝZMÝR;BAYRAKLI;7.08.2015;Hayýr;;314;475;;59;1771;;875;875
NERGÝZ KARÞIYAKA M MÝGROS;KUZEY EGE;1;MÝGROS;5;SERVÝS REYONLU M;4716;38.461423;27.10568;Nergiz Mah.Berrin Taþan Sok.NO:92/A Nergiz;35;7;ÝZMÝR;KARÞIYAKA;11.08.2015;Hayýr;;568;1686;;;1267;;876;876
ÞÝRÝNYER MENDERES M MÝGROS;GÜNEY EGE;1;MÝGROS;5;SERVÝS REYONLU M;4717;38.390645;27.158082;Güven Mah. Menderes Cad.NO:296 Þirinyer;35;3;ÝZMÝR;BUCA;3.08.2015;Hayýr;;436;948;;;2348;;877;877
KARÞIYAKA DEDEBAÞI M MÝGROS;KUZEY EGE;1;MÝGROS;5;SERVÝS REYONLU M;4718;38.469761;27.104897;Dedebaþý Mahallesi Ordu Bulvarý No: 114/1;35;7;ÝZMÝR;KARÞIYAKA;14.08.2015;Hayýr;;329;539;;;2461;;878;878
MERSÝN LÝMONLU LEMAS M MÝGROS;DOÐU AKDENÝZ;1;MÝGROS;5;SERVÝS REYONLU M;4721;36.553238;34.24152;Limonlu Mah. Milli Egemenlik Cad. No:76A;33;5;MERSÝN;ERDEMLÝ;14.08.2015;Hayýr;;464;683;;59;;;879;879
MORDOÐAN MM MÝGROS;KUZEY EGE;1;MÝGROS;2;MM;4722;38.51289503;26.61746656;Çatalkaya Mah.194 Sokak  NO:15 Mordoðan;35;17;ÝZMÝR;KARABURUN;3.08.2015;Evet;;885;1404;;59,3;;;880;880
BULANCAK GÝRESUN M MÝGROS;KARADENÝZ/KUZEYD.AND;1;MÝGROS;5;SERVÝS REYONLU M;4724;40.939029;38.227893;Ýhsaniye Mah Fatih Cad No:123 A-B-C;28;2;GÝRESUN;BULANCAK;27.01.2016;Evet;;504;1010;;;;;881;881
TEMA ÝSTANBUL M MÝGROS;BATI MARMARA;1;MÝGROS;5;SERVÝS REYONLU M;4726;41.05417;28.766787;Atakent Mah.243 Sok.Tema Ýstanbul Sit.B1-A Blok;34;19;ÝSTANBUL;KÜÇÜKÇEKMECE;11.09.2015;Hayýr;;660;750;;59;;;882;882
SERVERGAZÝ DENÝZLÝ MM MÝGROS;GÜNEY EGE;1;MÝGROS;2;MM;4727;37.7543352;29.05347569;Servergazi Mah. Fatih Sultan Mehmet Bulvarý No12/D;20;20;DENÝZLÝ;MERKEZEFENDÝ;23.10.2015;Hayýr;;757;1037;;59,3;;;883;883
KAHRAMANLAR M MÝGROS;KUZEY EGE;1;MÝGROS;5;SERVÝS REYONLU M;4728;38.428633;27.150261;Kahramanlar Mah.1424 Sokak NO:3;35;8;ÝZMÝR;KONAK;14.08.2015;Hayýr;;228;366;;;1303;;884;884
BUCA YENÝGÜN M MÝGROS;GÜNEY EGE;1;MÝGROS;5;SERVÝS REYONLU M;4729;38.377882;27.163889;Yenigün Mah.268 Sokak NO:54/A;35;3;ÝZMÝR;BUCA;7.08.2015;Hayýr;;230;308;;;3726;;885;885
MJET ATATÜRK PAZARYERÝ;KUZEY EGE;230;MJET;9;M-JET;4730;38.476317;27.20615;Atatürk Mah.849 Sokak NO:25/A;35;2;ÝZMÝR;BORNOVA;5.08.2015;Hayýr;;85;185;;;4366;;886;886
BASIN SÝTESÝ M MÝGROS;GÜNEY EGE;1;MÝGROS;5;SERVÝS REYONLU M;4731;38.397955;27.100967;Hasan Tahsin Cad.NO:151/A Basýn Sitesi Mah;35;30;ÝZMÝR;KARABAÐLAR;13.08.2015;Hayýr;;210;292;;;1248;;887;887
ÞÝLE MERKEZ MM MÝGROS;DOÐU MARMARA;1;MÝGROS;2;MM;4732;41.170623;29.6096;Çavuþ Mah.Cumhuriyet Cad.NO:97;34;32;ÝSTANBUL;ÞÝLE;4.09.2015;Evet;;786;1072;;59,3;;;888;888
IHLAMURKENT ESKÝÞEHÝR M MÝGROS;ÝÇ ANADOLU;1;MÝGROS;5;SERVÝS REYONLU M;4733;39.738783;30.540136;Ihlamurkent Mah. Nilüfer Cad. No:20/A;26;13;ESKÝÞEHÝR;ODUNPAZARI;21.10.2015;Hayýr;;755;1326;;;;;889;889
MJET ORHANGAZÝ CADDESÝ MALTEPE;DOÐU MARMARA;230;MJET;9;M-JET;4734;40.92152;29.148959;Cevizli Mah. Orhangazi Cad. No:38 /B;34;20;ÝSTANBUL;MALTEPE;20.11.2015;Hayýr;;293;481;;59;;;890;890
BALIKESÝR ÇARÞI M MÝGROS;GÜNEY MARMARA;1;MÝGROS;6;SELF SERVÝS M;4736;39.645998;27.884374;ESKÝ KUYUMCULAR MH. HÜKÜMET CD. N0:4/B;10;20;BALIKESÝR;KARESÝ;17.08.2015;Hayýr;;478;814;;59;1275;;891;891
MJET NAZÝLLÝ ALTINTAÞ;GÜNEY EGE;230;MJET;9;M-JET;4738;37.915446;28.325643;Altýntaþ Mah.Kýbrýs Cad No:6/A;9;13;AYDIN;NAZÝLLÝ;21.08.2015;Hayýr;;225;638;;;1282;;892;892
STADYUM BORNOVA MM MÝGROS;KUZEY EGE;1;MÝGROS;2;MM;4739;38.464397;27.207878;Kazým Dirik MAH.Fatih Cad.NO:1;35;2;ÝZMÝR;BORNOVA;7.08.2015;Hayýr;;705;1350;;59;1316;;893;893
ÝSTÝKLAL AYDIN M MÝGROS;GÜNEY EGE;1;MÝGROS;6;SELF SERVÝS M;4740;37.847729;27.846262;Hasan Efendi Mahallesi Ýstiklal Caddesi NO:35/A;9;17;AYDIN;EFELER;27.08.2015;Hayýr;;378;568;;;1298;;894;894
BORNOVA EVKA 4 M MÝGROS;KUZEY EGE;1;MÝGROS;5;SERVÝS REYONLU M;4741;38.492321;27.214717;1030 Sok No:2/A Evka-4 Mah;35;2;ÝZMÝR;BORNOVA;1.09.2015;Hayýr;;673;1266;;59,3;1270;;895;895
MJET NERGÝZ METRO;KUZEY EGE;230;MJET;9;M-JET;4742;38.458941;27.104913;BOSTANLI MAHALLESÝ 1671 SOKAK NO:179/A;35;7;ÝZMÝR;KARÞIYAKA;19.08.2015;Hayýr;;195;317;;;3793;;896;896
MJET BAHRÝYE ÜÇOK;KUZEY EGE;230;MJET;9;M-JET;4743;38.461098;27.114228;BAHRÝYE ÜÇOK MH. DOC. DR. BAHRÝYE ÜÇOK BLV.;35;7;ÝZMÝR;KARÞIYAKA;12.08.2015;Hayýr;;197;217;;;1309;;897;897
MJET ALAYBEY TERSANE;KUZEY EGE;230;MJET;9;M-JET;4744;38.461627;27.127521;Tersane Mah.1662 Sokak.NO:13/A;35;7;ÝZMÝR;KARÞIYAKA;26.08.2015;Hayýr;;172;204;;;3659;;898;898
ÜÇKUYULAR M MÝGROS;GÜNEY EGE;1;MÝGROS;5;SERVÝS REYONLU M;4745;38.396368;27.069878;Üçkuyular Mah.Mehmetçik Bulv.No:1/A;35;30;ÝZMÝR;KARABAÐLAR;5.08.2015;Hayýr;;222;262;;;3705;;899;899
ALSANCAK TALATPAÞA MM MÝGROS;KUZEY EGE;1;MÝGROS;2;MM;4747;38.435968;27.145042;Kültür Mah.Talatpaþa Bulv NO:59-A;35;8;ÝZMÝR;KONAK;11.08.2015;Hayýr;;683;1256;;59;1262;;901;901
SALIPAZARI BALIKESÝR M MÝGROS;GÜNEY MARMARA;1;MÝGROS;6;SELF SERVÝS M;4748;39.653751;27.886431;Ali Hikmet Paþa Mahallesi Tarlabaþý Cad. No:23-27;10;20;BALIKESÝR;KARESÝ;4.08.2015;Hayýr;;332;490;;;1304;;902;902
MJET DÝDÝM MERSÝNDERE;GÜNEY EGE;230;MJET;9;M-JET;4749;37.41143824;27.22761594;Mersindere Mah.3696 Sokak.NO:3/A;9;4;AYDIN;DÝDÝM;12.08.2015;Hayýr;;284;449;;;;;903;903
MJET ÇÝÐLÝ PO ÝSTASYON;KUZEY EGE;230;MJET;255;MJET-ÝSTASYON;4750;38.489634;27.070132;Maltepe Mah Anadolu Cad.NO:760;35;4;ÝZMÝR;ÇÝÐLÝ;7.08.2015;Hayýr;;39;39;;;;;904;904
KONAK ALTINTAÞ M MÝGROS;KUZEY EGE;1;MÝGROS;5;SERVÝS REYONLU M;4752;38.40723;27.12438;Altýntaþ Mah. Ýnönü Cad.No:112114;35;8;ÝZMÝR;KONAK;4.09.2015;Hayýr;;289;438;;;1302;;905;905
BAYRAKLI M MÝGROS;KUZEY EGE;1;MÝGROS;5;SERVÝS REYONLU M;4753;38.464179;27.167087;Bayraklý Mah. Prof.Dr.Ekrem Akurgal Cad.;35;29;ÝZMÝR;BAYRAKLI;14.08.2015;Hayýr;;298;450;;;1237;;906;906
MJET SALÝHLÝ ÇARÞI;KUZEY EGE;230;MJET;9;M-JET;4756;38.486533;28.137311;Zafer Mah.Site Cad.NO:58 A/B;45;10;MANÝSA;SALÝHLÝ;12.08.2015;Hayýr;;321;670;;;2021;;907;907
MJET ALAÞEHÝR;KUZEY EGE;230;MJET;9;M-JET;4757;38.354126;28.515827;Yenice Mah. Beþ Eylül Cad.NO:26;45;3;MANÝSA;ALAÞEHÝR;19.08.2015;Hayýr;;287;480;;;1317;;908;908
PARK BORNOVA M MÝGROS;KUZEY EGE;1;MÝGROS;6;SELF SERVÝS M;4759;38.456584;27.246888;Doðanlar Mah. Ankara Cad.NO:192;35;2;ÝZMÝR;BORNOVA;21.08.2015;Hayýr;;691;1070;;59;1328;;909;909
MJET ÜSKÜDAR NUHKUYUSU;DOÐU MARMARA;230;MJET;9;M-JET;4760;41.016134;29.029717;Barbaros Mah.Nuhkuyusu Cad .No:20B;34;26;ÝSTANBUL;ÜSKÜDAR;8.09.2015;Hayýr;;149;190;;;;;910;910
BORNOVA MEYDAN MM MÝGROS;KUZEY EGE;1;MÝGROS;2;MM;4761;38.465113;27.220017;Erzene Mah.Gençlik Cad.80 Sokak.No:16;35;2;ÝZMÝR;BORNOVA;11.08.2015;Hayýr;;887;1486;;59;1221;;911;911
ALÝAÐA ÝSTÝKLAL M MÝGROS;KUZEY EGE;1;MÝGROS;6;SELF SERVÝS M;4762;38.800727;26.971637;Kültür Mah. Ýstiklal Cad .NO:72/B;35;10;ÝZMÝR;ALÝAÐA;14.08.2015;Hayýr;;250;438;;;1247;;912;912
EVKA 5 ÇÝÐLÝ MM MÝGROS;KUZEY EGE;1;MÝGROS;2;MM;4763;38.518023;27.055914;Yeþil Ýzmir Ticaret Merkezi 8809 Sokak. NO:141-5;35;4;ÝZMÝR;ÇÝÐLÝ;7.08.2015;Hayýr;;824;3820;;3;1277;;913;913
HATAY M MÝGROS;GÜNEY EGE;1;MÝGROS;5;SERVÝS REYONLU M;4764;38.401285;27.107174;Arap Hasan Mah Ýnönü Cad.NO:321/A Hatay;35;30;ÝZMÝR;KARABAÐLAR;21.08.2015;Hayýr;;491;826;;59;1294;;914;914
MJET BEYAZIT MÝTHATPAÞA;BATI MARMARA;230;MJET;9;M-JET;4767;41.0089318;28.964254;Fatih Mimar Kemalettin Mh.Mithatpaþa Cd No:5/A;34;13;ÝSTANBUL;FATÝH;28.08.2015;Hayýr;;143;241;;59;;;915;915
KÖTEKLÝ MUÐLA M MÝGROS;GÜNEY EGE;1;MÝGROS;6;SELF SERVÝS M;4768;37.164361;28.385896;Kötekli Mahallesi Sýtký Koçman Caddesi No:145/A;48;12;MUÐLA;MENTEÞE;18.08.2015;Hayýr;;348;554;;;3638;;916;916
GÖZTEPE ÝZMÝR MM MÝGROS;KUZEY EGE;1;MÝGROS;2;MM;4769;38.400595;27.094157;Göztepe Mah Mithatpaþa Cad 103 Sokak No:3;35;8;ÝZMÝR;KONAK;6.10.2015;Hayýr;;1217;2818;;;1264;;917;917
YEÞÝLYURT GÖKDERE M MÝGROS;GÜNEY EGE;1;MÝGROS;6;SELF SERVÝS M;4770;38.398481;27.112037;Bahçelievler Mah.Gökdere Cad.NO:18;35;30;ÝZMÝR;KARABAÐLAR;19.08.2015;Hayýr;;573;827;;;3342;;918;918
GÜLTEPE M MÝGROS;KUZEY EGE;1;MÝGROS;5;SERVÝS REYONLU M;4771;38.416397;27.173629;Selimiye Cad 2424 Sokak No:1/1 Gültepe;35;8;ÝZMÝR;KONAK;18.09.2015;Hayýr;;452;533;;;1235;;919;919
YATAÐAN M MÝGROS;GÜNEY EGE;1;MÝGROS;5;SERVÝS REYONLU M;4772;37.34111;28.13956;Cumhuriyet Mah. Cumhuriyet Cad. No: 34/27;48;11;MUÐLA;YATAÐAN;18.09.2015;Hayýr;;437;727;;;1802;;920;920
ÖZKANLAR MM MÝGROS;KUZEY EGE;1;MÝGROS;2;MM;4774;38.458987;27.195153;Mansuroðlu Mah.271/2;35;29;ÝZMÝR;BAYRAKLI;20.10.2015;Hayýr;;1112;1806;;1,3;1319;;921;921
BOZYAKA BAHAR M MÝGROS;GÜNEY EGE;1;MÝGROS;6;SELF SERVÝS M;4776;38.402271;27.123713;Bahar Mah.2904/1 Sok.NO:3/A;35;30;ÝZMÝR;KARABAÐLAR;26.08.2015;Hayýr;;222;328;;;3635;;922;922
MJET YELKÝ;KUZEY EGE;230;MJET;9;M-JET;4777;38.34544425;26.8652638;Yelki Mah.2730 Sokak No:47/A;35;6;ÝZMÝR;GÜZELBAHÇE;9.09.2015;Hayýr;;350;573;;;;;923;923
SUBAYEVLERÝ BALIKESÝR MM;GÜNEY MARMARA;1;MÝGROS;2;MM;4778;39.631601;27.887399;Plevne Mah. Beyoðlu Cad. No:18-20/A;10;19;BALIKESÝR;ALTIEYLÜL;25.08.2015;Hayýr;;782;1400;;59,3;1968;;924;924
MJET PAZARYERÝ MUÐLA;GÜNEY EGE;230;MJET;9;M-JET;4779;37.215976;28.369113;Orhaniye Mahallesi Pazaryeri sokak No:104/1/A;48;12;MUÐLA;MENTEÞE;25.08.2015;Hayýr;;216;752;;;3898;;925;925
ÇÝÐLÝ M MÝGROS;KUZEY EGE;1;MÝGROS;6;SELF SERVÝS M;4780;38.49466;27.06284;Köyiçi Mah. Köyiçi Cad No:3;35;4;ÝZMÝR;ÇÝÐLÝ;28.08.2015;Hayýr;;306;487;;;1214;;926;926
TÝRE YENÝMAHALLE MM MÝGROS;GÜNEY EGE;1;MÝGROS;2;MM;4781;38.092156;27.733247;Ali Okan Cad.NO:17;35;26;ÝZMÝR;TÝRE;25.08.2015;Hayýr;;832;1399;;;1785;;927;927
NÝDAKULE KOZYATAÐI MM MÝGROS;DOÐU MARMARA;1;MÝGROS;2;MM;4782;40.974361;29.098589;Kozyataðý Mh. Deðirmen Sok.No:18/B;34;16;ÝSTANBUL;KADIKÖY;25.12.2015;Hayýr;;600;785;;59;;;928;928
MARMARÝS CAPRÝCE AVM M;GÜNEY EGE;1;MÝGROS;6;SELF SERVÝS M;4783;36.8589734;28.2547188;Armutalan Mah.508.Sok.No:6/6;48;7;MUÐLA;MARMARÝS;8.08.2018;Hayýr;;669;1300;;;;;929;929
GÜMBET ASARLIK M MÝGROS;GÜNEY EGE;1;MÝGROS;6;SELF SERVÝS M;4784;37.03128456;27.3947245;Gümbet Mh.Adnan Menderes Cd.No:59/A;48;1;MUÐLA;BODRUM;6.11.2015;Hayýr;;381;556;;59;;;930;930
MÝRZABEY BALIKESÝR MM MÝGROS;GÜNEY MARMARA;1;MÝGROS;2;MM;4785;39.656167;27.848421;Adnan Menderes Mahallesi 157. Sokak No:1/2/A;10;20;BALIKESÝR;KARESÝ;1.09.2015;Hayýr;;847;1254;;;2046;;931;931
ÇÝÐLÝ EVKA 2 MM MÝGROS;KUZEY EGE;1;MÝGROS;2;MM;4786;38.498764;27.086658;Evka 2 Mah.6850 Sokak.NO:3;35;4;ÝZMÝR;ÇÝÐLÝ;4.09.2015;Hayýr;;685;1470;;3;1330;;932;932
MJET ÇAMDÝBÝ YILDIRIM BEYAZIT;KUZEY EGE;230;MJET;9;M-JET;4787;38.439497;27.189099;Çýnar Mah. Yýldýrým Beyazýt Cad. No:109/A;35;2;ÝZMÝR;BORNOVA;11.09.2015;Hayýr;;216;320;;;3891;;933;933
KARÞIYAKA SERÝNKUYU M;KUZEY EGE;1;MÝGROS;5;SERVÝS REYONLU M;4788;38.475703;27.102917;Cumhuriyet Mah. Anadolu Cad.NO:424/F;35;7;ÝZMÝR;KARÞIYAKA;9.09.2015;Hayýr;;555;1128;;;3567;;934;934
MJET BUCA KURUÇEÞME;GÜNEY EGE;230;MJET;9;M-JET;4789;38.37567;27.18043;Ahmet Yesevi Cad.NO:38/1A Kuruçeþme Mah;35;3;ÝZMÝR;BUCA;25.08.2015;Hayýr;;318;389;;;1290;;935;935
MJET KEMALPAÞA;KUZEY EGE;230;MJET;9;M-JET;4790;38.425832;27.421022;Soðukpýnar Mah. Ýsmet Ýnönü Cad. NO:2-A;35;18;ÝZMÝR;KEMALPAÞA;2.09.2015;Hayýr;;251;506;;;3557;;936;936
MJET BASMANE;KUZEY EGE;230;MJET;9;M-JET;4791;38.42134;27.14385;Etiler Mah. Anafartalar Cad.No:753;35;8;ÝZMÝR;KONAK;1.09.2015;Hayýr;;256;370;;;1310;;937;937
MJET PINARBAÞI;KUZEY EGE;230;MJET;9;M-JET;4792;38.429786;27.266975;Kemalpaþa Mah.7055 Sokak.NO:1;35;2;ÝZMÝR;BORNOVA;9.09.2015;Hayýr;;243;374;;;3559;;938;938
BAHÇELÝEVLER BALIKESÝR M;GÜNEY MARMARA;1;MÝGROS;6;SELF SERVÝS M;4793;39.634931;27.892742;Bahçelievler Mah. Teknik Lise Cad. No:51/A/A;10;19;BALIKESÝR;ALTIEYLÜL;18.08.2015;Hayýr;;280;530;;;1283;;939;939
MJET DENÝZLÝ ÝNCÝLÝPINAR PO;GÜNEY EGE;230;MJET;255;MJET-ÝSTASYON;4795;37.7586;29.1057;Ýncilipýnar Mahallesi Fevzi Çakmak Bul.  No:280/A;20;19;DENÝZLÝ;PAMUKKALE;28.08.2015;Hayýr;;56;58;;;;;940;940
MJET SAHRAYICEDÝD HOÞGÖRÜ;DOÐU MARMARA;230;MJET;9;M-JET;4796;40.982611;29.07535;Merdivenköy Mah. Hoþgörü Sok.Kalender Apt.N0:20;34;16;ÝSTANBUL;KADIKÖY;28.08.2015;Hayýr;;318;350;;;4062;;941;941
KOCATEPE ÞÝRÝNYER ÝZMÝR M;GÜNEY EGE;1;MÝGROS;5;SERVÝS REYONLU M;4798;38.394691;27.160572;Barýþ Mah 302/1 Sokak NO:7/A;35;3;ÝZMÝR;BUCA;2.09.2015;Hayýr;;224;326;;;1289;;942;942
CADDEBOSTAN MMM MÝGROS;DOÐU MARMARA;1;MÝGROS;3;MMM;480;40.96364;29.06496;Caddebostan Mah.Opr.Cemil Topuzlu Cad NO:136;34;16;ÝSTANBUL;KADIKÖY;27.12.1996;Evet;40;2300;3200;;5,3,13;;;943;943
MJET AKINCILAR ÝZMÝR;GÜNEY EGE;230;MJET;9;M-JET;4801;38.385127;27.144854;Akýncýlar Mah.544 Sokak NO:2/A;35;3;ÝZMÝR;BUCA;16.09.2015;Hayýr;;203;440;;;3743;;944;944
MJET GÖRÜKLE BURSA;GÜNEY MARMARA;230;MJET;9;M-JET;4803;40.22495435;28.84425354;Dumlupýnar Mah.Pamukkale Cad.Filiz Sokak 28/A;16;1;BURSA;NÝLÜFER;18.09.2015;Hayýr;;200;305;;;;;945;945
NAZÝLLÝ YILDIZTEPE M MÝGROS;GÜNEY EGE;1;MÝGROS;6;SELF SERVÝS M;4804;37.92014362;28.31469;Yýldýztepe mahallesi 61.Sokak No:140/B;9;13;AYDIN;NAZÝLLÝ;13.05.2016;Hayýr;;379;685;;;;;946;946
MJET MENEMEN KOYUNDERE;KUZEY EGE;230;MJET;9;M-JET;4805;38.5786238;27.0655159;Ulus Mah.Çanakkale Asfaltý No:196D;35;22;ÝZMÝR;MENEMEN;22.10.2015;Hayýr;;244;338;;;;;947;947
MJET TIP FAKÜLTESÝ MERSÝN;DOÐU AKDENÝZ;230;MJET;9;M-JET;4806;36.787972;34.538859;Çiftlikköy Mah.Mimar Sinan Cad. No:30/G;33;13;MERSÝN;YENÝÞEHÝR;20.11.2015;Hayýr;;156;328;;;;;948;948
KANLICA M MÝGROS;DOÐU MARMARA;1;MÝGROS;5;SERVÝS REYONLU M;4809;41.099566;29.065977;Kanlýca Mah.Barýþ Manço Cad.NO:11/A;34;8;ÝSTANBUL;BEYKOZ;15.10.2015;Hayýr;;407;578;;59;;;949;949
ÖREN MÝLAS MUÐLA M MÝGROS;GÜNEY EGE;1;MÝGROS;6;SELF SERVÝS M;4812;37.030574;27.971948;Yalý Mah.Ýskele Cad.No:52 Ören;48;8;MUÐLA;MÝLAS;2.10.2015;Hayýr;;273;455;;;3776;;950;950
EDREMÝT BALIKESÝR MM MÝGROS;KUZEY EGE;1;MÝGROS;2;MM;4813;39.592941;27.016615;Hamidiye Mahallesi Yýlmaz Akpýnar Bulvarý No:19;10;7;BALIKESÝR;EDREMÝT;15.10.2015;Hayýr;;1323;2162;;59,3;1322;;951;951
MJET SEVGÝ YOLU MANÝSA;KUZEY EGE;230;MJET;9;M-JET;4815;38.613417;27.428125;Utku Mahallesi Çimentepe Caddesi No:47/A;45;16;MANÝSA;ÞEHZADELER;15.10.2015;Hayýr;;263;520;;;1276;;952;952
MJET AND KOZYATAÐI;DOÐU MARMARA;230;MJET;256;MJET-PLAZA;4816;40.975941;29.098683;Ýçerenköy Mah.Cad kodu 275 Umut Sok.No:10/12;34;34;ÝSTANBUL;ATAÞEHÝR;8.10.2015;Hayýr;;175;226;;59;;;953;953
PODÝUM AVM ANKARA MMM MÝGROS;ÝÇ ANADOLU;1;MÝGROS;3;MMM;4817;39.962155;32.770543;Mehmetakif Ersoy Mah. Baðdat Cad NO:60/B-008;6;8;ANKARA;YENÝMAHALLE;22.10.2015;Evet;;1428;2243;;;;;954;954
KALEKENT BEYLÝKDÜZÜ MM MÝGROS;BATI MARMARA;1;MÝGROS;2;MM;4818;41.00299542;28.63578974;Adnan Kahveci Mah.Kýþla Cad.No:32/4-1;34;36;ÝSTANBUL;BEYLÝKDÜZÜ;23.10.2015;Hayýr;;752;1588;;59;;;955;955
MJET TOROS ANTALYA;BATI AKDENÝZ;230;MJET;9;M-JET;4819;36.884704;30.647776;Toros Mahallesi Pýnarbaþý Caddesi No:11A;7;18;ANTALYA;KONYAALTI;16.10.2015;Hayýr;;165;282;;;;;956;956
KONAK HÜKÜMET KONAÐI M MÝGROS;KUZEY EGE;1;MÝGROS;6;SELF SERVÝS M;4821;38.41976;27.13014;Konak Mah Macýbur Rahman Cad 857 Sokak No:9;35;8;ÝZMÝR;KONAK;22.10.2015;Hayýr;;288;511;;;1228;;957;957
FEVZÝ ÇAKMAK M MÝGROS;KUZEY EGE;1;MÝGROS;5;SERVÝS REYONLU M;4822;38.401155;27.129772;Güneþli Mah. Eski Ýzmir Cad No:21 Yaðhaneler;35;8;ÝZMÝR;KONAK;27.10.2015;Hayýr;;370;468;;;1232;;958;958
GOP UÐUR MUMCU MACROCENTER;ÝÇ ANADOLU;4;MACROCENTER;9;MACROCENTER;4823;39.893423;32.876737;Büyükesat MAH.Uður Mumcu CAD NO:62;6;2;ANKARA;ÇANKAYA;30.10.2015;Evet;;800;2156;;59;;;959;959
ÝNCÝRALTI MMM MÝGROS;KUZEY EGE;1;MÝGROS;3;MMM;4824;38.39709;27.02482;Ýnciraltý Mah.Mustafa Kemal Sahil Bulvarý Sok.;35;1;ÝZMÝR;BALÇOVA;23.10.2015;Evet;;1955;2823;;59,3;1241;;960;960
EVKA 1 BUCA ÝZMÝR MM MÝGROS;GÜNEY EGE;1;MÝGROS;2;MM;4826;38.399355;27.192428;Çaðdaþ Mah Ali Þir Nevai Cad NO:2 Evka1;35;3;ÝZMÝR;BUCA;2.11.2015;Hayýr;;1076;1968;;59,3;1240;;961;961
MERKEZ GÜZELBAHÇE ÝZMÝR M;KUZEY EGE;1;MÝGROS;5;SERVÝS REYONLU M;4829;38.363044;26.882512;Kahramandere Mah.Þehit Kemal Cad.NO:118;35;6;ÝZMÝR;GÜZELBAHÇE;15.10.2015;Hayýr;;417;1115;;59;3459;;962;962
EDÝRNE MMM MÝGROS;BATI MARMARA;1;MÝGROS;3;MMM;483;41.659239;26.583765;1. Murat Mah. Atatürk Bulv. No:198;22;0;EDÝRNE;MERKEZ;14.07.1995;Hayýr;70;2322;3844;;1,3;;;963;963
14 BURDA AVM BOLU MM MÝGROS;ÝÇ ANADOLU;1;MÝGROS;2;MM;4830;40.731701;31.563173;Paþaköy Mah. D-100 Karayolu Cad. No:8/8;14;0;BOLU;MERKEZ;5.11.2015;Hayýr;;972;1160;;;;;964;964
MERKEZ SELÇUK ÝZMÝR M MÝGROS;GÜNEY EGE;1;MÝGROS;5;SERVÝS REYONLU M;4831;37.94748;27.37002;Atatürk Mah. Kubilay Cad.NO:1;35;25;ÝZMÝR;SELÇUK;2.11.2015;Hayýr;;350;392;;;1255;;965;965
MJET BAÐÇEÞME KOCAELÝ;DOÐU MARMARA;230;MJET;9;M-JET;4834;40.77826237;29.9297541;Orhan Mah Devran Cad No:47 A1-1 A2-1-2;41;11;KOCAELÝ;ÝZMÝT;16.10.2015;Hayýr;;250;585;;;;;966;966
PANORAMA ESKÝÞEHÝR M MÝGROS;ÝÇ ANADOLU;1;MÝGROS;5;SERVÝS REYONLU M;4835;39.771025;30.485322;Osmangazi Mah.Basýn Þehitleri Cad.NO:331;26;13;ESKÝÞEHÝR;ODUNPAZARI;13.11.2015;Hayýr;;515;867;;59;;;967;967
MJET ÝZMÝR YOLU ÖZLÜCE PO;GÜNEY MARMARA;230;MJET;255;MJET-ÝSTASYON;4836;40.21512972;28.88920525;Arif Karalar Özlüce Petrol Ofisi Ýstasyonu;16;1;BURSA;NÝLÜFER;23.10.2015;Hayýr;;58;64;;;;;968;968
MJET OTOSANSÝT BURSA PO;GÜNEY MARMARA;230;MJET;255;MJET-ÝSTASYON;4837;40.1967884;29.16020286;Akif Karalar Petrol Ofisi Ýstasyonu Ankara Yolu;16;3;BURSA;YILDIRIM;13.11.2015;Hayýr;;61;66;;;;;969;969
MJET MASLAK ÝTÜ;BATI MARMARA;230;MJET;9;M-JET;4838;41.1030386;29.02216564;Reþitpaþa Mah.Ýstinye Bayýrý Cad.ÝTÜ Ayazaða;34;22;ÝSTANBUL;SARIYER;27.10.2015;Hayýr;;246;345;;59;;;970;970
KAYABAL CAD. ÝÇMELER MUÐLA M;GÜNEY EGE;1;MÝGROS;5;SERVÝS REYONLU M;4839;36.801468;28.226055;Cumhuriyet Mah. Kayabal Cad NO:12;48;7;MUÐLA;MARMARÝS;28.10.2015;Hayýr;;351;859;;1;1288;;971;971
YENÝ DATÇA YOLU MARMARÝS MM;GÜNEY EGE;1;MÝGROS;2;MM;4840;36.858633;28.249047;Armutalan Mah. M.Kemal Paþa Bulv No:2;48;7;MUÐLA;MARMARÝS;2.11.2015;Hayýr;;639;1205;;;3825;;972;972
MJET GAZÝ BULVARI ANTALYA PO;BATI AKDENÝZ;230;MJET;255;MJET-ÝSTASYON;4842;36.910399;30.696618;Cumhuriyet Mah. Gazi Bulvarý No: 116 A;7;19;ANTALYA;MURATPAÞA;27.10.2015;Hayýr;;70;74;;;;;973;973
MUÐLA MM MÝGROS;GÜNEY EGE;1;MÝGROS;2;MM;4844;37.207081;28.368866;Orhaniye Mahallesi 103 nolu sokak 1/1;48;12;MUÐLA;MENTEÞE;2.11.2015;Hayýr;;1366;2508;;3;1321;;974;974
YALI MAH. TURGUTREÝS MUÐLA MM;GÜNEY EGE;1;MÝGROS;2;MM;4845;37.00338;27.25914;Gazi Mustafa Kemal Blv NO:142 Turgutreis Mah;48;1;MUÐLA;BODRUM;2.11.2015;Hayýr;;994;1414;;;1296;;975;975
M.HÝLMÝ CAD.TURGUTREÝS MM;GÜNEY EGE;1;MÝGROS;2;MM;4846;37.00834;27.26162;Turgutreis Mah.Mehmet Hilmi Cad.NO:41/1;48;1;MUÐLA;BODRUM;23.10.2015;Hayýr;;772;1255;;;1773;;976;976
SÝTELER MARMARÝS MUÐLA MM;GÜNEY EGE;1;MÝGROS;2;MM;4847;36.844815;28.253953;Siteler Mah Kemal Seyfettin Ergin Bulvarý No=66;48;7;MUÐLA;MARMARÝS;2.11.2015;Hayýr;;963;1568;;3;2195;;977;977
MERKEZ AYVALIK BALIKESÝR MM;KUZEY EGE;1;MÝGROS;2;MM;4848;39.31592;26.69122;HAYRETTÝNPAÞA MH. 14024 SK. NO:5;10;1;BALIKESÝR;AYVALIK;2.11.2015;Hayýr;;870;1577;;59;1287;;978;978
BUCA KOOP. ÝZMÝR MMM MÝGROS;GÜNEY EGE;1;MÝGROS;3;MMM;4849;38.370421;27.17891;Yýldýz Mah.Ahmet Piriþtina Bulv .No:1/A;35;3;ÝZMÝR;BUCA;2.11.2015;Hayýr;;1183;1951;;3;4132;;979;979
GARAJ YALIKAVAK MUÐLA M;GÜNEY EGE;1;MÝGROS;5;SERVÝS REYONLU M;4850;37.103815;27.29205;Merkez Mah.Þeyhilüslam Ö.Lütfi Cad.NO:26/B;48;1;MUÐLA;BODRUM;2.11.2015;Hayýr;;306;490;;59,3;4192;;980;980
GÖKÇEBEL YALIKAVAK MUÐLA MM;GÜNEY EGE;1;MÝGROS;2;MM;4852;37.114081;27.325262;Dirmil  Mahallesi Ýnönü Cad. No: 107;48;1;MUÐLA;BODRUM;2.11.2015;Hayýr;;1346;2306;;1,3;1808;;981;981
ÞÝRÝNYER ÝZMÝR MMM MÝGROS;GÜNEY EGE;1;MÝGROS;3;MMM;4853;38.392122;27.150162;Ýnkýlap Mah. Menderes Cad.NO:245;35;3;ÝZMÝR;BUCA;2.11.2015;Hayýr;;1270;2118;;1,3;1217;;982;982
BAHÇECÝTY MMM MÝGROS;BATI MARMARA;1;MÝGROS;3;MMM;4855;41.0666935;28.70097483;Tahtakale Mah Fýrat 1 Cad  NO:4/1AF;34;2;ÝSTANBUL;AVCILAR;25.12.2015;Hayýr;;1542;1800;;3;;;983;983
EGEKENT ÝZMÝR MM MÝGROS;KUZEY EGE;1;MÝGROS;2;MM;4856;38.50382;27.06211;Ýzkent Mahallesi 8831 Sk. No:2/A;35;4;ÝZMÝR;ÇÝÐLÝ;2.11.2015;Hayýr;;843;2400;;3;1243;;984;984
KUÞADASI AYDIN MMM MÝGROS;GÜNEY EGE;1;MÝGROS;3;MMM;4857;37.84731;27.25873;Hacýfeyzullah Mah. Süleyman Demirel Bulv No:28;9;11;AYDIN;KUÞADASI;2.11.2015;Hayýr;;1380;2118;;1,3;1268;;985;985
MJET BOÐAZÝÇÝ;KUZEY EGE;230;MJET;9;M-JET;4858;38.416628;27.165198;Levent Mah. Vatan Cad No:39/C;35;8;ÝZMÝR;KONAK;30.10.2015;Hayýr;;174;202;;;1224;;986;986
TEPE MAH. MARMARÝS MUÐLA MM;GÜNEY EGE;1;MÝGROS;2;MM;4859;36.855911;28.271497;Tepe Mah 48 Sokak. NO:9;48;7;MUÐLA;MARMARÝS;2.11.2015;Hayýr;;631;1073;;1,3;3703;;987;987
DAVRAZ ISPARTA M MÝGROS;BATI AKDENÝZ;1;MÝGROS;6;SELF SERVÝS M;4860;37.761209;30.576412;Davraz Mah. 3972 Sok. No:2;32;0;ISPARTA;MERKEZ;20.11.2015;Hayýr;;436;978;;;;;988;988
MJET AKSOY MAH. KARÞIYAKA;KUZEY EGE;230;MJET;9;M-JET;4862;38.45522356;27.10754358;Aksoy Mah. Fazlýbey Cad 1748 Sokak No:12-18;35;7;ÝZMÝR;KARÞIYAKA;12.12.2015;Hayýr;;143;158;;;;;989;989
AKARCA FETHÝYE MUÐLA MM MÝGROS;GÜNEY EGE;1;MÝGROS;2;MM;4863;36.642636;29.123788;Akarca Mah .M.Kemal Bulv. Opet Karþýsý;48;4;MUÐLA;FETHÝYE;4.11.2015;Hayýr;;1296;2848;;;1480;;990;990
MAVÝBAHÇE ÝZMÝR MACROCENTER;KUZEY EGE;4;MACROCENTER;9;MACROCENTER;4864;38.47251618;27.0742645;Maviþehir Mah.Aziz Nesin Bulvarý No:26;35;7;ÝZMÝR;KARÞIYAKA;20.11.2015;Evet;;955;1240;;1;;;991;991
MJET GÜZELBAHÇE ÇARÞI ÝZMÝR;KUZEY EGE;230;MJET;9;M-JET;4865;38.358564;26.888357;Atatürk Mah.555 Sokak NO:9;35;6;ÝZMÝR;GÜZELBAHÇE;4.11.2015;Hayýr;;154;220;;;3595;;992;992
MJET TAÞYAKA MAH. FETHÝYE;GÜNEY EGE;230;MJET;9;M-JET;4866;36.61912487;29.13654772;Taþkaya Mah.Baha Þýkman Cad.Falcon Plaza;48;4;MUÐLA;FETHÝYE;4.12.2015;Hayýr;;170;287;;;;;993;993
DÖRTYOL ALTINOLUK MMM MÝGROS;KUZEY EGE;1;MÝGROS;3;MMM;4867;39.568569;26.74318;ALTINOLUK Mah. TEKÇAM Cad. TANSAÞ MARKET Sit.;10;7;BALIKESÝR;EDREMÝT;4.11.2015;Evet;;1417;2583;;1,3;1324;;994;994
ZEYTÝNALANI ÝZMÝR M MÝGROS;KUZEY EGE;1;MÝGROS;5;SERVÝS REYONLU M;4868;38.3702;26.8426;Mareþal Fevzi Çakmak Cad. No:199/1;35;28;ÝZMÝR;URLA;4.11.2015;Hayýr;;249;625;;;1757;;995;995
ILICAEVLERÝ ÇEÞME M MÝGROS;KUZEY EGE;1;MÝGROS;6;SELF SERVÝS M;4869;38.30632;26.3739;Celal Bayar Mahallesi 5216 Sokak No:9;35;14;ÝZMÝR;ÇEÞME;4.11.2015;Hayýr;;561;740;Evet;59;1253;;996;996
ÜÇKUYULAR BUCA ÝZMÝR M MÝGROS;GÜNEY EGE;1;MÝGROS;5;SERVÝS REYONLU M;4871;38.382528;27.175326;Dumlupýnar Mahallesi Özmen Caddesi No:8/A;35;3;ÝZMÝR;BUCA;4.11.2015;Hayýr;;264;329;;;1279;;997;997
MJET YUNUS KARTAL PO;DOÐU MARMARA;230;MJET;255;MJET-ÝSTASYON;4877;40.889755;29.208258;Çavuþoðlu Mah.Yunus Sanayi Cad.NO:9;34;18;ÝSTANBUL;KARTAL;16.11.2015;Hayýr;;58;58;;;;;998;998
MJET ÝHSANÝYE BURSA;GÜNEY MARMARA;230;MJET;9;M-JET;4878;40.22366516;28.98111849;Ýhsaniye Mah. Ýsmetiye Cad.No:30;16;1;BURSA;NÝLÜFER;4.12.2015;Hayýr;;237;306;;;;;999;999
DEMÝR ROMANCE BEYLÝKDÜZÜ MM;BATI MARMARA;1;MÝGROS;2;MM;4879;41.0150679;28.63561123;Cumhuriyet Mah.Nadir Sok No:2 Dükkan 17;34;36;ÝSTANBUL;BEYLÝKDÜZÜ;11.12.2015;Hayýr;;806;1870;;59;;;1000;1000
MJET KOCAYOL KOZYATAÐI;DOÐU MARMARA;230;MJET;9;M-JET;4880;40.966218;29.099596;Kozyataðý Mah..Kozyataðý Sok NO:9/1;34;16;ÝSTANBUL;KADIKÖY;1.12.2015;Hayýr;;122;149;;3;;;1001;1001
MJET ADNAN MENDERES MARMARÝS;GÜNEY EGE;230;MJET;9;M-JET;4882;36.85561786;28.24449372;Merkez Mah.Adnan Menderes Cad.No:86/1;48;7;MUÐLA;MARMARÝS;17.12.2015;Hayýr;;235;539;;;;;1002;1002
MJET GEÇÝT MAH. BURSA;GÜNEY MARMARA;230;MJET;9;M-JET;4883;40.26986487;28.9526999;Geçit Mah.Birinci Seçmen Sok. No:12;16;2;BURSA;OSMANGAZÝ;3.12.2015;Hayýr;;235;483;;;;;1003;1003
NARLIDERE MM MÝGROS;KUZEY EGE;1;MÝGROS;2;MM;4884;38.39290921;27.02104859;Ilýca Mah.Mithatpaþa Cad.NO:119/A;35;9;ÝZMÝR;NARLIDERE;30.12.2015;Evet;;679;1005;;59;;;1004;1004
MJET YALVAÇ ISPARTA;BATI AKDENÝZ;230;MJET;9;M-JET;4885;38.294277;31.181242;Pazaraþaðý Mah.Turgut Özal Bulvarý NO:5/A-5/B;32;11;ISPARTA;YALVAÇ;11.12.2015;Hayýr;;153;227;;;;;1005;1005
MJET ÇAYIROVA PO ÝSTASYON;DOÐU MARMARA;230;MJET;255;MJET-ÝSTASYON;4886;40.817609;29.366892;Çayýrova Mah. Ali Haydar Efendi Cad.NO:52;41;8;KOCAELÝ;ÇAYIROVA;1.12.2015;Hayýr;;77;83;;;;;1006;1006
MJET SARIKIÞLA ANKARA PO;ÝÇ ANADOLU;230;MJET;255;MJET-ÝSTASYON;4887;39.957402;32.851985;Etlik Cad.NO:108;6;1;ANKARA;ALTINDAÐ;4.12.2015;Hayýr;;45;45;;;;;1007;1007
DEÐÝRMEN EDÝRNE MM MÝGROS;BATI MARMARA;1;MÝGROS;2;MM;4888;41.66681393;26.56650262;Abdurrahman Mah. Nazýr Çeþme Sok. No:4B/56-57-58;22;0;EDÝRNE;MERKEZ;25.12.2015;Hayýr;;1054;1443;;1;;;1008;1008
ÞENEVLER ÞANLIURFA M MÝGROS;DOÐU/G.DOÐU ANADOLU;1;MÝGROS;5;SERVÝS REYONLU M;4890;37.221475;38.80512;Þenevler Mahallesi Atatürk Bul. No:50/A-1;63;13;ÞANLIURFA;KARAKÖPRÜ;16.12.2015;Hayýr;;347;684;;;;;1009;1009
MJET SAHÝL KONYAALTI PO;BATI AKDENÝZ;230;MJET;255;MJET-ÝSTASYON;4892;36.860487;30.634801;Gürsu Mah. Akdeniz Bulvarý Cad. No:186AA;7;18;ANTALYA;KONYAALTI;9.12.2015;Hayýr;;75;84;;;;;1011;1011
MJET TEOMANPAÞA ANTALYA;BATI AKDENÝZ;230;MJET;9;M-JET;4894;36.887932;30.684652;Varlýk Mah.Teomanpaþa Cad.Sipahi Apt.NO:96/B;7;19;ANTALYA;MURATPAÞA;18.12.2015;Hayýr;;140;204;;;;;1012;1012
MJET ULUDAÐ TELEFERÝK;GÜNEY MARMARA;230;MJET;9;M-JET;4898;40.114502;29.138918;Kirazlý Mah.Uludað Oteller 2.Yerleþim Bölgesi;16;2;BURSA;OSMANGAZÝ;29.12.2015;Hayýr;;153;185;;59;;;1013;1013
13 MART MARDÝN M MÝGROS;DOÐU/G.DOÐU ANADOLU;1;MÝGROS;5;SERVÝS REYONLU M;4899;37.324614;40.719972;13 Mart Mah. Valiozan Cad. No:74B/Z3;47;10;MARDÝN;ARTUKLU;23.03.2016;Hayýr;;448;637;;59;;;1014;1014
MJET OVA YALOVA;GÜNEY MARMARA;230;MJET;9;M-JET;4900;40.64673565;29.25991634;Adnan Menderes Mah. Manolya Sok. No:2A/9;77;0;YALOVA;MERKEZ;5.02.2016;Hayýr;;301;567;;59;;;1015;1015
ALTINOVA SAKARYA MMM MÝGROS;GÜNEY MARMARA;1;MÝGROS;3;MMM;4901;40.76285886;30.36944148;Bahçelievler Mah. Muhsin Yazýcýoðlu Bulvarý No:34;54;16;SAKARYA;SERDÝVAN;29.07.2016;Evet;;1562;2145;;3;;;1016;1016
AYDINLI TUZLA MM MÝGROS;DOÐU MARMARA;1;MÝGROS;2;MM;4903;40.874257;29.326822;Aydýnlý Mah. Gürpýnar Cad. No:54/A;34;24;ÝSTANBUL;TUZLA;7.01.2016;Evet;;960;1424;;3;;;1017;1017
MJET BAÐCILAR BELEDÝYE PO;BATI MARMARA;230;MJET;255;MJET-ÝSTASYON;4904;41.03452169;28.83319845;Güneþli Mah.Mahmutbey Cad  No:113;34;3;ÝSTANBUL;BAÐCILAR;28.12.2015;Hayýr;;81;101;;59;;;1018;1018
MJET BAHÇELÝEVLER BALIKESÝR;GÜNEY MARMARA;230;MJET;9;M-JET;4906;39.6313787;27.89684445;Bahçelievler Mahallesi Teknik Lise Cad. No:88A/1;10;19;BALIKESÝR;ALTIEYLÜL;22.01.2016;Hayýr;;266;349;;;;;1019;1019
MJET NECÝP FAZIL CAD. AMASYA;KARADENÝZ/KUZEYD.AND;230;MJET;9;M-JET;4907;40.64933;35.808573;Hacýlar Meydaný Mah. Necip Fazýl Cad. No:35/A;5;0;AMASYA;MERKEZ;15.01.2016;Hayýr;;214;273;;;;;1020;1020
TUGAYYOLU MALTEPE MM MÝGROS;DOÐU MARMARA;1;MÝGROS;2;MM;4908;40.91742;29.15994;Cevizli Mah. Tugayyolu Cad. NO:12;34;20;ÝSTANBUL;MALTEPE;28.04.2016;Evet;;1116;1565;;59,3;;;1021;1021
MJET ANKARA SEZENLER;ÝÇ ANADOLU;230;MJET;9;M-JET;4909;39.927197;32.8515;Korkutreis Mah Sezenler Cad. NO:16/A-B;6;2;ANKARA;ÇANKAYA;22.01.2016;Hayýr;;235;396;;59;;;1022;1022
HÜRRÝYET TEKÝRDAÐ MM MÝGROS;BATI MARMARA;1;MÝGROS;2;MM;4911;40.986328;27.560094;Hürriyet Mah. Kar Sok. No:14/1;59;11;TEKÝRDAÐ;SÜLEYMANPAÞA;21.01.2016;Hayýr;;830;1067;;;;;1023;1023
MJET ÝZMÝR SELÇUK PO ÝSTASYON;GÜNEY EGE;230;MJET;255;MJET-ÝSTASYON;4913;37.95495015;27.37205697;Ýsabey Mah. Atatürk Cad. N0:41;35;25;ÝZMÝR;SELÇUK;18.03.2016;Hayýr;;41;41;;;;;1024;1024
MJET ERZURUM YILDIZKENT;KARADENÝZ/KUZEYD.AND;230;MJET;9;M-JET;4914;39.880967;41.248269;Adnan Menderes Mah. 2. Cadde No:41;25;20;ERZURUM;PALANDÖKEN;15.01.2016;Hayýr;;200;826;;;4382;;1025;1025
PASCO PLAZA ÝSTANBUL MM MÝGROS;DOÐU MARMARA;1;MÝGROS;2;MM;4915;40.937991;29.135327;Altayçeþme Mah.Üstü Çam Sok. E5 Karayolu;34;20;ÝSTANBUL;MALTEPE;21.04.2016;Hayýr;;600;812;;59;;;1026;1026
MJET DEMÝRCÝ BURSA;GÜNEY MARMARA;230;MJET;9;M-JET;4916;40.192156;28.94081327;Demirci Mah. Gümüþlük (390) Cad. B-C Blok NO:7;16;1;BURSA;NÝLÜFER;22.01.2016;Hayýr;;324;417;;;;;1027;1027
MJET BÜYÜK ÇÝÐLÝ ÝZMÝR  PO;KUZEY EGE;230;MJET;255;MJET-ÝSTASYON;4918;38.49118398;27.05136916;Ataþehir Mah. 8229/1 Sok. NO:42/2;35;4;ÝZMÝR;ÇÝÐLÝ;7.03.2016;Hayýr;;68;74;;;;;1028;1028
MJET SAMSUN ÝSMET ÝNÖNÜ;KARADENÝZ/KUZEYD.AND;230;MJET;9;M-JET;4921;41.326899;36.298452;Esenler Mah. 320. Sokak NO:2;55;15;SAMSUN;ATAKUM;27.01.2016;Hayýr;;131;201;;;;;1029;1029
YAÞAMKENT ANKARA MM MÝGROS;ÝÇ ANADOLU;1;MÝGROS;2;MM;4922;39.860275;32.636471;Yaþamkent Mah. 3250. Cadde No:6/B-3,B-4,B-5,B-6;6;2;ANKARA;ÇANKAYA;15.07.2016;Hayýr;;970;1479;;;;;1030;1030
MJET SAKARYA ÜNÝVERSÝTE;GÜNEY MARMARA;230;MJET;9;M-JET;4923;40.74579941;30.34414721;Kemalpaþa Mah. Üniversite Cad. No: 90/A;54;16;SAKARYA;SERDÝVAN;22.04.2016;Hayýr;;241;364;;;;;1031;1031
MJET BEÞKAVAKLAR BOLU PO;ÝÇ ANADOLU;230;MJET;255;MJET-ÝSTASYON;4925;40.737585;31.597342;Beþkavaklar Mah. D-100 Karayolu Cad. No:95/B;14;0;BOLU;MERKEZ;26.01.2016;Hayýr;;39;45;;;;;1032;1032
MJET GAZÝANTEP ORGANÝZE SAN.PO;DOÐU AKDENÝZ;230;MJET;255;MJET-ÝSTASYON;4926;37.146972;37.294963;Baþpýnar Mah.1.Org.San Bolg 83120 No'lu Cad. No:7;27;2;GAZÝANTEP;ÞEHÝTKAMÝL;22.01.2016;Hayýr;;50;58;;;;;1033;1033
MJET EFELER MAH AYDIN;GÜNEY EGE;230;MJET;9;M-JET;4927;37.84602163;27.82968523;Efeler Mah.Hürriyet Bulvarý No:19;9;17;AYDIN;EFELER;24.02.2017;Hayýr;;243;567;;;;;1034;1034
MJET ÝSK. HASAN ALÝ YÜCEL CD.;DOÐU AKDENÝZ;230;MJET;9;M-JET;4929;36.564922;36.150609;Mustafa Kemal Mh. Hasan Ali Yücel Cd. A Blok No:61;31;6;HATAY;ÝSKENDERUN;15.11.2016;Hayýr;;257;519;;;;;1035;1035
MJET BAÐARASI FOÇA;KUZEY EGE;230;MJET;9;M-JET;4930;38.6586346;26.8541631;Kazýmdirik Mahallesi Foça-Ýzmir Karayolu No:128;35;16;ÝZMÝR;FOÇA;27.06.2016;Hayýr;;246;310;;;;;1036;1036
KÖRFEZKENT KOCAELÝ MM MÝGROS;DOÐU MARMARA;1;MÝGROS;2;MM;4931;40.7757144;29.79899752;Yavuz Sultan Selim Mah. Mevlana Cad.NO:147 B BLOK;41;5;KOCAELÝ;KÖRFEZ;15.04.2016;Hayýr;;1257;1577;;59,3;;;1037;1037
BAYRAMPAÞA PASHADOR MM MÝGROS;BATI MARMARA;1;MÝGROS;2;MM;4932;41.05317961;28.90975975;Muratpaþa Mah. Eski Edirne Asvaltý NO:1/1-1/2-1/3;34;6;ÝSTANBUL;BAYRAMPAÞA;15.04.2016;Hayýr;;900;1600;;3;;;1038;1038
23 NÝSAN BULVAR BURSA MM;GÜNEY MARMARA;1;MÝGROS;2;MM;4933;40.21672676;28.93996515;23 Nisan Mah. 257.Sokak NO:110/1A-1B;16;1;BURSA;NÝLÜFER;11.03.2016;Hayýr;;692;1123;;59;;;1039;1039
MJET MERSÝN ESKÝKÖY;DOÐU AKDENÝZ;230;MJET;9;M-JET;4935;36.744034;34.515888;Merkez Mah. Eskiköy Cad.B Blok No:24/D;33;11;MERSÝN;MEZÝTLÝ;8.04.2016;Hayýr;;249;300;;;;;1040;1040
MJET BOÐAZÝÇÝ MÝLAS;GÜNEY EGE;230;MJET;9;M-JET;4936;37.20477745;27.58209183;Boðaziçi Mah. Merkez Sok. NO:115-1A;48;8;MUÐLA;MÝLAS;15.04.2016;Hayýr;;205;253;;59;;;1041;1041
GÖLBAÞI ANKARA MMM MÝGROS;ÝÇ ANADOLU;1;MÝGROS;3;MMM;4937;39.805746;32.80296;Karþýyaka Mah.Haymana Yolu Bulvarý No:4/A;6;4;ANKARA;GÖLBAÞI;7.10.2016;Evet;;1427;2110;;;;;1042;1042
MJET BEÞÝKTAÞ MEYDAN;BATI MARMARA;230;MJET;9;M-JET;4941;41.04372339;29.0077008;Yýldýz Mah. Eski Yýldýz Cad. NO:20/A;34;7;ÝSTANBUL;BEÞÝKTAÞ;15.02.2016;Hayýr;;100;140;;;;;1043;1043
MJET LARA FENER ANTALYA;BATI AKDENÝZ;230;MJET;9;M-JET;4945;36.854148;30.755404;Fener Mah. Falez Cad. NO:9/1;7;19;ANTALYA;MURATPAÞA;12.02.2016;Hayýr;;178;330;;;;;1044;1044
MJET 2000 EVLER NEVÞEHÝR;DOÐU AKDENÝZ;230;MJET;9;M-JET;4946;38.669617;34.739922;2000 Evler Mah. 33. Sokak No:20;50;0;NEVÞEHÝR;MERKEZ;26.02.2016;Hayýr;;215;358;;;;;1045;1045
BÝZÝMEVLER-6 ÝSTANBUL MM;BATI MARMARA;1;MÝGROS;2;MM;4949;41.06254573;28.71018485;Tahtakale Mah. Ispartakule Bulv No:6A-B T-1 Blok;34;2;ÝSTANBUL;AVCILAR;4.03.2016;Hayýr;;1039;1825;;;;;1047;1047
MJET ÝSKELE ÇINARCIK YALOVA;GÜNEY MARMARA;230;MJET;9;M-JET;4950;40.64583287;29.11755728;Harmanlar Mah. Vali Aký Cad. NO:17/A;77;3;YALOVA;ÇINARCIK;24.02.2016;Hayýr;;166;220;;;;;1048;1048
41 BURDA AVM KOCAELÝ MMM;DOÐU MARMARA;1;MÝGROS;3;MMM;4951;40.75697419;29.9485804;Sanayi Mah.Ömer Türkçakal Bulvarý No.7 D:14;41;11;KOCAELÝ;ÝZMÝT;11.03.2016;Evet;;2059;2484;;59,3;;;1049;1049
ETAP ERYAMAN M MÝGROS;ÝÇ ANADOLU;1;MÝGROS;6;SELF SERVÝS M;4953;39.971482;32.653496;Þehit Osman Avcý Mh.Þehit Mehmet Çavuþ Cd.No:13/1;6;3;ANKARA;ETÝMESGUT;19.02.2016;Hayýr;;312;512;;3;;;1050;1050
MJET MAHMUTLAR MEYDAN ALANYA;BATI AKDENÝZ;230;MJET;9;M-JET;4954;36.489775;32.098154;Mahmutlar Mah. Menderes Bulv NO:14 A-B;7;2;ANTALYA;ALANYA;24.02.2016;Hayýr;;142;185;;;;;1051;1051
MJET BALIKESÝR TOYGAR;GÜNEY MARMARA;230;MJET;9;M-JET;4956;39.67072221;27.89846865;TOYGAR MH. 23083 SK. NO:10/A-B-C;10;20;BALIKESÝR;KARESÝ;4.03.2016;Hayýr;;238;287;;;;;1052;1052
MJET HÜRRÝYET CADDESÝ NAZÝLLÝ;GÜNEY EGE;230;MJET;9;M-JET;4957;37.92182151;28.32471521;Yýldýztepe Mah.Hürriyet Cad. No:112/A;9;13;AYDIN;NAZÝLLÝ;18.03.2016;Hayýr;;166;266;;;;;1053;1053
MJET KARÞIYAKA BAHÇELÝEVLER;KUZEY EGE;230;MJET;9;M-JET;4960;38.4625842;27.12444244;Bahariye Mah 1861 Sokak. No:3/A;35;7;ÝZMÝR;KARÞIYAKA;9.04.2016;Hayýr;;254;376;;;;;1055;1055
ALTIN ORAN ANKARA MM MÝGROS;ÝÇ ANADOLU;1;MÝGROS;2;MM;4961;39.848134;32.85573;Ýlkbahar Mah Güneypark Kümeevleri NO:19B-52;6;2;ANKARA;ÇANKAYA;18.03.2016;Hayýr;;1039;1743;;1,3;;;1056;1056
MJET ÇÝNE AYDIN;GÜNEY EGE;230;MJET;9;M-JET;4962;37.61025952;28.05945266;Yeni Mahalle Adnan Menderes Bulvarý 134/A;9;3;AYDIN;ÇÝNE;1.04.2016;Hayýr;;205;370;;;;;1057;1057
MJET PATLANGIÇ MAH FETHÝYE;GÜNEY EGE;230;MJET;9;M-JET;4963;36.61788106;29.14469442;Patlangýç Mah. Baha Þýkman Cad. No:162A;48;4;MUÐLA;FETHÝYE;18.03.2016;Hayýr;;160;260;;;;;1058;1058
MJET LÝMAN MERKEZ ANTALYA;BATI AKDENÝZ;230;MJET;9;M-JET;4965;36.850499;30.606399;Liman Mah. Bileydiler Cad. NO:37/17;7;18;ANTALYA;KONYAALTI;8.03.2016;Hayýr;;174;213;;;;;1059;1059
MJET GÝRNE MAHALLESÝ MALTEPE;DOÐU MARMARA;230;MJET;9;M-JET;4966;40.941036;29.140563;Girne Mah. Maden Sok. No:13;34;20;ÝSTANBUL;MALTEPE;11.03.2016;Hayýr;;175;223;;;;;1060;1060
ENVER BAHADIR CAD. SÝNOP M;KARADENÝZ/KUZEYD.AND;1;MÝGROS;5;SERVÝS REYONLU M;4968;42.020884;35.159028;Ada Mah. Enver Bahadýr Cad. No:17/A/B;57;0;SÝNOP;MERKEZ;31.03.2016;Evet;;372;857;;;;;1061;1061
MJET ÜNÝVERSÝTE AFYON;ÝÇ ANADOLU;230;MJET;9;M-JET;4969;38.815172;30.539572;Erenler Mah. 2753. Sokak. N0:19/A;3;0;AFYONKARAHÝSAR;MERKEZ;28.03.2016;Hayýr;;179;213;;;;;1062;1062
AÞAÐI AYRANCI ANKARA MM MÝGROS;ÝÇ ANADOLU;1;MÝGROS;2;MM;4972;39.907061;32.853632;Remzi Oðuz Arýk Mah. Þimþek Sok. NO:2/B;6;2;ANKARA;ÇANKAYA;8.04.2016;Hayýr;;804;1062;;1;;;1063;1063
BELEDÝYE EVLERÝ ADANA M MÝGROS;DOÐU AKDENÝZ;1;MÝGROS;5;SERVÝS REYONLU M;4973;37.034787;35.262996;Belediye Evleri Mah. Hilmi Kürklü Bulv. NO:38/A;1;15;ADANA;ÇUKUROVA;25.03.2016;Hayýr;;512;1453;;;;;1064;1064
MJET MANAVGAT ILICA;BATI AKDENÝZ;230;MJET;9;M-JET;4975;36.81503356;31.36590245;Ilýca Mah. Kumköy (Ilýca) Bulvarý No: 1 / 1;7;13;ANTALYA;MANAVGAT;29.03.2016;Hayýr;;327;489;;;;;1065;1065
MJET ÖREN MARÝNA MÝLAS;GÜNEY EGE;230;MJET;9;M-JET;4976;37.03156249;27.98169718;Ören Mah. Atatürk Bulv. NO:163/1A;48;8;MUÐLA;MÝLAS;13.05.2016;Hayýr;;266;517;;;;;1066;1066
MJET TIP FAKÜLTESÝ ESKÝÞEHÝR;ÝÇ ANADOLU;230;MJET;9;M-JET;4977;39.753558;30.494367;Büyükdere Mah. Millet Cad. NO:3/B;26;13;ESKÝÞEHÝR;ODUNPAZARI;13.04.2016;Hayýr;;155;225;;;;;1067;1067
AKYAZI ORDU MM MÝGROS;KARADENÝZ/KUZEYD.AND;1;MÝGROS;2;MM;4979;40.97835;37.905278;Akyazý Mah. Ahmet Cemal Maðden Cad. No:20;52;19;ORDU;ALTINORDU;22.04.2016;Hayýr;;654;1093;;;;;1068;1068
MJET ATATÜRK MAH. URLA;KUZEY EGE;230;MJET;9;M-JET;4980;38.35253983;26.80303097;Atatürk Mah. 2240 Sokak No:4;35;28;ÝZMÝR;URLA;22.04.2016;Hayýr;;332;385;;;;;1069;1069
ZORLU MACROCENTER;BATI MARMARA;4;MACROCENTER;9;MACROCENTER;4981;41.0668147;29.01579031;Levazým Mah.Koru Sok NO:2 ZORLU CENTER AVM;34;7;ÝSTANBUL;BEÞÝKTAÞ;15.04.2016;Evet;;495;705;;;;;1070;1070
MJET ANTALYA  KARPUZKALDIRAN;BATI AKDENÝZ;230;MJET;9;M-JET;4983;36.849058;30.797512;Karpuzkaldýran Özel Eðitim Merkezi Komutanlýðý;7;19;ANTALYA;MURATPAÞA;15.04.2016;Hayýr;;217;283;;59;;;1072;1072
MJET ALTAY ANKARA PO ÝSTASYON;ÝÇ ANADOLU;230;MJET;255;MJET-ÝSTASYON;4985;39.964017;32.646188;Altay Mahallesi Ayaþ Ankara Karayolu Bulvarý No158;6;3;ANKARA;ETÝMESGUT;15.04.2016;Hayýr;;82;88;;;;;1073;1073
MJET GAZÝPAÞA LÝMAN;BATI AKDENÝZ;230;MJET;9;M-JET;4986;36.267;32.3023;Pazarcý Mah. Uður Mumcu Cad. No:56A;7;5;ANTALYA;GAZÝPAÞA;20.04.2016;Hayýr;;199;294;;;;;1074;1074
MJET ALTINOVA ÝNÖNÜ;KUZEY EGE;230;MJET;9;M-JET;4987;39.22007764;26.78838236;ALTINOVA Mah. ÝSMET ÝNÖNÜ Cad. KOCADAÐLI APT;10;1;BALIKESÝR;AYVALIK;29.04.2016;Hayýr;;237;503;;;;;1075;1075
MJET ÜSKÜDAR LÝBADÝYE;DOÐU MARMARA;230;MJET;9;M-JET;4992;41.013263;29.074834;Küçük Çamlýca Mah.Libadiye Cad. 44/B;34;26;ÝSTANBUL;ÜSKÜDAR;13.05.2016;Hayýr;;258;307;;;;;1076;1076
MJET KÜÇÜKÇEKMECE HÜRRÝYET;BATI MARMARA;230;MJET;9;M-JET;4994;40.98647382;28.78099035;Cennet mah.Hürriyet cad.No:15/5;34;19;ÝSTANBUL;KÜÇÜKÇEKMECE;6.05.2016;Hayýr;;138;218;;;;;1077;1077
MJET VARLIK ANTALYA;BATI AKDENÝZ;230;MJET;9;M-JET;4996;36.890639;30.682698;Varlýk Mahallesi,186.Sk No:44;7;19;ANTALYA;MURATPAÞA;6.05.2016;Hayýr;;116;244;;;;;1079;1079
MJET TAÞUCU KUM MAH. MERSÝN;DOÐU AKDENÝZ;230;MJET;9;M-JET;4997;36.310512;33.913759;Taþucu Kum mah.Yusuf Özlen cad.No:54;33;8;MERSÝN;SÝLÝFKE;7.05.2016;Hayýr;;190;219;;;;;1080;1080
GÖCEK MACROCENTER;GÜNEY EGE;4;MACROCENTER;9;MACROCENTER;4998;36.75704;28.94691;Cumhuriyet Mah.Turgut Özal Cad.Okaliptus Ýþ Merkez;48;4;MUÐLA;FETHÝYE;12.05.2016;Evet;;440;798;;1,59;4874;;1081;1081
GEMLÝK MANASTIR M MÝGROS;GÜNEY MARMARA;1;MÝGROS;5;SERVÝS REYONLU M;5000;40.44302861;29.13953065;Cumhuriyet Mahallesi  Gül Cad. No:186;16;5;BURSA;GEMLÝK;20.05.2016;Evet;;515;645;;59;;;1082;1082
MJET ÝNCÝRLÝOVA AYDIN;GÜNEY EGE;230;MJET;9;M-JET;5001;37.85035257;27.72809881;Cumhuriyet Mah. Aykut Ozan Cad. No:29;9;6;AYDIN;ÝNCÝRLÝOVA;18.05.2016;Hayýr;;224;493;;;;;1083;1083
ÇOLAKLI ANTALYA M MÝGROS;BATI AKDENÝZ;1;MÝGROS;6;SELF SERVÝS M;5002;36.820137;31.310078;Çolaklý Mah. Turizim Cad. No:43C/1;7;13;ANTALYA;MANAVGAT;13.05.2016;Hayýr;;451;698;;;;;1084;1084
MJET MUAMMER AKAR MAH. ÝZMÝR;GÜNEY EGE;230;MJET;9;M-JET;5003;38.3907252;27.0769167;Muammer Akar Mah. 46. Sk. No:85-87;35;30;ÝZMÝR;KARABAÐLAR;15.06.2016;Hayýr;;226;357;;;;;1085;1085
MJET MALTEPE NEVADA;DOÐU MARMARA;230;MJET;9;M-JET;5005;40.936463;29.125525;Maltepe Altayçeþme mah. Saldýray sk. No:8BC;34;20;ÝSTANBUL;MALTEPE;13.05.2016;Hayýr;;316;409;;;;;1086;1086
SARISU LÝMAN M MÝGROS;BATI AKDENÝZ;1;MÝGROS;5;SERVÝS REYONLU M;5006;36.841173;30.594611;Sarýsu Mah.Akdeniz Bulvarý Sarýsu Mevkii;7;18;ANTALYA;KONYAALTI;12.05.2016;Hayýr;;687;1564;;59;;;1087;1087
TOPTAN ÝZMÝT OUTLET;DOÐU MARMARA;231;TOPTAN SATIÞ;230;TOPTAN SATIÞ;5007;40.75514;29.944642;Körfez Mah.Sefa Sirmen Blv.Outlet Center AVM;41;11;KOCAELÝ;ÝZMÝT;15.07.2016;Hayýr;;410;500;;;;;1088;1088
MJET FOÇA MAHALLESÝ FETHÝYE;GÜNEY EGE;230;MJET;9;M-JET;5009;36.66155941;29.1135013;Foça Mah.Barýþ Manço Bulv No:112;48;4;MUÐLA;FETHÝYE;2.08.2016;Hayýr;;163;198;;;;;1089;1089
SARIKÖPRÜ NÝÐDE M MÝGROS;DOÐU AKDENÝZ;1;MÝGROS;5;SERVÝS REYONLU M;5010;37.957363;34.644425;Aþaðý Kayabaþý Mah.Zemerdin Sokak NO:37;51;0;NÝÐDE;MERKEZ;1.06.2016;Hayýr;;535;745;;59;;;1090;1090
AVCILAR AMBARLI M MÝGROS;BATI MARMARA;1;MÝGROS;6;SELF SERVÝS M;5011;40.97204295;28.71967041;Ambarlý Mah.Dr.Sadýk Ahmet Cad.No:226;34;2;ÝSTANBUL;AVCILAR;17.05.2016;Hayýr;;355;552;;;;;1091;1091
PALANDÖKEN ERZURUM M MÝGROS;KARADENÝZ/KUZEYD.AND;1;MÝGROS;5;SERVÝS REYONLU M;5014;39.888197;41.270975;Müftü Solakzade Mah. Atatürk Bulvarý No:40;25;20;ERZURUM;PALANDÖKEN;27.05.2016;Hayýr;;522;1276;;59;;;1092;1092
SAYEK PARK HATAY MM  MÝGROS;DOÐU AKDENÝZ;1;MÝGROS;2;MM;5015;36.531915;36.040241;BÜYÜKDERE MAHALLESÝ BÜYÜKDERE SOKAK 1F HATAY/ÝSK;31;6;HATAY;ÝSKENDERUN;17.06.2016;Hayýr;;757;975;;59;;;1093;1093
ÇORLU STAR M MÝGROS;BATI MARMARA;1;MÝGROS;5;SERVÝS REYONLU M;5017;41.157519;27.849292;Hürriyet Mah. Eskibaðlar Cad.No:28/A-B-C-D;59;2;TEKÝRDAÐ;ÇORLU;3.06.2016;Hayýr;;750;941;;;;;1094;1094
FAHRÝ KAYAHAN MALATYA M MÝGROS;DOÐU/G.DOÐU ANADOLU;1;MÝGROS;5;SERVÝS REYONLU M;5018;38.334777;38.280412;Çilesiz Mah. Mýhlýdut Sok.No:2;44;13;MALATYA;YEÞÝLYURT;3.06.2016;Hayýr;;404;528;;59;;;1095;1095
CENGÝZ TOPEL ESKÝÞEHÝR M;ÝÇ ANADOLU;1;MÝGROS;6;SELF SERVÝS M;5020;39.780255;30.515161;Cumhuriyet Mah. Cengiz Topel Cad. No: 74/A;26;14;ESKÝÞEHÝR;TEPEBAÞI;27.05.2016;Hayýr;;302;1260;;;;;1096;1096
ÝSKENDERUN PARK FORBES MM;DOÐU AKDENÝZ;1;MÝGROS;2;MM;5021;36.593211;36.160029;Süleymaniye mah. Atatürk caddesi No: 97/1;31;6;HATAY;ÝSKENDERUN;17.06.2016;Hayýr;;1261;1663;;59;;;1097;1097
BOÐAZKENT ANTALYA M MÝGROS;BATI AKDENÝZ;1;MÝGROS;5;SERVÝS REYONLU M;5023;36.8404;31.14788;Sahil Mah. Alparslan Cad. No:3/A Boðazkent;7;14;ANTALYA;SERÝK;10.05.2016;Hayýr;;304;435;;59;3787;;1098;1098
MJET SALÝHLERALTI DÝKÝLÝ;KUZEY EGE;230;MJET;9;M-JET;5025;39.1581718;26.82291574;Salihler Mahallesi Ege 1 Sok. No:2;35;15;ÝZMÝR;DÝKÝLÝ;17.06.2016;Hayýr;;255;336;;;3775;;1099;1099
MJET ÇANDARLI PÝRÝ REÝS;KUZEY EGE;230;MJET;9;M-JET;5026;38.92622582;26.88757618;Çandarlý Mah. Burak Reis Cad. No:2;35;15;ÝZMÝR;DÝKÝLÝ;27.05.2016;Hayýr;;296;372;Evet;;;;1100;1100
MJET DENÝZLÝ TAVAS;GÜNEY EGE;230;MJET;9;M-JET;5027;37.5696894;29.0670599;Samanlýk Mah. Hükümet Cad. No:61/A;20;18;DENÝZLÝ;TAVAS;24.06.2016;Hayýr;;232;308;;;;;1101;1101
MJET GÖCEK MUÐLA;GÜNEY EGE;230;MJET;9;M-JET;5028;36.75313;28.94316;Göcek Mah. Ýskele Meydaný No:2;48;4;MUÐLA;FETHÝYE;18.05.2016;Hayýr;;145;435;;;1029;;1102;1102
SEFERÝHÝSAR ÇARÞI M MÝGROS;KUZEY EGE;1;MÝGROS;5;SERVÝS REYONLU M;5030;38.1949734;26.8405632;Hýdýrlýk Mah. Necat Hepkon Cad. No:12C-12E;35;24;ÝZMÝR;SEFERÝHÝSAR;17.06.2016;Hayýr;;478;595;;;;;1103;1103
AKDENÝZ MERSÝN M MÝGROS;DOÐU AKDENÝZ;1;MÝGROS;6;SELF SERVÝS M;5031;36.734155;34.509918;Akdeniz mah.Yaþar Doðu Cad.No:24 Via Torres sitesi;33;11;MERSÝN;MEZÝTLÝ;1.09.2016;Hayýr;;424;900;;59;;;1104;1104
NOVAMALL AVM MANAVGAT MMM;BATI AKDENÝZ;1;MÝGROS;3;MMM;5032;36.781189;31.425525;Sorgun mah. 8096.Sokak No:5 Novada AVM;7;13;ANTALYA;MANAVGAT;27.05.2016;Evet;;1478;1973;;59,3;;;1105;1105
MJET GÜZELYALI ÇANAKKALE;GÜNEY MARMARA;230;MJET;9;M-JET;5033;40.0489838;26.3508415;Güzelyalý Mah. Ýzmir Cad. No:67;17;0;ÇANAKKALE;MERKEZ;10.06.2016;Hayýr;;161;360;;;;;1106;1106
MARMARA ADASI ÝSKELE M MÝGROS;GÜNEY MARMARA;1;MÝGROS;5;SERVÝS REYONLU M;5034;40.58557778;27.56128583;Okullar Mah. Hükümet Cad. NO:29/A;10;15;BALIKESÝR;MARMARA;10.06.2016;Hayýr;;482;682;Evet;;;;1107;1107
EVORA TUZLA M MÝGROS;DOÐU MARMARA;1;MÝGROS;5;SERVÝS REYONLU M;5035;40.85934;29.298358;Aydýntepe Mh.Prf. Dr Necmettin Erbakan Cad.No :7;34;24;ÝSTANBUL;TUZLA;10.06.2016;Hayýr;;300;595;;;;;1108;1108
MJET SAHÝL MERSÝN;DOÐU AKDENÝZ;230;MJET;9;M-JET;5036;36.662708;34.41192;Kargýpýnar Mh. Þehit Yakup Yýlmaz Cd. No:124/A;33;5;MERSÝN;ERDEMLÝ;15.06.2016;Hayýr;;245;326;;;;;1109;1109
GÖLYOLU BURDUR M MÝGROS;BATI AKDENÝZ;1;MÝGROS;5;SERVÝS REYONLU M;5037;37.713333;30.245833;Emek Mah 22067sok No:2-AABlokNo 18,19 B Blok No:17;15;0;BURDUR;MERKEZ;30.03.2017;Hayýr;;597;1548;;;;;1110;1110
MJET CENNETAYAÐI MAH.EDREMÝT;KUZEY EGE;230;MJET;9;M-JET;5039;39.58543252;27.02716223;CENNETAYAÐI Mah. ÝSTASYON Cad. No: 22 B;10;7;BALIKESÝR;EDREMÝT;1.07.2016;Hayýr;;230;368;;;;;1111;1111
HAMÝDÝYE EDREMÝT BALIKESÝR M;KUZEY EGE;1;MÝGROS;6;SELF SERVÝS M;5040;39.5910477;27.0113636;HAMÝDÝYE Mah. 15018 Sok. No: 14;10;7;BALIKESÝR;EDREMÝT;26.08.2016;Hayýr;;331;587;;3;;;1112;1112
MJET MÝCANA  MAH.ARSUZ HATAY;DOÐU AKDENÝZ;230;MJET;9;M-JET;5041;36.558101;36.100553;Karaaðaç Mah. 555 Sok No:1;31;13;HATAY;ARSUZ;28.06.2016;Hayýr;;202;355;;;;;1113;1113
KORKUTELÝ ANTALYA M MÝGROS;BATI AKDENÝZ;1;MÝGROS;5;SERVÝS REYONLU M;5042;37.066944;30.19595;Kiremitli Mah 836.Sok No:5 (Belediye Arkasý);7;11;ANTALYA;KORKUTELÝ;20.10.2016;Hayýr;;639;1498;;;;;1114;1114
MJET KINALI SÝLÝVRÝ;BATI MARMARA;230;MJET;9;M-JET;5043;41.066176;28.103003;Sancaktepe Mah Albayrak Tatil Sitesi No: 1A /1;34;30;ÝSTANBUL;SÝLÝVRÝ;21.06.2016;Hayýr;;134;170;Evet;;;;1115;1115
MJET YÜZÜNCÜYIL YALOVA;DOÐU MARMARA;230;MJET;9;M-JET;5044;40.65499859;29.2694091;Rüstempaþa Mah. Ýsmet Acar Cad. No :43/B;77;0;YALOVA;MERKEZ;10.06.2016;Hayýr;;196;237;;;;;1116;1116
MJET MUAMMER AKSOY CAD. ANKARA;ÝÇ ANADOLU;230;MJET;9;M-JET;5045;39.925421;32.828387;Bahçelievler Mah.Prof.Dr.Muammer Aksoy Cad.No:73/A;6;2;ANKARA;ÇANKAYA;15.06.2016;Hayýr;;140;343;;;;;1117;1117
YALI CAD ERÝKLÝ KEÞAN EDÝRNE M;BATI MARMARA;1;MÝGROS;5;SERVÝS REYONLU M;5046;40.617006;26.463425;Erikli Mah. Yalý Cad. NO:86/C Erikli Köyü;22;4;EDÝRNE;KEÞAN;15.06.2016;Hayýr;;587;865;Evet;59;;;1118;1118
MJET GERMENCÝK AYDIN PO;GÜNEY EGE;230;MJET;255;MJET-ÝSTASYON;5047;37.8755276;27.5605342;Hýdýrbeyli Mah. Ýzmir Aydýn Yolu (Hýdýrbeyli) Bulv;9;5;AYDIN;GERMENCÝK;17.06.2016;Hayýr;;74;89;;;;;1119;1119
ATATÜRK BULVARI  ADIYAMAN MM;DOÐU/G.DOÐU ANADOLU;1;MÝGROS;2;MM;5048;37.757112;38.253412;Barbaros Hayrettin Mah.Atatürk Bulvarý No:79;2;0;ADIYAMAN;MERKEZ;7.09.2016;Evet;;916;1377;;59;;;1120;1120
ONÝKÝ ÞUBAT KAHRAMANMARAÞ MM;DOÐU AKDENÝZ;1;MÝGROS;2;MM;5049;37.584292;36.889531;Þehit Abdullah Çavuþ Mh.66023 Sok 46.Cadde No:1;46;11;KAHRAMANMARAÞ;ONÝKÝÞUBAT;10.02.2017;Hayýr;;727;1163;;59;;;1121;1121
PEYAS DÝYARBAKIR M MÝGROS;DOÐUAKDENZ/GÜNEYDOÐU;1;MÝGROS;5;SERVÝS REYONLU M;5050;37.932968;40.139061;Mezopotamya Mah.610/1 Sok.Park Royal Sitesi C Blok;21;15;DÝYARBAKIR;KAYAPINAR;24.06.2016;Hayýr;;518;817;;59;;;1122;1122
NOVADA ÞANLIURFA MM MÝGROS;DOÐU/G.DOÐU ANADOLU;1;MÝGROS;2;MM;5051;37.164955;38.79567;Bamyasuyu Mah. Çanakkale 18 Mart Cad.No:6/29;63;12;ÞANLIURFA;HALÝLÝYE;17.03.2017;Hayýr;;1021;1203;;59;;;1123;1123
MJET KARATAÞ ÇARÞI  ADANA;DOÐU AKDENÝZ;230;MJET;9;M-JET;5052;36.56372;35.384446;Yeni Mah. Cengizhan Sok. No:2;1;8;ADANA;KARATAÞ;30.06.2016;Hayýr;;203;427;;;;;1124;1124
MJET SAKARYA MAH ÝSKENDERUN;DOÐU AKDENÝZ;230;MJET;9;M-JET;5053;36.577265;36.185268;Sakarya Mah.Þehit Ast Sb.Ýlker Düzova Cad.No:2/A;31;6;HATAY;ÝSKENDERUN;27.12.2016;Hayýr;;326;497;;;;;1125;1125
KAVAKLIDERE MACROCENTER;ÝÇ ANADOLU;4;MACROCENTER;9;MACROCENTER;5054;39.899069;32.862526;Çankaya Mah.Ýran Cad.No:8A/2;6;2;ANKARA;ÇANKAYA;6.10.2016;Hayýr;;650;850;;;;;1126;1126
SÝVAS PARK MM MÝGROS;KARADENÝZ/KUZEYD.AND;1;MÝGROS;2;MM;5056;39.73;36.9925;Gültepe Mah.Farabi Cad.Prime Mall AVM No:22/AZ-M-O;58;0;SÝVAS;MERKEZ;24.02.2017;Hayýr;;923;1277;;3;;;1127;1127
MJET KAYABAÞI KIRÞEHÝR;ÝÇ ANADOLU;230;MJET;9;M-JET;5059;39.152954;34.154076;Nasuhdede mah.387.Sokak No:4;40;0;KIRÞEHÝR;MERKEZ;24.06.2016;Hayýr;;187;458;;;;;1128;1128
ÞAFAK MAH KEPEZ ANTALYA M;BATI AKDENÝZ;1;MÝGROS;5;SERVÝS REYONLU M;5060;36.912314;30.645447;Þafak Mah.4261.Sokak No:4;7;17;ANTALYA;KEPEZ;30.06.2016;Hayýr;;630;1667;;;;;1129;1129
MJET METRO ÇÝÐLÝ ÝZMÝR;KUZEY EGE;230;MJET;9;M-JET;5063;38.4908617;27.0635446;Ataþehir Mah. Semra Aksu Cad.No:10-1A;35;4;ÝZMÝR;ÇÝÐLÝ;29.06.2016;Hayýr;;237;314;;;;;1130;1130
MJET ARMUTALAN MERKEZ MARMARÝS;GÜNEY EGE;230;MJET;9;M-JET;5064;36.8497;28.2449;Armutalan Mah. Þehit Ahmet Benler Cad. No:50/1-1;48;7;MUÐLA;MARMARÝS;28.04.2017;Hayýr;;114;224;;;;;1131;1131
MJET ÇÝVRÝL DENÝZLÝ;GÜNEY EGE;230;MJET;9;M-JET;5065;38.30183566;29.73773093;Çarþý Mah. Ýsmet Ýnönü Bulvarý No:26/A-B;20;12;DENÝZLÝ;ÇÝVRÝL;15.07.2016;Hayýr;;201;472;;;;;1132;1132
MJET MURAT BEY TORBALI;GÜNEY EGE;230;MJET;9;M-JET;5066;38.14887302;27.3492162;Muratbey Mah. Doðan Bursalý Cad. No:35;35;27;ÝZMÝR;TORBALI;12.08.2016;Hayýr;;198;379;;;;;1133;1133
BAMBOO AVM NAZÝLLÝ AYDIN MM;GÜNEY EGE;1;MÝGROS;2;MM;5068;37.89749237;28.27925773;Bamboo Avm Ýsabeyli Mah. 4442 Cad. Fblok No:38/Z1;9;13;AYDIN;NAZÝLLÝ;1.07.2016;Hayýr;;1223;2085;;59;;;1134;1134
KALE TOPKAPI ÝSTANBUL MM;BATI MARMARA;1;MÝGROS;2;MM;5071;41.0182914;28.9116155;Maltepe Mah Londra Asfaltý Cad. 7. Blok No:32 CA;34;27;ÝSTANBUL;ZEYTÝNBURNU;3.08.2016;Evet;;827;1075;;59;;;1135;1135
TARABYA ÝSTANBUL MM MÝGROS;BATI MARMARA;1;MÝGROS;2;MM;5072;41.1380387;29.0386816;Tarabya Mah.Tarabya Bayýrý Cad. No:62/1-2;34;22;ÝSTANBUL;SARIYER;12.08.2016;Hayýr;;730;1140;;;;;1136;1136
MJET ORTA MAH KARTAL ÝSTANBUL;DOÐU MARMARA;230;MJET;9;M-JET;5074;40.912538;29.197657;Soðanlýk Yeni Mah. Pegagaz sok. No:6B/10;34;18;ÝSTANBUL;KARTAL;13.07.2017;Hayýr;;229;308;;59;;;1137;1137
SEMBOL ÇARÞI HARAMÝDERE ÝST MM;BATI MARMARA;1;MÝGROS;2;MM;5075;41.01613496;28.6808376;Sembol Konutlarý Zafer Mah Haramidere Cad.;34;38;ÝSTANBUL;ESENYURT;17.03.2017;Hayýr;;951;1333;;;;;1138;1138
MJET NAZAN SOKAK TUZLA ÝST;DOÐU MARMARA;230;MJET;9;M-JET;5076;40.838622;29.296604;Evliya Çelebi Mah.Rauf Orbay Cad.Nazan Sok.No:27/7;34;24;ÝSTANBUL;TUZLA;21.04.2017;Hayýr;;313;486;;;;;1139;1139
BEYLÝKDÜZÜ DEKAR MM MÝGROS;BATI MARMARA;1;MÝGROS;2;MM;5077;40.977074;28.670905;Marmara Mah.Yurt Cad.NO:20/2 D1 Blok;34;36;ÝSTANBUL;BEYLÝKDÜZÜ;4.11.2016;Hayýr;;783;1154;;59;;;1140;1140
BENDÝS AVM KEÞAN EDÝRNE MM;BATI MARMARA;1;MÝGROS;2;MM;5078;40.838175;26.625551;Aþaðýzaferiye Mah.Saray Cad. Ýstek Sitesi A/Blok;22;4;EDÝRNE;KEÞAN;1.07.2016;Hayýr;;726;963;;59;;;1141;1141
OKULLAR CAD AVÞA BALIKESÝR M;GÜNEY MARMARA;1;MÝGROS;5;SERVÝS REYONLU M;5079;40.50941886;27.4979313;Avþa Mah. Ýskele Cad. No:22;10;15;BALIKESÝR;MARMARA;1.07.2016;Hayýr;;547;756;Evet;59;;;1142;1142
EMAAR ÝSTANBUL MMM MÝGROS;DOÐU MARMARA;1;MÝGROS;3;MMM;5081;41.002659;29.070395;Emaar Square Mall, Ünalan Mah.Ayazma Cad.No:78;34;26;ÝSTANBUL;ÜSKÜDAR;18.08.2017;Evet;;2000;2920;;3;;;1143;1143
AKÇAKOCA PLAJ M MÝGROS;GÜNEY MARMARA;1;MÝGROS;5;SERVÝS REYONLU M;5082;41.088813;31.140528;Osmaniye Mah. Atatürk Cad. No:93;81;1;DÜZCE;AKÇAKOCA;15.11.2016;Hayýr;;363;522;;;;;1144;1144
ARMÝNA BAHÇEÞEHÝR ÝSTANBUL M;BATI MARMARA;1;MÝGROS;5;SERVÝS REYONLU M;5083;41.105255;28.669149;Bahçeþehir 1.kýsým mahallesi .2801 sokak  No:12B01;34;35;ÝSTANBUL;BAÞAKÞEHÝR;16.11.2016;Hayýr;;420;510;;59;;;1145;1145
AKYAKA PARK AVM ÜMRANÝYE ÝST;DOÐU MARMARA;1;MÝGROS;2;MM;5084;41.03476;29.112508;Saray Mah. Dr. Adnan Büyükdeniz Cad. No:7/1 A;34;25;ÝSTANBUL;ÜMRANÝYE;1.11.2016;Hayýr;;1160;1846;;59;;;1146;1146
MJET BALMUMCU ÝSTANBUL;BATI MARMARA;230;MJET;9;M-JET;5085;41.0603053;29.01058386;Gayrettepe Mah. Hoþsohbet Sk. No:1/A D:3 Dikilitaþ;34;7;ÝSTANBUL;BEÞÝKTAÞ;29.07.2016;Hayýr;;200;300;;59;;;1147;1147
MJET KUÞÇULAR URLA ÝZMÝR;KUZEY EGE;230;MJET;9;M-JET;5086;38.2752878;26.7382692; Kuþçular Mah. Kuþçular Cad.No:93;35;28;ÝZMÝR;URLA;14.06.2016;Hayýr;;186;232;;59;;;1148;1148
MJET YAVUZ SELÝM ÝSTANBUL PO;BATI MARMARA;230;MJET;255;MJET-ÝSTASYON;5087;41.04176835;28.84973608;Yavuz Selim Mah. Mehmet Akif Bulv. No:190;34;3;ÝSTANBUL;BAÐCILAR;8.06.2016;Hayýr;;47;54;;;;;1149;1149
MJET BANKALAR CAD KARAKÖY ÝST;BATI MARMARA;230;MJET;256;MJET-PLAZA;5088;41.02372661;28.97444942;Bereketzade Mah.Bankalar Cad.No:6/A;34;9;ÝSTANBUL;BEYOÐLU;23.06.2016;Hayýr;;60;69;;59;;;1150;1150
YÜREÐÝR ADANA MM MÝGROS;DOÐU AKDENÝZ;1;MÝGROS;2;MM;5089;37.005221;35.364287;Selahattin Eyyubi Mah.Mustafa kemalpaþa Bulv.;1;2;ADANA;YÜREÐÝR;2.09.2016;Hayýr;;907;1586;;59;;;1151;1151
MJET KIZILELMA CAD FATÝH ÝST;BATI MARMARA;230;MJET;9;M-JET;5090;41.01121201;28.93839247;Þehremini Mah. Kýzýlelma Cad.No:16/A;34;13;ÝSTANBUL;FATÝH;1.07.2016;Hayýr;;112;375;;;;;1152;1152
MÝMARSÝNAN BULV ÝSKENDERUN MM;DOÐU AKDENÝZ;1;MÝGROS;2;MM;5093;36.5601;36.1556;Mustafa Kemal Mh.Ýbrahim Karaoðlanoðlu Cd.No:182/A;31;6;HATAY;ÝSKENDERUN;21.03.2018;Hayýr;;890;1173;;59;;;1153;1153
KASABA AVM MENEMEN M MÝGROS;KUZEY EGE;1;MÝGROS;6;SELF SERVÝS M;5096;38.67690073;27.01629118;Yýldýrým Mah. Çanakkale Asfaltý Cad. No:722;35;22;ÝZMÝR;MENEMEN;1.07.2016;Hayýr;;402;509;;;;;1154;1154
ÇENGELKÖY PARKEVLERÝ MM MÝGROS;DOÐU MARMARA;1;MÝGROS;2;MM;5097;41.041681;29.076989;Mehmet Akif Ersoy Mah. Bosna Bulvarý No:97;34;26;ÝSTANBUL;ÜSKÜDAR;24.01.2017;Evet;;879;1270;;59;;;1155;1155
MJET YAKUP SATAR CAD ESKÝÞEHÝR;ÝÇ ANADOLU;230;MJET;9;M-JET;5098;39.779308;30.52312;Ýhsaniye Mah. Gazi Yakup Satar Cad. No:37;26;14;ESKÝÞEHÝR;TEPEBAÞI;19.08.2016;Hayýr;;190;390;;;;;1156;1156
MJET CUMHURÝYET BULVARI KEMER;BATI AKDENÝZ;230;MJET;9;M-JET;5099;36.598333;30.534444;Arslanbucak Mah Cumhuriyet Bulvarý No:92;7;10;ANTALYA;KEMER;22.11.2016;Hayýr;;186;327;;;;;1157;1157
SÝVAS BULVARI KAYSERÝ MM;DOÐU AKDENÝZ;1;MÝGROS;2;MM;5101;38.733754;35.531044;Yýldýrým Beyazýt Mah.Sivas Bulvarý No:200/A;38;2;KAYSERÝ;MELÝKGAZÝ;27.06.2016;Hayýr;;805;1722;;;;;1158;1158
MJET YARENLER AKÞEHÝR KONYA;ÝÇ ANADOLU;230;MJET;9;M-JET;5102;38.365778;31.408522;Yarenler Mahallesi, Onur Sokak, B Blok, No:38/A;42;6;KONYA;AKÞEHÝR;28.06.2016;Hayýr;;218;390;;;;;1159;1159
DENÝZ MARKET M MÝGROS;GÜNEY EGE;1;MÝGROS;6;SELF SERVÝS M;5103;36.62356707;29.10502789;Karagözler Mah.;48;4;MUÐLA;FETHÝYE;1.07.2016;Hayýr;;168;239;Evet;59;;;1160;1160
MJET RÜSTEMPAÞA SAPANCA PO ÝST;GÜNEY MARMARA;230;MJET;255;MJET-ÝSTASYON;5104;40.689203;30.27253;Rüstem Paþa Mahallesi No:101;54;11;SAKARYA;SAPANCA;22.06.2016;Hayýr;;114;175;;;;;1161;1161
TÜRKBÜKÜ MACROCENTER;GÜNEY EGE;4;MACROCENTER;9;MACROCENTER;5105;37.12483875;27.38206499;Türkbükü Mah. Atatürk Bulv. No:241-1/1;48;1;MUÐLA;BODRUM;1.07.2016;Evet;;468;654;;59;;;1162;1162
MJET BAHÇELÝEVLER ANTALYA;BATI AKDENÝZ;230;MJET;9;M-JET;5106;36.884981;30.684311;Bahçelievler Mahallesi,Konyaaltý Caddesi No:72;7;19;ANTALYA;MURATPAÞA;30.06.2016;Hayýr;;175;294;;;;;1163;1163
MJET KOCATEPE KAYSERÝ PO;DOÐU AKDENÝZ;230;MJET;255;MJET-ÝSTASYON;5107;38.737628;35.398586;Kocatepe Mah. Eren Yýldýrým Bulvarý NO:45;38;2;KAYSERÝ;MELÝKGAZÝ;1.07.2016;Hayýr;;45;45;;;;;1164;1164
MJET DENÝZCÝLER MAH ÝSKENDERUN;DOÐU AKDENÝZ;230;MJET;9;M-JET;5109;36.64173;36.213753;Denizciler Mah. Hacý Bekir Aðaca Cad. 9.Sokak;31;6;HATAY;ÝSKENDERUN;1.12.2016;Hayýr;;269;419;;;;;1165;1165
ETÝ CADDESÝ ESKÝÞEHÝR M MÝGROS;ÝÇ ANADOLU;1;MÝGROS;6;SELF SERVÝS M;5113;39.785752;30.505211;Yeni Baðlar Mahallesi Eti Caddesi No:39/C;26;14;ESKÝÞEHÝR;TEPEBAÞI;2.06.2017;Hayýr;;320;626;;;;;1166;1166
ELMALI ANTALYA M MÝGROS;BATI AKDENÝZ;1;MÝGROS;5;SERVÝS REYONLU M;5114;36.734722;29.920833;Yenimahalle Demirel Bulvarý B Blok No:150/A;7;3;ANTALYA;ELMALI;25.08.2016;Hayýr;;553;1595;;;;;1167;1167
SEYDÝÞEHÝR KONYA M MÝGROS;ÝÇ ANADOLU;1;MÝGROS;6;SELF SERVÝS M;5115;37.42;31.843056;Alaylar Bir Mah.Profösör Sadi Irmak Cad.No:8/C;42;27;KONYA;SEYDÝÞEHÝR;31.05.2017;Hayýr;;360;752;;;;;1168;1168
CENGÝZ TOPEL CAD. MALATYA M;DOÐU/G.DOÐU ANADOLU;1;MÝGROS;5;SERVÝS REYONLU M;5116;38.342197;38.31593;Baþharýk Mah.Cengiz Topel Cad. 87/A;44;4;MALATYA;BATTALGAZÝ;2.12.2016;Hayýr;;433;680;;;;;1169;1169
ÞEHÝTLER TEPESÝ TARSUS M;DOÐU AKDENÝZ;1;MÝGROS;5;SERVÝS REYONLU M;5117;36.938903;34.865351;Þehitler Tepesi Mah. Kasým Ekenler Bulvarý No:25/A;33;9;MERSÝN;TARSUS;21.06.2017;Hayýr;;425;940;;59;;;1170;1170
MJET ÇAMYUVA KEMER ANTALYA PO;BATI AKDENÝZ;230;MJET;255;MJET-ÝSTASYON;5118;36.557414;30.551972;Kumluca Karayolu Üzeri Küme Evleri Çamyuva Mh.No:1;7;10;ANTALYA;KEMER;1.07.2016;Hayýr;;60;60;;;;;1171;1171
MJET ZAFER MAH ÖDEMÝÞ ÝZMÝR;GÜNEY EGE;230;MJET;9;M-JET;5119;38.2362218;27.98635804;Zafer Mah. Þehit Adnan Menderes Bulvarý No:94-96/A;35;23;ÝZMÝR;ÖDEMÝÞ;19.08.2016;Hayýr;;212;472;;;;;1172;1172
MJET TAÞDELEN SULTANÇÝFTLÝÐÝ;DOÐU MARMARA;230;MJET;9;M-JET;5121;41.030075;29.227607;Sultançiftliði Mah. Kovuk Yusuf Sok.;34;37;ÝSTANBUL;ÇEKMEKÖY;27.07.2016;Hayýr;;252;570;;;;;1173;1173
MJET MAHMUTLAR BARBAROS CAD;BATI AKDENÝZ;230;MJET;9;M-JET;5127;36.47839;32.10773;Mahmutlar Mah. Barbaros Cad. NO:181/1;7;2;ANTALYA;ALANYA;31.05.2019;Hayýr;;199;315;;;;;1174;1174
MJET GÜZELYALI SÝTELER BURSA;GÜNEY MARMARA;230;MJET;9;M-JET;5128;40.35271205;28.91793253;Güzelyalý Siteler Mah. Orhangazi Cad.A Apt No:3A;16;13;BURSA;MUDANYA;16.03.2018;Hayýr;;152;186;;3;;;1175;1175
HURMA SARISU ANTALYA MMM;BATI AKDENÝZ;1;MÝGROS;3;MMM;5130;36.85;30.598889;Öðretmenevleri Mah. 904 Sokak No:1;7;18;ANTALYA;KONYAALTI;26.08.2016;Hayýr;;1053;1880;;59;;;1176;1176
ATATÜRK MAH. DEÐÝRMENDERE MM;DOÐU MARMARA;1;MÝGROS;2;MM;5131;40.71773931;29.79276231;Atatürk Mah. Uður Mumcu Cad. No:9 A-B Deðirmendere;41;2;KOCAELÝ;GÖLCÜK;27.07.2016;Hayýr;;869;1358;;3;;;1177;1177
MJET TEPEKENT BÜYÜKÇEKMECE ÝST;BATI MARMARA;230;MJET;9;M-JET;5135;41.05430432;28.52182957;Hürriyet Mah. Tepecik Cad. No:38 D:1,A4 Blok;34;28;ÝSTANBUL;BÜYÜKÇEKMECE;26.10.2017;Hayýr;;285;603;;;;;1178;1178
WATER GARDEN AVM ÝSTANBUL MM;DOÐU MARMARA;1;MÝGROS;2;MM;5136;40.997168;29.098096;Barbaros Mah. Þebboy Sok. Batý Ataþehir;34;34;ÝSTANBUL;ATAÞEHÝR;30.09.2016;Hayýr;;1234;1469;;59;;;1179;1179
MJET EFELER MAH. DÝDÝM YENÝ;GÜNEY EGE;230;MJET;9;M-JET;5137;37.37377634;27.2579597;Efeler Mah. Cumhuriyet Cad. No:19/A;9;4;AYDIN;DÝDÝM;19.08.2016;Hayýr;;196;426;Evet;;;;1180;1180
KAÞÜSTÜ TRABZON MM MÝGROS;KARADENÝZ/KUZEYD.AND;1;MÝGROS;2;MM;5138;40.97027;39.83333;Yalýncak mah.Gazi cad.No:4AA;61;18;TRABZON;ORTAHÝSAR;7.10.2016;Evet;;950;1732;;3;;;1181;1181
MJET DADAÞKENT ERZURUM;KARADENÝZ/KUZEYD.AND;230;MJET;9;M-JET;5139;39.910278;41.193611;Milli Egemenlik Cad.Saltuklu Mah.9.Sokak No:16/1;25;19;ERZURUM;AZÝZÝYE;5.08.2016;Hayýr;;276;553;;;;;1182;1182
MJET GEYRAS TOKAT PO ÝSTASYON;ÝÇ ANADOLU;230;MJET;255;MJET-ÝSTASYON;5141;40.269539;36.54499;Geyras Mah.Sivas Bulvarý NO:94;60;0;TOKAT;MERKEZ;5.08.2016;Hayýr;;77;99;;;;;1183;1183
MJET AÞAÐIKAYABAÞI NÝÐDE;DOÐU AKDENÝZ;230;MJET;9;M-JET;5142;37.964737;34.660481;Gazeteci Ýsmet Sayýn Cd.No:12/C-D ZeminKat N:23-24;51;0;NÝÐDE;MERKEZ;5.09.2016;Hayýr;;311;413;;;;;1184;1184
KAHRAMANDERE GÜZELBAHÇE iZMÝRM;KUZEY EGE;1;MÝGROS;5;SERVÝS REYONLU M;5143;38.35645768;26.87084075;Kahramandere Mah. 767 Sokak.NO:13/B;35;6;ÝZMÝR;GÜZELBAHÇE;6.07.2017;Hayýr;;636;960;;59;;;1185;1185
BÝZ CEVAHÝR HALÝÇ AVM MM;BATI MARMARA;1;MÝGROS;2;MM;5144;41.0759297;28.9449731;Alibeyköy Mah. Vardar Bulvarý No:5-11/1;34;12;ÝSTANBUL;EYÜPSULTAN;3.12.2016;Evet;;1005;1278;;59;;;1186;1186
MJET BEY MAHALLESÝ GAZÝANTEP;DOÐU AKDENÝZ;230;MJET;9;M-JET;5146;37.062336;37.374737;Bey Mah.Atatürk Blv No:28/C-D;27;1;GAZÝANTEP;ÞAHÝNBEY;6.09.2016;Hayýr;;212;365;;;;;1187;1187
DUMANKAYA MÝKS ÝSTANBUL MMM;BATI MARMARA;1;MÝGROS;3;MMM;5150;41.05693124;28.7584892;Atakent Mah. Turgut Özal Bulvarý No:48/A;34;19;ÝSTANBUL;KÜÇÜKÇEKMECE;13.10.2017;Hayýr;;1604;2874;;59,3;;;1188;1188
ATATÜRK MAH BORNOVA ÝZMÝR M;KUZEY EGE;1;MÝGROS;6;SELF SERVÝS M;5151;38.4773;27.1943;Atatürk Mahallesi 914 Sokak No:39/A;35;2;ÝZMÝR;BORNOVA;16.06.2017;Hayýr;;526;688;;59,3;;;1189;1189
MJET ÇARDAK DENÝZLÝ PO;GÜNEY EGE;230;MJET;255;MJET-ÝSTASYON;5152;37.82596101;29.66128203;Saray Mah. Devlet Karayolu Cad. No:3;20;11;DENÝZLÝ;ÇARDAK;2.09.2016;Hayýr;;90;101;;;;;1190;1190
MJET BOSTANLI KARÞIYAKA ÝZMÝR;KUZEY EGE;230;MJET;9;M-JET;5153;38.458868;27.097701;Bostanlý Mah. Cemal Bülbül Sok. No:4/A;35;7;ÝZMÝR;KARÞIYAKA;23.12.2016;Hayýr;;147;250;;59;;;1191;1191
RÝTÝM AVM MALTEPE ÝSTANBUL MM;DOÐU MARMARA;1;MÝGROS;2;MM;5154;40.922389;29.158085;Cevizli Mah. Zuhal Cad. Füsun Sok. A5 Blok No:35;34;20;ÝSTANBUL;MALTEPE;13.10.2017;Hayýr;;760;947;;59;;;1192;1192
MJET NUROL TOWER ÞÝÞLÝ ÝST.;BATI MARMARA;230;MJET;256;MJET-PLAZA;5157;41.067633;28.9857;Ýzzetpaþa Mah.Lale 1 Sokak No:2/280;34;23;ÝSTANBUL;ÞÝÞLÝ;23.12.2016;Hayýr;;122;146;;59;;;1193;1193
MJET DENÝZKÖÞKLER AVCILAR ÝST.;BATI MARMARA;230;MJET;9;M-JET;5158;40.97778677;28.72289523;Merkez Mah. Denizköþkler Cad.Pekiz Apt Sitesi;34;2;ÝSTANBUL;AVCILAR;30.09.2016;Hayýr;;181;253;;;;;1194;1194
NOVADA AVM YOZGAT MM MÝGROS;ÝÇ ANADOLU;1;MÝGROS;2;MM;5159;39.823517;34.82196;Fatih Mah. Adnan Menderes Bul. No:184 A/4;66;0;YOZGAT;MERKEZ;8.12.2016;Evet;;1145;1550;;59;;;1195;1195
PAZARCI MANAVGAT ANTALYA M;BATI AKDENÝZ;1;MÝGROS;6;SELF SERVÝS M;5161;36.791111;31.445556;Y.Pazarcý Mahallesi  Mimar Sinan Cad.No:19/2;7;13;ANTALYA;MANAVGAT;6.12.2016;Hayýr;;396;802;;;;;1196;1196
ÝLDEM PARK OUTLET KAYSERÝ MM;DOÐU AKDENÝZ;1;MÝGROS;2;MM;5162;38.786614;35.605798;Gesi Fatih Mah. Gün Sazak Cad. No:65/2B13;38;2;KAYSERÝ;MELÝKGAZÝ;24.03.2017;Evet;;643;1216;;;;;1197;1197
KOÇTAÞ AVM ÇÝÐLÝ ÝZMÝR M;KUZEY EGE;1;MÝGROS;6;SELF SERVÝS M;5163;38.47791462;27.06635743;Ataþehir Mahallesi. Caher Dudayev Bulvarý. No:7/ Z;35;4;ÝZMÝR;ÇÝÐLÝ;16.03.2017;Hayýr;;377;591;;59;;;1198;1198
MJET MENEMEN  9 EYLÜL ÝZMÝR;KUZEY EGE;230;MJET;9;M-JET;5164;38.5388;27.0351;9 Eylül Mahallesi 8. Cadde No:11;35;22;ÝZMÝR;MENEMEN;4.10.2016;Hayýr;;243;399;;;;;1199;1199
MJET GERZE SÝNOP;KARADENÝZ/KUZEYD.AND;230;MJET;9;M-JET;5165;41.805189;35.195839;Hamidiye Mah.Þube Sk.No:12;57;6;SÝNOP;GERZE;25.11.2016;Hayýr;;208;452;;;;;1200;1200
MJET AVSALLAR MAH ALANYA ANT;BATI AKDENÝZ;230;MJET;9;M-JET;5166;36.623611;31.775;Avsallar Mah.Hamdi Sok.No:5B/A-B-C;7;2;ANTALYA;ALANYA;27.04.2017;Hayýr;;244;546;;;;;1201;1201
ÇAÐLAYAN ANTALYA M MÝGROS;BATI AKDENÝZ;1;MÝGROS;5;SERVÝS REYONLU M;5167;36.858056;30.775;Çaðlayan Mah.Bülent Ecevit Bulvari No:142;7;19;ANTALYA;MURATPAÞA;27.12.2016;Hayýr;;377;738;;59;;;1202;1202
BEYÞEHÝR KONYA M MÝGROS;ÝÇ ANADOLU;1;MÝGROS;6;SELF SERVÝS M;5168;37.669444;31.715;Yeni Mah. Antalya Cad.No:117/B;42;8;KONYA;BEYÞEHÝR;26.05.2017;Hayýr;;486;709;;;;;1203;1203
MJET YUMURTALIK ADANA;DOÐU AKDENÝZ;230;MJET;9;M-JET;5169;36.77982;35.804679;Akyuva Mah. Girne Cad. No:91 I Blok B1;1;13;ADANA;YUMURTALIK;22.06.2017;Hayýr;;267;329;Evet;59;;;1204;1204
MJET GÖNEN BALIKESÝR;GÜNEY MARMARA;230;MJET;9;M-JET;5171;40.10787468;27.65088787;Akçaçali Mah. Hüseyin Tümer Cad. No:20A;10;10;BALIKESÝR;GÖNEN;27.10.2016;Hayýr;;248;312;;;;;1205;1205
MJET KONAK BEÞEVLER BURSA;DOÐU MARMARA;230;MJET;9;M-JET;5172;40.207329;28.988091;Konak Mah. Beþevler Cad.No:10/B;16;1;BURSA;NÝLÜFER;15.12.2017;Hayýr;;365;473;;;;;1206;1206
AHL PARK AVM ÇORUM MMM MÝGROS;ÝÇ ANADOLU;1;MÝGROS;3;MMM;5174;40.544254;34.947617;Çephi Mah. Kerebi Gazi 1.Sok No:7/4;19;0;ÇORUM;MERKEZ;19.11.2016;Evet;;1619;2670;;59,3;;;1207;1207
MJET TREN GARI AVM 1 ANKARA;ÝÇ ANADOLU;230;MJET;9;M-JET;5175;39.9347;32.843477;Eti Mahallesi Celal Bayar Bulvarý no:78 ÜZ 4;6;2;ANKARA;ÇANKAYA;13.01.2017;Hayýr;;186;255;;59;;;1208;1208
MJET F. K. GÖKAY SAHRAYICEDÝD;DOÐU MARMARA;230;MJET;9;M-JET;5177;40.980307;29.074187;Fahrettin Kerim Gökay Cd.Þirin Apt. No:268;34;16;ÝSTANBUL;KADIKÖY;18.11.2016;Hayýr;;189;251;;59;;;1209;1209
MJET TREN GARI AVM 2 ANKARA;ÝÇ ANADOLU;230;MJET;9;M-JET;5178;39.934618;32.843327;Eti Mahallesi Celal Bayar Bulvarý no:78 ÜZ48;6;2;ANKARA;ÇANKAYA;8.06.2017;Hayýr;;186;255;;59;;;1210;1210
TOPTAN MERTER ÝSTANBUL;BATI MARMARA;231;TOPTAN SATIÞ;230;TOPTAN SATIÞ;5179;41.005946;28.893924;Abdurrahman Nafiz Gürman Mh.E-5Karayolu Cd.No:60/1;34;15;ÝSTANBUL;GÜNGÖREN;18.11.2016;Hayýr;;434;789;;;;;1211;1211
MJET YAZLIK SERDÝVAN SAKARYA;GÜNEY MARMARA;230;MJET;9;M-JET;5180;40.7895543;30.3656365;Köprübaþý Mah.Süleyman Binek Cad. No:24;54;16;SAKARYA;SERDÝVAN;22.02.2017;Hayýr;;197;337;;;;;1212;1212
BAÐLICA BULVARI ANKARA MM;ÝÇ ANADOLU;1;MÝGROS;2;MM;5181;39.896353;32.659242;Baðlýca Mah. Baðlýca Bulvarý No:107/A -6-7-8-9-10;6;3;ANKARA;ETÝMESGUT;18.05.2017;Hayýr;;731;1615;;59;;;1213;1213
YAKA CADDESÝ MERAM KONYA M;ÝÇ ANADOLU;1;MÝGROS;5;SERVÝS REYONLU M;5186;37.870957;32.448645;Alavardý Mahallesi Serdar Sokak No:3/I;42;2;KONYA;MERAM;24.05.2017;Hayýr;;464;940;;;;;1214;1214
MJET GÜNEYKENT MAH GAZÝANTEP;DOÐU AKDENÝZ;230;MJET;9;M-JET;5187;37.032625;37.31829;Güneykent Mah.102221 nolu Cadde No:8/A-B;27;1;GAZÝANTEP;ÞAHÝNBEY;14.02.2017;Hayýr;;213;501;;59;;;1215;1215
MENEMEN ULUCAK M MÝGROS;KUZEY EGE;1;MÝGROS;6;SELF SERVÝS M;5188;38.5529;27.055416;Ýstiklal Mah. 5. Cad. No:22;35;22;ÝZMÝR;MENEMEN;15.12.2017;Hayýr;;609;955;;59;;;1216;1216
SAFRANBOLU KARABÜK MM MÝGROS;ÝÇ ANADOLU;1;MÝGROS;2;MM;5189;41.255427;32.676182;Yeni Mah. Mutlu Sokak No:2;78;4;KARABÜK;SAFRANBOLU;24.03.2017;Hayýr;;862;1350;;59;;;1217;1217
ACIBADEM ÝSTANBUL MACROCENTER;DOÐU MARMARA;4;MACROCENTER;9;MACROCENTER;5191;41.008767;29.050477;Acýbadem Mah.Acýbadem Cad. No:166/A;34;26;ÝSTANBUL;ÜSKÜDAR;13.01.2017;Evet;;325;600;;59;;;1219;1219
MJET PENDÝK ESENYALI ÝST PO;DOÐU MARMARA;230;MJET;255;MJET-ÝSTASYON;5193;40.856108;29.291342;Esenyalý Mah. Necmettin Erbakan Cad.No:1;34;21;ÝSTANBUL;PENDÝK;2.12.2016;Hayýr;;75;75;;;;;1220;1220
MJET GÖKTÜRK MAH. EYÜP ÝST. PO;BATI MARMARA;230;MJET;255;MJET-ÝSTASYON;5194;41.179291;28.883982;Göktürk Merkez Mah. Ýstanbul Cad. No:36;34;12;ÝSTANBUL;EYÜPSULTAN;8.12.2016;Hayýr;;95;104;;59;;;1221;1221
MJET ÇAÐLAYAN KAÐITHANE ÝST PO;BATI MARMARA;230;MJET;255;MJET-ÝSTASYON;5195;41.081211;28.98656;Çaðlayan Mah. Okul Cad. No:18-20;34;17;ÝSTANBUL;KAÐITHANE;30.11.2016;Hayýr;;92;110;;;;;1222;1222
MJET ALTINKUM MAH ANTALYA;BATI AKDENÝZ;230;MJET;9;M-JET;5196;36.871389;30.631389;Altýnkum Mah. Anadolu Cad. No:63;7;18;ANTALYA;KONYAALTI;27.01.2017;Hayýr;;165;399;;;;;1223;1223
DÖRTYOL MAHMUTLAR ANTALYA M;BATI AKDENÝZ;1;MÝGROS;5;SERVÝS REYONLU M;5199;36.469444;32.116389;Mahmutlar Mah. Atatürk Cad. No:296/B;7;2;ANTALYA;ALANYA;14.07.2017;Hayýr;;479;879;;;;;1224;1224
ADATEPE MAH.BUCA ÝZMÝR M;GÜNEY EGE;1;MÝGROS;5;SERVÝS REYONLU M;5200;38.3797;27.1849;Adatepe Mah. Erdem Cad. No:5;35;3;ÝZMÝR;BUCA;29.12.2017;Hayýr;;403;640;;59;;;1225;1225
KULE EVO ANKARA MM MÝGROS;ÝÇ ANADOLU;1;MÝGROS;2;MM;5202;39.874094;32.649432;Konutkent Mah. 3028 Cadde No:16B/22-23-24-25;6;2;ANKARA;ÇANKAYA;7.04.2017;Hayýr;;830;1385;;59;;;1227;1227
GÜRSU KONAKLAR ANTALYA M;BATI AKDENÝZ;1;MÝGROS;5;SERVÝS REYONLU M;5203;36.871389;30.621944;Gürsu Mh.Emniyet Cd.Riverside Residence Apt.No:2A1;7;18;ANTALYA;KONYAALTI;28.02.2017;Hayýr;;548;1495;;59;;;1228;1228
ATATÜRK CAD ALTINOLUK M MÝGROS;KUZEY EGE;1;MÝGROS;5;SERVÝS REYONLU M;5204;39.568484;26.761797;ÝSKELE Mah. FEVZÝ ÇAKMAK Cad. A GÝRÝÞ Apt. No:;10;7;BALIKESÝR;EDREMÝT;7.07.2017;Hayýr;;433;901;;59;;;1229;1229
DEMÝR LAVÝDA HADIMKÖY ÝST MM;BATI MARMARA;1;MÝGROS;2;MM;5205;41.07506806;28.62308094;Alkent 2000 Mah. Hadýmköyyolu Cad.No:151/B-3;34;28;ÝSTANBUL;BÜYÜKÇEKMECE;21.04.2017;Hayýr;;845;1346;;3;;;1230;1230
MJET KOCAELÝ ÜNÝVERSÝTESÝ;DOÐU MARMARA;230;MJET;9;M-JET;5214;40.822521;29.933587;Kabaoðlu Mah. Prof.Baki Komþuoðlu Bulv. No:470/A;41;11;KOCAELÝ;ÝZMÝT;1.12.2017;Hayýr;;213;518;;59;;;1231;1231
MJET AS OUTLET AVM BURSA;GÜNEY MARMARA;230;MJET;9;M-JET;5216;40.25640409;29.060883;Demirtaþ Dumlupýnar Mah.Yeni Yalova yolu No:475;16;2;BURSA;OSMANGAZÝ;17.02.2017;Hayýr;;403;740;;59;;;1232;1232
K.EREÐLÝ GÖZTEPE ZONGULDAK M;ÝÇ ANADOLU;1;MÝGROS;5;SERVÝS REYONLU M;5217;41.274829;31.425707;Müftü Mah. Uzunkum Cad. No:5/1;67;4;ZONGULDAK;EREÐLÝ;10.02.2017;Hayýr;;344;432;;;;;1233;1233
GESÝ CADDESÝ KAYSERÝ M MÝGROS;DOÐU AKDENÝZ;1;MÝGROS;6;SELF SERVÝS M;5218;38.777339;35.577812;Kocasinan Mah. Gesi Cad. No:10/A;38;1;KAYSERÝ;KOCASÝNAN;10.03.2017;Hayýr;;472;1182;;59;;;1234;1234
BEYKOZ TAZEDÝREKT OPR. MERKEZÝ;DOÐU MARMARA;4;MACROCENTER;9;MACROCENTER;5219;41.109486;29.121725;Acarlar Mah. 9. Cadde No: 9;34;8;ÝSTANBUL;BEYKOZ;13.02.2017;Hayýr;;2733;2733;;;;;1235;1235
MJET TORBALI AYRANCILAR PO;GÜNEY EGE;230;MJET;255;MJET-ÝSTASYON;5220;38.2371;27.2843;Ýnönü Mah. Ýzmir- Aydýn Cad. No:21/A;35;27;ÝZMÝR;TORBALI;24.02.2017;Hayýr;;44;54;;;;;1236;1236
KARGIPINARI MAH MERSÝN M;DOÐU AKDENÝZ;1;MÝGROS;5;SERVÝS REYONLU M;5223;36.67529;34.410113;Kargýpýnarý mah.Selimiye cad. 54/1;33;5;MERSÝN;ERDEMLÝ;3.03.2017;Hayýr;;524;851;;;;;1237;1237
BATIKENT MH.YENÝÞEHÝR MERSÝN M;DOÐU AKDENÝZ;1;MÝGROS;5;SERVÝS REYONLU M;5224;36.780846;34.55412;Batýkent Mahallesi 32. Cadde No:38A-38B;33;13;MERSÝN;YENÝÞEHÝR;1.06.2017;Hayýr;;335;842;;59;;;1238;1238
MJET RAUFBEY MAH OSMANÝYE;DOÐU AKDENÝZ;230;MJET;9;M-JET;5225;37.06944;36.24653;Raufbey Mah. Doktor Devlet Bahçeli Bulv No:44/A;80;0;OSMANÝYE;MERKEZ;30.03.2017;Hayýr;;360;600;;59;;;1239;1239
MJET FAKIUÞAÐI OSMANÝYE;DOÐU AKDENÝZ;230;MJET;9;M-JET;5226;37.0436;36.2262;Fakýuþaðý mah. 45008 Sokak B/Blok No:4 B/A;80;0;OSMANÝYE;MERKEZ;20.11.2017;Hayýr;;196;425;;59;;;1240;1240
ARTRÝUM AVM ARTVÝN MM MÝGROS;KARADENÝZ/KUZEYD.AND;1;MÝGROS;2;MM;5228;41.185556;41.819722;Çarþý Mah. Sanayi Sokak.No:3;8;0;ARTVÝN;MERKEZ;7.03.2017;Evet;;804;936;;;;;1241;1241
ÇEVREYOLU DÖÞEMEALTI ANT MM;BATI AKDENÝZ;1;MÝGROS;2;MM;5229;36.981944;30.626111;Yeþilbayýr Mah. Akdeniz Bulvarý No:60;7;16;ANTALYA;DÖÞEMEALTI;28.07.2017;Hayýr;;1044;1369;;59;;;1242;1242
MJET ACIPAYAM DENÝZLÝ;GÜNEY EGE;230;MJET;9;M-JET;5230;37.42823237;29.35276616;Aþaðý Mah. Uslular Sokak No:10/A;20;1;DENÝZLÝ;ACIPAYAM;17.02.2017;Hayýr;;360;732;;;;;1243;1243
PINAR MAH ADANA M MÝGROS;DOÐUAKDENZ/GÜNEYDOÐU;1;MÝGROS;5;SERVÝS REYONLU M;5232;37.022115;35.280967;Pýnar Mah. Ali Bozdoðanoðlu Blv Park Life Sit.;1;1;ADANA;SEYHAN;23.02.2017;Hayýr;;637;1148;;59;;;1244;1244
TURGUTLU M MÝGROS;KUZEY EGE;1;MÝGROS;6;SELF SERVÝS M;5233;38.49065226;27.70707821;Selvilitepe Mah.Ýzmiryolu cad No:36A Alphard AVM;45;15;MANÝSA;TURGUTLU;27.10.2017;Evet;;727;928;;59;;;1245;1245
FÝNÝKE SAHÝL ANTALYA M MÝGROS;BATI AKDENÝZ;1;MÝGROS;6;SELF SERVÝS M;5236;36.293889;30.146944;Kale Mah. Þerbetçi Bulvarý No:60/1-2-3-4;7;4;ANTALYA;FÝNÝKE;25.08.2017;Hayýr;;451;618;;59;;;1246;1246
PANORAMA EDÝRNE M MÝGROS;BATI MARMARA;1;MÝGROS;6;SELF SERVÝS M;5237;41.66615075;26.59820726;Þükrüpaþa Mah.Mehmet Atabay Cad.C Blok No:18-C/1;22;0;EDÝRNE;MERKEZ;21.04.2017;Hayýr;;571;1187;;59;;;1247;1247
NAMIK KEMAL MAH CEYHAN ADANA M;DOÐU AKDENÝZ;1;MÝGROS;6;SELF SERVÝS M;5238;37.018706;35.821748;Namýk Kemal Mah.Albay Kemal Göktaþ Sok.;1;4;ADANA;CEYHAN;23.05.2017;Hayýr;;302;525;;59;;;1248;1248
ADNAN KAHVECÝ CADDESÝ AFYON MM;ÝÇ ANADOLU;1;MÝGROS;2;MM;5239;38.777406;30.520979;Selçuklu Mah.Adnan Kahvesi Cad.No:42/M;3;0;AFYONKARAHÝSAR;MERKEZ;8.09.2017;Hayýr;;651;1455;;59;;;1249;1249
MJET EÞREF BÝTLÝS BULV.KURTKÖY;DOÐU MARMARA;230;MJET;9;M-JET;5244;40.935809;29.286398;Yeniþehir Mah. Eþref Bitlis Bulvarý No:110;34;21;ÝSTANBUL;PENDÝK;3.03.2017;Hayýr;;156;206;;;;;1250;1250
MJET FATÝH MAH TÝRE ÝZMÝR;GÜNEY EGE;230;MJET;9;M-JET;5245;38.09670695;27.71864487;Fatih Mah. Ayasofya Cad. No:1/A;35;26;ÝZMÝR;TÝRE;30.03.2017;Hayýr;;222;472;;;;;1251;1251
GÜVENEVLER YENÝÞEHÝR MERSÝN M;DOÐU AKDENÝZ;1;MÝGROS;6;SELF SERVÝS M;5247;36.788249;34.588555;Güvenevler Mah. 20 Bulvar No:26/A;33;13;MERSÝN;YENÝÞEHÝR;23.06.2017;Hayýr;;363;729;;59;;;1252;1252
ESKÝÝZMÝR CAD KARABAÐLAR M;GÜNEY EGE;1;MÝGROS;5;SERVÝS REYONLU M;5248;38.38147699;27.11331861;Sevgi Mah. Eskiizmir Cad. No:369/373;35;30;ÝZMÝR;KARABAÐLAR;14.07.2017;Hayýr;;391;973;;59;;;1253;1253
MJET GÜMÜLDÜR MENDERES ÝZMÝR;GÜNEY EGE;230;MJET;9;M-JET;5249;38.07345;27.0176;Fevzi çakmak mah.Gazi M.Kemal Bul.No151/A Gümüldür;35;21;ÝZMÝR;MENDERES;5.05.2017;Hayýr;;148;230;;;;;1254;1254
CORRÝDOR GÜNEÞLÝ ÝSTANBUL MM;BATI MARMARA;1;MÝGROS;2;MM;5250;41.02002985;28.82309097;Baðlar Mah.Yalçýn Koreþ  Cad. H.Blok  No:14/B43;34;3;ÝSTANBUL;BAÐCILAR;3.03.2017;Hayýr;;938;1212;;59;;;1255;1255
MJET ÝZMÝR AYDIN CD AYRANCILAR;GÜNEY EGE;230;MJET;9;M-JET;5251;38.23929969;27.27741419;Ayrancý Mah. Ýzmir Aydýn Cad. 88/A;35;27;ÝZMÝR;TORBALI;5.05.2017;Hayýr;;275;423;;;;;1256;1256
ERASTA AVM EDÝRNE MMM MÝGROS;BATI MARMARA;1;MÝGROS;3;MMM;5252;41.66592814;26.57033283;Abdurrahman Mah.Talatapaþa Cad. No:59;22;0;EDÝRNE;MERKEZ;14.04.2017;Hayýr;;1709;2043;;1,3;;;1257;1257
MJET MENTEÞ MAH MERSÝN;DOÐU AKDENÝZ;230;MJET;9;M-JET;5254;36.785653;34.565737;MENTEÞ MH. 100.YIL CUMHURÝYET CD. KARÝNACONSEPT;33;13;MERSÝN;YENÝÞEHÝR;18.08.2017;Hayýr;;242;495;;59;;;1258;1258
5M ANTARES AVM ANKARA;ÝÇ ANADOLU;185;5M;191;5M;5256;39.970213;32.821483;Ayvalý Mah. Afra Cad. No:1/34;6;5;ANKARA;KEÇÝÖREN;5.05.2017;Evet;;3334;4850;;1,3;;;1259;1259
TAÞUCU PARK SÝLÝFKE MERSÝN M;DOÐU AKDENÝZ;1;MÝGROS;5;SERVÝS REYONLU M;5257;36.311461;33.913483;Taþucu Mah. 444 Sokak No:16/B;33;8;MERSÝN;SÝLÝFKE;15.06.2017;Hayýr;;462;600;;59;;;1260;1260
STADYUM CAD SÝLÝFKE MERSÝN M;DOÐU AKDENÝZ;1;MÝGROS;5;SERVÝS REYONLU M;5259;36.384461;33.937338;Göksu mah.66.sok.Kýcalý apt.no:60-ABC NO:13-AB;33;8;MERSÝN;SÝLÝFKE;3.04.2017;Hayýr;;437;737;;;;;1261;1261
KÜÇÜKYALI HILLTOWN MACROCENTER;DOÐU MARMARA;4;MACROCENTER;9;MACROCENTER;5260;40.952986;29.121693;Aydýnevler Mah.Siteler Yolu Sok. No:1-1A;34;20;ÝSTANBUL;MALTEPE;27.10.2017;Evet;;790;940;;;;;1262;1262
ANATOLÝUM ÝSTANBUL MM MÝGROS;DOÐU MARMARA;1;MÝGROS;2;MM;5261;40.918274;29.175842;Anatolium Marmara AVM-Soðanlýk Yeni Mah.D100 Kuzey;34;18;ÝSTANBUL;KARTAL;4.05.2018;Hayýr;;895;1230;;;;;1263;1263
ERGANÝ DÝYARBAKIR M MÝGROS;DOÐU/G.DOÐU ANADOLU;1;MÝGROS;5;SERVÝS REYONLU M;5263;38.24618;39.781392;Adnan Menderes Mah.Kýralan Dink Mevkisi;21;7;DÝYARBAKIR;ERGANÝ;28.11.2017;Hayýr;;553;816;;;;;1264;1264
MJET ÇELEBÝ TUZLA ÝSTANBUL;DOÐU MARMARA;230;MJET;9;M-JET;5266;40.841858;29.30065;Evliya Çelebi Mh. Çelebi Sokak no:17;34;24;ÝSTANBUL;TUZLA;1.12.2017;Hayýr;;234;292;;;;;1266;1266
EGE PERLA AVM ÝZMÝR MM MÝGROS;KUZEY EGE;1;MÝGROS;2;MM;5268;38.4472;27.1742;Çýnarlý Mah. Ozan Abay Cad. No:8;35;8;ÝZMÝR;KONAK;6.09.2017;Hayýr;;955;1434;;59;;;1267;1267
MJET GELÝBOLU ÇANAKKALE;GÜNEY MARMARA;230;MJET;9;M-JET;5270;40.4189985;26.6743951;Yazýcýzade Mah. Mevlevihane Cad. B/Blok No:18;17;8;ÇANAKKALE;GELÝBOLU;2.06.2017;Hayýr;;283;515;;;;;1268;1268
SOÐANLI MAH BURSA M MÝGROS;GÜNEY MARMARA;1;MÝGROS;6;SELF SERVÝS M;5271;40.211778;29.043462;Soðanlý Mah. Çelebi Bulvarý No:204;16;2;BURSA;OSMANGAZÝ;8.12.2017;Hayýr;;543;740;;59;;;1269;1269
MJET ATATÜRK CAD. ÝZNÝK BURSA;GÜNEY MARMARA;230;MJET;9;M-JET;5272;40.43439911;29.72018103;Mustafakemalpaþa Mah. Atatürk Cad.No:157/A;16;9;BURSA;ÝZNÝK;14.04.2017;Hayýr;;163;334;;;;;1270;1270
BÝSMÝL DÝYARBAKIR M MÝGROS;DOÐU/G.DOÐU ANADOLU;1;MÝGROS;6;SELF SERVÝS M;5274;37.844722;40.663333;Akpýnar Mah.Özgürlük Bulv. No:18/L;21;1;DÝYARBAKIR;BÝSMÝL;18.05.2017;Hayýr;;365;792;;;;;1271;1271
MJET IÞIKLAR ANTALYA;BATI AKDENÝZ;230;MJET;9;M-JET;5275;36.877222;30.710833;Gençlik Mah. Iþýklar Cad. No:18;7;19;ANTALYA;MURATPAÞA;4.05.2017;Hayýr;;205;401;;;;;1272;1272
AGORA AVM ÝZMÝR MACROCENTER;KUZEY EGE;4;MACROCENTER;9;MACROCENTER;5277;38.39509295;27.05435949;Agora Avm Bahçelerarasý Mah. Mithatpaþa Cad No:26;35;1;ÝZMÝR;BALÇOVA;18.05.2017;Evet;;650;735;;59;;;1273;1273
AKGÜN AVM ELAZIÐ M MÝGROS;DOÐU/G.DOÐU ANADOLU;1;MÝGROS;6;SELF SERVÝS M;5279;38.673611;39.176667;Çaydaçýra Mah. Þehit Korg.Hulusi Sayýn Cad.No:18;23;0;ELAZIÐ;MERKEZ;26.05.2017;Hayýr;;583;704;;59;;;1274;1274
MJET BÝLGÝ CAD. AFYONKARAHÝSAR;ÝÇ ANADOLU;230;MJET;9;M-JET;5280;38.760274;30.54454;Derviþpaþa Mah.Ordu Bulvarý No:25/A-B;3;0;AFYONKARAHÝSAR;MERKEZ;9.11.2017;Hayýr;;147;201;;;;;1275;1275
AKSARAY CAD KEÇÝÖREN ANKARA M;ÝÇ ANADOLU;1;MÝGROS;5;SERVÝS REYONLU M;5281;39.997337;32.862092;Pýnarbaþý Mah. Aksaray Cad. No:2 A-B;6;5;ANKARA;KEÇÝÖREN;9.06.2017;Hayýr;;374;630;;59;;;1276;1276
GÜRE GÝRESUN MM MÝGROS;KARADENÝZ/KUZEYD.AND;1;MÝGROS;2;MM;5282;40.915278;38.331667;Güre Mah.Þehit Piy.Ast Sub.Kd.Bçþ.Ömer Halis Cad.;28;0;GÝRESUN;MERKEZ;12.05.2017;Hayýr;;806;959;;;;;1277;1277
MJET ROYAL ÇORLU TEKÝRDAÐ;BATI MARMARA;230;MJET;9;M-JET;5283;41.15253213;27.84443959;Esentepe Mah. Sancak Cad. No:12/D;59;2;TEKÝRDAÐ;ÇORLU;14.04.2017;Hayýr;;254;358;;;;;1278;1278
MJET SAM MAH GAZÝANTEP;DOÐU AKDENÝZ;230;MJET;9;M-JET;5284;37.166944;37.326667;Baþpýnar OSB Mah Celal Doðan Bulv.No:71 A Blok 3-4;27;2;GAZÝANTEP;ÞEHÝTKAMÝL;12.05.2017;Hayýr;;207;372;;59;;;1279;1279
MJET KEÇÝÖREN ANKARA PO;ÝÇ ANADOLU;230;MJET;255;MJET-ÝSTASYON;5286;39.969814;32.865037;Kalaba Mahallesi Fatih Caddesi No:20E;6;5;ANKARA;KEÇÝÖREN;24.03.2017;Hayýr;;63;67;;;;;1280;1280
MJET ÞARKÖY TEKÝRDAÐ;BATI MARMARA;230;MJET;9;M-JET;5287;40.614303;27.115808;Cumhuriyet Mah  Atatürk Cad Zemin Kat No: 35;59;8;TEKÝRDAÐ;ÞARKÖY;22.03.2017;Hayýr;;229;326;;;3772;;1281;1281
MJET LÝMAN SÝNOP;KARADENÝZ/KUZEYD.AND;230;MJET;9;M-JET;5288;42.024391;35.15008;Meydankapý Mah. Kurtuluþ Cad No:26;57;0;SÝNOP;MERKEZ;7.07.2017;Hayýr;;198;347;;59;;;1282;1282
MJET ESENTEPE BURSA PO;GÜNEY MARMARA;230;MJET;255;MJET-ÝSTASYON;5289;40.22452028;28.99174618;Esentepe Mah. Sanayi Cad.No:135 PO Ýstasyon içi;16;1;BURSA;NÝLÜFER;5.04.2017;Hayýr;;56;67;;;;;1283;1283
MJET SEYDÝÞEHÝR KONYA;ÝÇ ANADOLU;230;MJET;9;M-JET;5292;37.42;31.848056;Hacýseyit Ali Mah. Seyit Harun Bulvarý No:18;42;27;KONYA;SEYDÝÞEHÝR;31.05.2017;Hayýr;;170;367;;;;;1284;1284
MJET OSB GAZÝANTEP;DOÐU AKDENÝZ;230;MJET;9;M-JET;5293;37.161667;37.293333;Baþpýnar OSB Mah.2Organize Sany Bolg.;27;2;GAZÝANTEP;ÞEHÝTKAMÝL;12.05.2017;Hayýr;;127;260;;;;;1285;1285
MJET OVACIK FETHÝYE MUÐLA;GÜNEY EGE;230;MJET;9;M-JET;5295;36.572553;29.14628387;Ölüdeniz Mah. Atatürk Cad. No:116/1;48;4;MUÐLA;FETHÝYE;3.04.2018;Hayýr;;213;399;Evet;;;;1287;1287
KÜLTÜR MAH KEPEZ ANTALYA MM;BATI AKDENÝZ;1;MÝGROS;2;MM;5296;36.900556;30.654167;Kültür Mah. Hürriyet Cad.A Apt.No:42/AB;7;17;ANTALYA;KEPEZ;30.05.2017;Hayýr;;656;1268;;59;;;1288;1288
BESÝM UYAL CD URLA ÝZMÝR MM;KUZEY EGE;1;MÝGROS;2;MM;5298;38.3234;26.7508;Altýntaþ Mah.Ahmet Besim Uyal Cad.No:8/3B;35;28;ÝZMÝR;URLA;28.09.2017;Evet;;1024;1917;;59,3;;;1289;1289
ÝPEKYOLU VAN MM MÝGROS;DOÐU/G.DOÐU ANADOLU;1;MÝGROS;2;MM;5299;38.486714;43.365572;Hatuniye Mah Ýpekyolu Bulvarý No:142;65;12;VAN;ÝPEKYOLU;27.10.2017;Hayýr;;1143;1970;;;;;1290;1290
PODYUMPARK BURSA MACROCENTER;GÜNEY MARMARA;4;MACROCENTER;9;MACROCENTER;5303;40.22535112;28.97086251;Cumhuriyet Mah. Nilüfer Hatun Cad. No:114 H Blok;16;1;BURSA;NÝLÜFER;2.06.2017;Evet;;635;848;;59;;;1291;1291
HENDEK SAKARYA M MÝGROS;GÜNEY MARMARA;1;MÝGROS;5;SERVÝS REYONLU M;5304;40.79253706;30.73850618;Yeni Mah. Osmangazi Sok No:42 A-B;54;5;SAKARYA;HENDEK;29.06.2018;Hayýr;;574;882;;;;;1292;1292
MJET ALAÇATI MAH ÇEÞME ÝZMÝR;KUZEY EGE;230;MJET;9;M-JET;5306;38.28232026;26.37545451;Alaçatý Mah. 12017 Sokak No:7A-7B-7C-7D;35;14;ÝZMÝR;ÇEÞME;2.08.2017;Hayýr;;158;259;;;;;1293;1293
GRANDPERA MACROCENTER S;BATI MARMARA;4;MACROCENTER;236;MACROCENTER S;5308;41.03475542;28.97942348;Hüseyinaða Mah. Ýstiklal cad. No:56-58;34;9;ÝSTANBUL;BEYOÐLU;14.09.2017;Hayýr;;205;228;;59;;;1294;1294
MALL OF ANTALYA MMM MÝGROS;BATI AKDENÝZ;1;MÝGROS;3;MMM;5309;36.922222;30.785278;Altýnova Sinan Mahallesi Serik Caddesi No:309-33;7;17;ANTALYA;KEPEZ;28.04.2017;Hayýr;;1733;2065;;59,3;;;1295;1295
SETUR MARÝNA ANTALYA M MÝGROS;BATI AKDENÝZ;1;MÝGROS;6;SELF SERVÝS M;5310;36.833611;30.605278;Liman Mh.Liman 2 Cad.Setur Marina No:40/P;7;18;ANTALYA;KONYAALTI;25.04.2017;Hayýr;;150;174;;59;;;1296;1296
TOPÇULAR IÐDIR M MÝGROS;KARADENÝZ/KUZEYD.AND;1;MÝGROS;7;M ANADOLU;5312;39.921292;44.041914;Topçular Mah.Vali Konaðý Yolu Cad. No:13/1;76;0;IÐDIR;MERKEZ;6.10.2017;Hayýr;;500;837;;;;;1297;1297
MJET TOYA MODA ÝSTANBUL;BATI MARMARA;230;MJET;9;M-JET;5313;41.008883;28.804886;Tevfikbey Mah. 20 Temmuz Cad.B-1 Apt No:21 J/10;34;19;ÝSTANBUL;KÜÇÜKÇEKMECE;3.08.2018;Hayýr;;315;754;;;;;1298;1298
MJET KADIKALESÝ BODRUM;GÜNEY EGE;230;MJET;9;M-JET;5314;37.02741839;27.25660018;Peksimet Mah. Gümüþlük Cad.NO:236;48;1;MUÐLA;BODRUM;30.03.2018;Hayýr;;166;263;;59;;;1299;1299
PANORAMA KOZYATAÐI ÝSTANBUL M;DOÐU MARMARA;1;MÝGROS;5;SERVÝS REYONLU M;5315;40.979598;29.087118;19 Mayýs Mah. Ýnönü Cad. No:40A-40B;34;16;ÝSTANBUL;KADIKÖY;30.06.2017;Hayýr;;320;660;;59;;;1300;1300
MJET ADRASAN KUMLUCA ANTALYA;BATI AKDENÝZ;230;MJET;9;M-JET;5317;36.327427;30.445541;Adrasan Mah. Deniz Cad. No:96/3;7;12;ANTALYA;KUMLUCA;22.06.2017;Hayýr;;268;414;;59;;;1301;1301
YUNUS EMRE TÖMÜK MERSÝN M;DOÐU AKDENÝZ;1;MÝGROS;5;SERVÝS REYONLU M;5319;36.651166;34.381858;Tömük Mah.Yunus Emre Cad. No:6/1A;33;5;MERSÝN;ERDEMLÝ;15.07.2017;Hayýr;;544;1159;Evet;59;;;1302;1302
YENÝCE MAH ÇORLU TEKÝRDAÐ M;BATI MARMARA;1;MÝGROS;5;SERVÝS REYONLU M;5480;41.005278;27.702778;Yenice Mah. Ýstiklal Cad. No: 3-10/Z05;59;2;TEKÝRDAÐ;ÇORLU;1.06.2017;Hayýr;;691;847;;59;4442;;1303;1303
WESTA LÝFE AVM ZONGULDAK MM;ÝÇ ANADOLU;1;MÝGROS;2;MM;5481;41.451677;31.794315;Mithatpaþa Mah. Bülent Ecevit Cad. No:67;67;0;ZONGULDAK;MERKEZ;12.05.2017;Hayýr;;972;1195;;59;;;1304;1304
OPTÝMUM AVM ADANA MMM MÝGROS;DOÐU AKDENÝZ;1;MÝGROS;3;MMM;5484;36.991049;35.340405;Optimum Adana AVM Hacý Sabancý Bulv. No:28/B1;1;2;ADANA;YÜREÐÝR;16.06.2017;Evet;;2400;3700;;1,3;3363;;1305;1305
KÜÇÜKKIZIL HÝSAR MAH GAZÝANTEP;DOÐU AKDENÝZ;1;MÝGROS;5;SERVÝS REYONLU M;5486;36.9925;37.311667;Küçükkýzýlhisar Mah. Onkoloji Kapý No:8/E;27;1;GAZÝANTEP;ÞAHÝNBEY;26.08.2017;Hayýr;;468;974;;59;;;1306;1306
TOKÝ YALOVA M MÝGROS;GÜNEY MARMARA;1;MÝGROS;6;SELF SERVÝS M;5487;40.63532865;29.25690967;Adnan Menderes Mah. Rahmi Üstel Cad. No:105;77;0;YALOVA;MERKEZ;30.06.2017;Hayýr;;519;680;;59;;;1307;1307
MJET GÜZELÇAMLI AYDIN;GÜNEY EGE;230;MJET;9;M-JET;5488;37.732346;27.251501;Güzelçamlý Mahallesi, Meþelikuyu Caddesi No:72/A;9;11;AYDIN;KUÞADASI;2.06.2017;Hayýr;;349;675;Evet;;1182;;1308;1308
MJET SELANÝK CAD DÝDÝM AYDIN;GÜNEY EGE;230;MJET;9;M-JET;5493;37.37936729;27.26654668;Yeni Mah. Selanik Cad. No:49/A;9;4;AYDIN;DÝDÝM;13.07.2017;Hayýr;;214;368;;59;;;1309;1309
S.DEMÝREL BULVARI KUÞADASI M;GÜNEY EGE;1;MÝGROS;6;SELF SERVÝS M;5494;37.83555438;27.25849334;Kadýnlar Denizi Mah. 2676 Sokak. No:3/A;9;11;AYDIN;KUÞADASI;16.08.2018;Hayýr;;414;567;;;;;1310;1310
MJET KUÞADASI DEÐÝRMENDERE;GÜNEY EGE;230;MJET;9;M-JET;5495;37.8369739;27.26030994;Deðirmendere Mah.Aldaþ Gedigi Cad. No:2/AC;9;11;AYDIN;KUÞADASI;29.03.2019;Hayýr;;392;616;;;;;1311;1311
MJET TÝSAN MERSÝN;DOÐU AKDENÝZ;230;MJET;9;M-JET;5496;36.163509;33.68388;Yeþilovacýk Mah.Dalyan Kümeevleri No:85;33;8;MERSÝN;SÝLÝFKE;13.07.2017;Hayýr;;113;243;Evet;;;;1312;1312
BODRUM 2 MMM MÝGROS;GÜNEY EGE;1;MÝGROS;3;MMM;550;37.03769;27.41708;Eskiçeþme Mah. Turgutreis Cad. No:209;48;1;MUÐLA;BODRUM;8.07.1997;Evet;80;2300;3800;;1,2,3,13;;;1313;1313
STAD ANTALYA  MMM MÝGROS;BATI AKDENÝZ;1;MÝGROS;3;MMM;5500;36.888232;30.667817;Meltem Mah.Sakýp Sabancý Bulv. No:14;7;19;ANTALYA;MURATPAÞA;27.09.2017;Hayýr;;1446;1905;;59,3;;;1314;1314
MJET ÞEHREKÜSTÜ BURSA;DOÐU MARMARA;230;MJET;9;M-JET;5501;40.19107687;29.06599068;Kiremitçi Mah. Kocasinan Cad. No:57/59 A;16;2;BURSA;OSMANGAZÝ;26.05.2017;Hayýr;;238;516;;;4802;;1315;1315
MJET GÜVENEVLER ÇANKAYA ANKARA;ÝÇ ANADOLU;230;MJET;9;M-JET;5502;39.897559;32.85338;Güvenevler Mah.Güvenlik Cad. No:72/A-B;6;2;ANKARA;ÇANKAYA;20.10.2017;Hayýr;;162;210;;;;;1316;1316
MJET DOBRUCA BURSA;GÜNEY MARMARA;230;MJET;9;M-JET;5503;40.19687324;29.01244667;Hüdavendigar Mah Dobruca Cad. No:28/A-B 1A-1B;16;2;BURSA;OSMANGAZÝ;2.06.2017;Hayýr;;188;420;;;4579;;1317;1317
5M ÇÝÐLÝ AVM;KUZEY EGE;185;5M;191;5M;5514;38.481958;27.056061;Yeni Havaalaný Cad. No: 40;35;4;ÝZMÝR;ÇÝÐLÝ;1.09.2018;Evet;;6257;9344;;1,2,3;5321;;1318;1318
5M GAZÝEMÝR KÝPA AVM;GÜNEY EGE;185;5M;191;5M;5515;38.312611;27.143269;Akçay Cad. No: 253/3;35;5;ÝZMÝR;GAZÝEMÝR;1.09.2018;Evet;;3707;5801;;1,2,3;5322;;1319;1319
5M BALÇOVA KÝPA AVM;KUZEY EGE;185;5M;191;5M;5516;38.395;27.0428;Bahçelerarasý Mahallesi Mithatpaþa Caddesi No:46;35;1;ÝZMÝR;BALÇOVA;1.09.2018;Evet;;8349;12775;;1,2,3;5323;;1320;1320
5M ANTALYA KÝPA AVM;BATI AKDENÝZ;185;5M;191;5M;5518;36.908913;30.675448;Fabrikalar Mah. Fikri Erten Cad. No:10;7;17;ANTALYA;KEPEZ;1.09.2018;Evet;;3520;5713;;;5325;;1321;1321
5M ÇANAKKALE KÝPA AVM;GÜNEY MARMARA;185;5M;191;5M;5519;40.1135;26.4091;Barbaros Mah. Atatürk Cad. Kepez Ýstikameti No:245;17;0;ÇANAKKALE;MERKEZ;1.09.2018;Evet;;3870;6257;;1,3;5326;;1322;1322
5M AYDIN KÝPA AVM;GÜNEY EGE;185;5M;191;5M;5520;37.847582;27.840015;Cumhuriyet Mahallesi Ýstasyon Bulvarý No:1;9;17;AYDIN;EFELER;1.09.2018;Evet;;3600;8449;;1,3;5327;;1323;1323
5M ÇORLU ORÝON 2 AVM;BATI MARMARA;185;5M;191;5M;5521;41.151;27.8324;Muhittin Mah. Omurtak Cad. No: 136;59;2;TEKÝRDAÐ;ÇORLU;1.09.2018;Evet;;5437;8326;;1;5328;;1324;1324
5M EDÝRNE KÝPA AVM;BATI MARMARA;185;5M;191;5M;5523;41.655471;26.58649;Edirne Merkez Ýstasyon Mah. Talatpaþa Cad. No:23;22;0;EDÝRNE;MERKEZ;1.09.2018;Evet;;4166;8853;;1,3;5330;;1325;1325
5M FORUM BORNOVA;KUZEY EGE;185;5M;191;5M;5525;38.449988;27.211223;Kazým Dirik Mah. 372 Sokak. No:36;35;2;ÝZMÝR;BORNOVA;1.09.2018;Evet;;6720;10949;;1,2,3;5332;;1326;1326
BURHANÝYE MMM MÝGROS;KUZEY EGE;1;MÝGROS;3;MMM;5526;39.497775;26.967707;Hürriyet Mah. Karýnca Cad. No: 7;10;5;BALIKESÝR;BURHANÝYE;1.09.2018;Evet;;1845;3616;;1,3;5333;;1327;1327
5M VEGA AVM SÝLÝVRÝ;BATI MARMARA;185;5M;191;5M;5527;41.0768;28.2515;Yeni Mahalle General Ali Ýhsan Türkan Cad.No:30-34;34;30;ÝSTANBUL;SÝLÝVRÝ;1.09.2018;Hayýr;;3102;5948;;;5334;;1328;1328
PANORA AVM ANKARA MMM MÝGROS;ÝÇ ANADOLU;1;MÝGROS;3;MMM;5528;39.8479;32.8316;Oran Mah. Kudüs Cad. Panora Avm No:3/8;6;2;ANKARA;ÇANKAYA;1.09.2018;Evet;;2648;3750;;1,3;5335;;1329;1329
5M KEÞAN KÝPA AVM;BATI MARMARA;185;5M;191;5M;5529;40.873156;26.632986;Ýspat Cami Mah. Londra Asfaltý No:78;22;4;EDÝRNE;KEÞAN;1.09.2018;Evet;;3955;6291;;1,3;5336;;1330;1330
5M ALANYA;BATI AKDENÝZ;185;5M;191;5M;5530;36.5463;32.0261;Saray Beleni Mah. Hacýbaba Cad.No:4;7;2;ANTALYA;ALANYA;1.09.2018;Evet;;3907;5987;;1,3;5337;;1331;1331
5M KUÞADASI KÝPA AVM;GÜNEY EGE;185;5M;191;5M;5531;37.811695;27.280501;Deðirmendere Mah. Süleyman Demirel Bulv. No:175/A;9;11;AYDIN;KUÞADASI;1.09.2018;Hayýr;;5400;9189;;1,3;5338;;1332;1332
5M KORUPARK AVM BURSA;GÜNEY MARMARA;185;5M;191;5M;5532;40.2503;28.9585;Emek Adnan Menderes Mah.Turgut Özal Cad.No:2;16;2;BURSA;OSMANGAZÝ;1.09.2018;Evet;;3928;6678;;1,3;5339;;1333;1333
5M VEGA AVM YALOVA;GÜNEY MARMARA;185;5M;191;5M;5534;40.6533;29.255;Kazým Karabekir Mah.Þehit Ömer Faydalý Cad. No:233;77;0;YALOVA;MERKEZ;1.09.2018;Evet;;3100;5155;;1,3;5341;;1334;1334
5M MERSÝN;DOÐU AKDENÝZ;185;5M;191;5M;5535;36.7679;34.553;Eðriçam Mah H. Okan Merzeci Bulvarý No: 759;33;13;MERSÝN;YENÝÞEHÝR;1.09.2018;Evet;;3684;4621;;1,3;5342;;1335;1335
LUNA SALÝHLÝ AVM MMM MÝGROS;KUZEY EGE;1;MÝGROS;3;MMM;5536;38.483;28.1248;Þehitler Mah. Park Cad. No:63;45;10;MANÝSA;SALÝHLÝ;1.09.2018;Evet;;1980;3373;;3;5343;;1336;1336
5M FORUM AVM ANKARA;ÝÇ ANADOLU;185;5M;191;5M;5537;40.017;32.8236;Ovacýk Mah. Yozgat Bulvarý No: 97/Z23;6;5;ANKARA;KEÇÝÖREN;1.09.2018;Evet;;5802;11185;;1,3;5344;;1337;1337
5M VÝAPORT AVM ÝSTANBUL;DOÐU MARMARA;185;5M;191;5M;5538;40.9367;29.3258;Yeniþehir Mahallesi Dedepaþa Cad. No:2/1 Kurtköy;34;21;ÝSTANBUL;PENDÝK;1.09.2018;Evet;;5241;8411;;1,3;5345;;1338;1338
5M DERÝNCE KÝPA AVM;DOÐU MARMARA;185;5M;191;5M;5539;40.7589;29.8496;Deniz Mah. Ergenekon Cad. No:2;41;6;KOCAELÝ;DERÝNCE;1.09.2018;Evet;;4118;9496;;1,3;5346;;1339;1339
MARMARÝS MMM MÝGROS;GÜNEY EGE;1;MÝGROS;3;MMM;554;36.841778;28.248805;Armutalan Mahallesi Cumhuriyet Bulvarý No:10-A;48;7;MUÐLA;MARMARÝS;8.08.1997;Evet;74;2450;4800;;6,23,27,1,12,21,3,9,55,13,39;;;1340;1340
FORUM AYDIN MMM MÝGROS;GÜNEY EGE;1;MÝGROS;3;MMM;5540;37.8451048;27.86112428;ORTA MAH. MÜZE BULVARI CAD. NO: 1/1;9;17;AYDIN;EFELER;1.09.2018;Hayýr;;2040;3321;;;5347;;1341;1341
ATLANTÝS AVM ANKARA MMM MÝGROS;ÝÇ ANADOLU;1;MÝGROS;3;MMM;5542;39.9702;32.7154;Baþkent Bulv.No:224 /H-01 Batýkent Altantis AVM;6;8;ANKARA;YENÝMAHALLE;1.09.2018;Evet;;2412;3562;;1,3;5349;;1342;1342
5M AYVALIK;KUZEY EGE;185;5M;191;5M;5543;39.328044;26.713122;150 EVLER MH. 1038 SK. NO:1/1;10;1;BALIKESÝR;AYVALIK;1.09.2018;Evet;;4044;6961;;1,3;5350;;1343;1343
5M HORÝZON GARDEN AVM DENÝZLÝ;GÜNEY EGE;185;5M;191;5M;5544;37.7899;29.09;Sümer Mah. Çal Caddesi No:1/133;20;20;DENÝZLÝ;MERKEZEFENDÝ;1.09.2018;Evet;;3632;4859;;3;5351;;1344;1344
5M BALIKESÝR;GÜNEY MARMARA;185;5M;191;5M;5545;39.660412;27.910117;Paþaalaný Mahallesi Bandýrma Caddesi No:126/A;10;20;BALIKESÝR;KARESÝ;1.09.2018;Evet;;3565;5619;;1,3;5352;;1345;1345
5M MUÐLA;GÜNEY EGE;185;5M;191;5M;5546;37.1956;28.3694;Emirbeyazýt Mahallesi Uður Mumcu Bulv.No:44;48;12;MUÐLA;MENTEÞE;1.09.2018;Evet;;4074;5772;;1,3;5353;;1346;1346
5M EDREMÝT KÝPA AVM;KUZEY EGE;185;5M;191;5M;5548;39.597465;26.972191;YOLÖREN MH. ÇANAKKALE BLV. NO: 112;10;7;BALIKESÝR;EDREMÝT;1.09.2018;Evet;;5000;7278;;1,3;5355;;1347;1347
ARMADA AVM ANKARA MM;ÝÇ ANADOLU;1;MÝGROS;2;MM;5550;39.9131;32.8092;Eskiþehir Yolu Armada AVM No: 6/B4 Söðütözü;6;8;ANKARA;YENÝMAHALLE;1.09.2018;Hayýr;;1412;2030;;1,3;5357;;1348;1348
BABATAÞI MH FETHÝYE MMM MÝGROS;GÜNEY EGE;1;MÝGROS;3;MMM;5552;36.6339;29.132;Babataþý Mahallesi Adnan Menderes Bulv.No:72;48;4;MUÐLA;FETHÝYE;1.09.2018;Hayýr;;1982;2720;;1,3;5359;;1349;1349
5M LÝMAN AVM BANDIRMA;GÜNEY MARMARA;185;5M;191;5M;5553;40.343763;27.981389;17 Eylül Mah. Gönen Yolu No:2/1- Z/1;10;3;BALIKESÝR;BANDIRMA;1.09.2018;Evet;;3804;6831;;1,3;5360;;1350;1350
5M ARENAPARK HALKALI;BATI MARMARA;185;5M;191;5M;5555;41.0547;28.7918;Atakent Mah.Çiçekli Vadi Cad.No:1/1B Arenapark AVM;34;19;ÝSTANBUL;KÜÇÜKÇEKMECE;1.09.2018;Evet;;3900;6486;;1,3;5362;;1351;1351
TARSU AVM TARSUS MMM MÝGROS;DOÐU AKDENÝZ;1;MÝGROS;3;MMM;5556;36.920666;34.904931;Fevzi Çakmak Mahallesi Adana Bulvarý No: 57/Z 14;33;9;MERSÝN;TARSUS;1.09.2018;Evet;;2528;4139;;3;5363;;1352;1352
SERA AVM KÜTAHYA MMM MÝGROS;GÜNEY MARMARA;1;MÝGROS;3;MMM;5558;39.4353;29.994;Akkent Mh.Kütahya Eskiþehir kara yolu Blv No:1/Z03;43;0;KÜTAHYA;MERKEZ;1.09.2018;Evet;;2500;4216;;3;5365;;1353;1353
MJET EÞREFPAÞA ÝZMÝR;KUZEY EGE;230;MJET;9;M-JET;5561;38.4072;27.1281;Eþrefpaþa Cad No: 298/ A;35;8;ÝZMÝR;KONAK;1.09.2018;Hayýr;;235;468;;;5368;;1354;1354
POLÝGON ÝZMÝR M MÝGROS;KUZEY EGE;1;MÝGROS;6;SELF SERVÝS M;5562;38.3938;27.0819;40 Sokak NO:66 Güzelyalý Mah;35;8;ÝZMÝR;KONAK;1.09.2018;Hayýr;;288;358;;;5369;;1355;1355
KIBRIS ÞEHÝT.ÝZMÝR M MÝGROS;KUZEY EGE;1;MÝGROS;6;SELF SERVÝS M;5563;38.4401;27.144;Kýbrýs Þehitler Cad. No:136;35;8;ÝZMÝR;KONAK;1.09.2018;Hayýr;;312;442;;;5370;;1356;1356
MJET MANAVKUYU SAKARYA;KUZEY EGE;230;MJET;9;M-JET;5564;38.4621;27.1916;Sakarya Cad.No:38;35;29;ÝZMÝR;BAYRAKLI;1.09.2018;Hayýr;;320;380;;;5371;;1357;1357
MJET MEHMET AKÝF C. BUCA ÝZMÝR;GÜNEY EGE;230;MJET;9;M-JET;5567;38.3933;27.1432;Mehmet Akif Cad. No:77-79;35;3;ÝZMÝR;BUCA;1.09.2018;Hayýr;;239;308;;;5374;;1358;1358
MJET OSMANGAZÝ PARK;KUZEY EGE;230;MJET;9;M-JET;5570;38.4708;27.1858;Osmangazi Mah. No:330/A;35;29;ÝZMÝR;BAYRAKLI;1.09.2018;Hayýr;;286;396;;;5377;;1359;1359
ÇAMDÝBÝ PAZAR ÝZMÝR M MÝGROS;KUZEY EGE;1;MÝGROS;6;SELF SERVÝS M;5571;38.4355;27.1943;329 Sokak Barýþ Sitesi No:4 Çamdibi;35;2;ÝZMÝR;BORNOVA;1.09.2018;Hayýr;;304;354;;;5378;;1360;1360
ONUR MAH. BALÇOVA M MÝGROS;KUZEY EGE;1;MÝGROS;6;SELF SERVÝS M;5575;38.3929;27.0557;Ardýç Sokak No:27;35;1;ÝZMÝR;BALÇOVA;1.09.2018;Hayýr;;326;460;;;5382;;1361;1361
MJET BAYRAKLI ÇAMKIRAN;KUZEY EGE;230;MJET;9;M-JET;5578;38.462259;27.191428;Fatih Mah. Çamkýran No:71;35;29;ÝZMÝR;BAYRAKLI;1.09.2018;Hayýr;;214;272;;;5385;;1362;1362
MJET BATI GAZÝ BLV AYDIN;GÜNEY EGE;230;MJET;9;M-JET;5579;37.854057;27.833068;Meþrutiyet Mahallesi Batý Gazi Bulvarý No:109/A;9;17;AYDIN;EFELER;1.09.2018;Hayýr;;237;452;;;5386;;1363;1363
MJET SULTAN SELÝM C.EVKA1 BUCA;GÜNEY EGE;230;MJET;9;M-JET;5580;38.3902;27.1863;Sultan Selim Cad. No:212/A;35;3;ÝZMÝR;BUCA;1.09.2018;Hayýr;;202;284;;;5387;;1364;1364
BAYRAKLI CENGÝZHAN M MÝGROS;KUZEY EGE;1;MÝGROS;5;SERVÝS REYONLU M;5582;38.4737;27.1564;75.Yýl Mah 1620/41 Sokak No:2/B;35;29;ÝZMÝR;BAYRAKLI;1.09.2018;Hayýr;;295;368;;;5389;;1365;1365
MJET MANÝSA SEYFETTÝN BEY CAD.;KUZEY EGE;230;MJET;9;M-JET;5583;38.614;27.4353;Niþancýpaþa Mah. Seyfettinbey Cad No:7/A;45;16;MANÝSA;ÞEHZADELER;1.09.2018;Hayýr;;278;781;;;5390;;1366;1366
MJET ERDEM C. BAHÇEKAPI BUCA;GÜNEY EGE;230;MJET;9;M-JET;5584;38.3924;27.1721;Erdem Cad. No.204/A;35;3;ÝZMÝR;BUCA;1.09.2018;Hayýr;;239;385;;;5391;;1367;1367
MJET MANÝSA GARAJ;KUZEY EGE;230;MJET;9;M-JET;5585;38.6177;27.4239;Yarhasanlar Mah.Kumludere Cad.ABlok 27/A-B;45;16;MANÝSA;ÞEHZADELER;1.09.2018;Hayýr;;255;442;;;5392;;1368;1368
MJET ÇAKMAK C. BUCA ÝZMÝR;GÜNEY EGE;230;MJET;9;M-JET;5586;38.3932;27.1556;Çakmak Cad. Þirinyer No:16/A;35;3;ÝZMÝR;BUCA;1.09.2018;Hayýr;;200;250;;;5393;;1369;1369
MJET MANÝSA ANAFARTALAR;KUZEY EGE;230;MJET;9;M-JET;5587;38.6172;27.4332;2.Anafartalar Mah. Cumhuriyet Cad. 42/A;45;16;MANÝSA;ÞEHZADELER;1.09.2018;Hayýr;;215;462;;;5394;;1370;1370
MJET KAHRAMANLAR ÝZMÝR;KUZEY EGE;230;MJET;9;M-JET;5589;38.4308;27.1505;1420 Sokak No:70/D Kahramanlar Mah;35;8;ÝZMÝR;KONAK;1.09.2018;Hayýr;;236;352;;;5396;;1371;1371
MJET ÝNÖNÜ MH. FIRAT BUCA;GÜNEY EGE;230;MJET;9;M-JET;5590;38.3735;27.1508;Ýnönü Mah 647/16 Sokak No:8/A;35;3;ÝZMÝR;BUCA;1.09.2018;Hayýr;;238;353;;;5397;;1372;1372
MJET BAYRAKLI KURTULUÞ;KUZEY EGE;230;MJET;9;M-JET;5591;38.4573;27.2002;Kurtuluþ Cad. No:19/C;35;29;ÝZMÝR;BAYRAKLI;1.09.2018;Hayýr;;240;357;;;5398;;1373;1373
MJET YENÝ GÝRNE PAZARYERÝ;KUZEY EGE;230;MJET;9;M-JET;5592;38.471119;27.113227;SOÐUKKUYU MH. 1847/16 SK MELÝS APT. NO:3 /1A;35;29;ÝZMÝR;BAYRAKLI;1.09.2018;Hayýr;;276;350;;;5399;;1374;1374
MJET BORNOVA METRO;KUZEY EGE;230;MJET;9;M-JET;5593;38.459;27.2134;Ankara Cad. No:251/A;35;2;ÝZMÝR;BORNOVA;1.09.2018;Hayýr;;199;287;;;5400;;1375;1375
MJET CANDAN TARHAN BLV K.ADASI;GÜNEY EGE;230;MJET;9;M-JET;5594;37.864529;27.268022;TÜRKMEN MH. CANDAN TARHAN BLV. NO:116A;9;11;AYDIN;KUÞADASI;1.09.2018;Hayýr;;230;297;;;5401;;1376;1376
MJET GÜNSAZAK BULVAR KARÞIYAKA;KUZEY EGE;230;MJET;9;M-JET;5596;38.4707;27.1004;Demirköprü Mahallesi Ordu Bulvarý No:137-1;35;7;ÝZMÝR;KARÞIYAKA;1.09.2018;Hayýr;;235;320;;;5403;;1377;1377
MJET BAYRAKLI DUMLUPINAR;KUZEY EGE;230;MJET;9;M-JET;5597;38.4698;27.1943;569/1 Sokak No:2/B Osmangazi Mah.;35;29;ÝZMÝR;BAYRAKLI;1.09.2018;Hayýr;;235;310;;;5404;;1378;1378
MJET TOROS MEYDAN ÝZMÝR;KUZEY EGE;230;MJET;9;M-JET;5599;38.4106;27.1726;Toros Cad.No:102 Gültepe;35;8;ÝZMÝR;KONAK;1.09.2018;Hayýr;;224;329;;;5406;;1379;1379
MJET MANÝSA HAFSA SULTAN;KUZEY EGE;230;MJET;9;M-JET;5600;38.6183;27.4109;Yeni Mahalle Bahtiyar Tosunbaþ Cad No:66/A;45;17;MANÝSA;YUNUSEMRE;1.09.2018;Hayýr;;300;920;;;5407;;1380;1380
MJET UÐUR MUMCU C. ÇEVÝK1 BUCA;GÜNEY EGE;230;MJET;9;M-JET;5601;38.3828;27.1675;Uður Mumcu Cad. No:83/A;35;3;ÝZMÝR;BUCA;1.09.2018;Hayýr;;234;390;;;5408;;1381;1381
MJET MEHMET AKÝF CAD.ANTALYA;BATI AKDENÝZ;230;MJET;9;M-JET;5602;36.911165;30.68361;Ulus Mah. Mehmet Akif Cad. No:38/A;7;17;ANTALYA;KEPEZ;1.09.2018;Hayýr;;180;420;;;5409;;1382;1382
MJET ÞARAMPOL ANTALYA;BATI AKDENÝZ;230;MJET;9;M-JET;5605;36.896362;30.698697;Apdi ipekçi Cad. Muratpaþa Mah.Kaçar Apt.No:20;7;19;ANTALYA;MURATPAÞA;1.09.2018;Hayýr;;200;275;;;5412;;1383;1383
MJET ÜÇYOL METRO ÝZMÝR;KUZEY EGE;230;MJET;9;M-JET;5606;38.4062;27.1207;Þükrü Saraçoðlu Cad. No:10/A Hayat Üçyol;35;8;ÝZMÝR;KONAK;1.09.2018;Hayýr;;162;230;;;5413;;1384;1384
MJET ANAFARTALAR ANTALYA;BATI AKDENÝZ;230;MJET;9;M-JET;5607;36.896958;30.691002;Memurevleri Mah. Güllük Cad. Birlik Apt. No:125/A;7;19;ANTALYA;MURATPAÞA;1.09.2018;Hayýr;;170;308;;;5414;;1385;1385
MJET KONAK BORSA ÝZMÝR;KUZEY EGE;230;MJET;9;M-JET;5608;38.4239;27.1326;Þehit Fethibey Cad.No:35;35;8;ÝZMÝR;KONAK;1.09.2018;Hayýr;;224;506;;;5415;;1386;1386
MJET ATATÜRK BLV. ALAÇATI;KUZEY EGE;230;MJET;9;M-JET;5609;38.2878;26.3738;Alaçatý Mah. Atatürk Bulvarý No:13 Alaçatý;35;14;ÝZMÝR;ÇEÞME;1.09.2018;Hayýr;;238;476;;;5416;;1387;1387
MJET HATAY METRO ÝZMÝR;GÜNEY EGE;230;MJET;9;M-JET;5610;38.402274;27.11385;Ýnönü Caddesi No: 227/A;35;30;ÝZMÝR;KARABAÐLAR;1.09.2018;Hayýr;;184;254;;;5417;;1388;1388
MJET LÝMAN GÜLLÜK;GÜNEY EGE;230;MJET;9;M-JET;5611;37.237435;27.597589;Atatürk mah. Adnan menderes Cad.2/A Güllük;48;8;MUÐLA;MÝLAS;1.09.2018;Hayýr;;217;284;;;5418;;1389;1389
MJET LÜLEBURGAZ ÇARÞI;BATI MARMARA;230;MJET;9;M-JET;5615;41.4072;27.3524;Ýstanbul Cad. No:7;39;4;KIRKLARELÝ;LÜLEBURGAZ;1.09.2018;Hayýr;;200;246;;;5422;;1391;1391
MJET MANÝSA MESÝR;KUZEY EGE;230;MJET;9;M-JET;5618;38.6103;27.4132;Merkezefendi Mah. Ýzmir Cad.No:220/A;45;17;MANÝSA;YUNUSEMRE;1.09.2018;Hayýr;;170;362;;;5425;;1392;1392
MJET KALKAN MERKEZ ANTALYA;BATI AKDENÝZ;230;MJET;9;M-JET;5621;36.2661;29.4141;Kalkan Mah Þehitler Cad. No:43/3;7;9;ANTALYA;KAÞ;1.09.2018;Hayýr;;205;273;;;5428;;1393;1393
MJET BARIÞ MH. BUCA ÝZMÝR;GÜNEY EGE;230;MJET;9;M-JET;5622;38.396239;27.161437;Barýþ Mah. 361/2 Sokak No:2/A;35;3;ÝZMÝR;BUCA;1.09.2018;Hayýr;;191;331;;;5429;;1394;1394
MJET GÜZELBAHÇE YALI;KUZEY EGE;230;MJET;9;M-JET;5623;38.37826;26.894579;Mithatpaþa Cad. No: 345/A;35;6;ÝZMÝR;GÜZELBAHÇE;1.09.2018;Hayýr;;196;295;;;5430;;1395;1395
MJET BOSTANLI CADDE;KUZEY EGE;230;MJET;9;M-JET;5624;38.462248;27.092767;Bestekar Sadi Hoþses Sok. No:18/A Bostanlý;35;7;ÝZMÝR;KARÞIYAKA;1.09.2018;Hayýr;;175;282;;;5431;;1396;1396
MJET ANAFARTALAR ÖDEMÝÞ;GÜNEY EGE;230;MJET;9;M-JET;5625;38.2347;27.9797;Anafartalar Mah. Saðlýk Caddesi No:16;35;23;ÝZMÝR;ÖDEMÝÞ;1.09.2018;Hayýr;;213;320;;;5432;;1397;1397
MJET GAZÝ BULVARI KONAK ÝZMÝR;KUZEY EGE;230;MJET;9;M-JET;5627;38.423783;27.140784;Gazi Bulvarý No:122/A Ýsmet Kaptan Mah;35;8;ÝZMÝR;KONAK;1.09.2018;Hayýr;;147;268;;;5434;;1398;1398
MJET IRMAK MH. GAZÝEMÝR ÝZMÝR;GÜNEY EGE;230;MJET;9;M-JET;5628;38.3254;27.1274;Irmak Mah. Hasan Güven Cad. No:67;35;5;ÝZMÝR;GAZÝEMÝR;1.09.2018;Hayýr;;290;478;;;5435;;1399;1399
CUMHURÝYET MH ÖDEMÝÞ MM MÝGROS;GÜNEY EGE;1;MÝGROS;2;MM;5629;38.2279;27.9791;Cumhuriyet Mah. Atatürk Cad. No:22/B;35;23;ÝZMÝR;ÖDEMÝÞ;1.09.2018;Evet;;740;1235;;;5436;;1400;1400
EGEKENT KARÞIYAKA M MÝGROS;KUZEY EGE;1;MÝGROS;5;SERVÝS REYONLU M;5631;38.509145;27.064269;8840 Sokak No:2 Ýzkent Mah. Egekent;35;4;ÝZMÝR;ÇÝÐLÝ;1.09.2018;Hayýr;;910;1402;;;5438;;1401;1401
1405 SK. BUCA KOOP ÝZMÝR MM;GÜNEY EGE;1;MÝGROS;2;MM;5632;38.3676;27.1843;Buca Koop Mah 405 Sokak N0:19/A;35;3;ÝZMÝR;BUCA;1.09.2018;Evet;;860;1176;;;5439;;1402;1402
ANADOLU CAD. ÇÝÐLÝ MM MÝGROS;KUZEY EGE;1;MÝGROS;2;MM;5633;38.491569;27.065398;Anadolu Cad. No:949 /B;35;4;ÝZMÝR;ÇÝÐLÝ;1.09.2018;Hayýr;;865;1340;;3;5440;;1403;1403
GÜZELOBA LARA ANTALYA MM;BATI AKDENÝZ;1;MÝGROS;2;MM;5634;36.861997;30.789562;Güzeloba Mah. Havaalaný Cad. Lara Çarþýsý 72/A;7;19;ANTALYA;MURATPAÞA;1.09.2018;Hayýr;;874;1709;;3;5441;;1404;1404
MEYDAN AVM URLA ÝZMÝR MM;KUZEY EGE;1;MÝGROS;2;MM;5636;38.3238;26.7676;Bülent Baratalý Cad No:39 Dükkan 40;35;28;ÝZMÝR;URLA;1.09.2018;Hayýr;;650;917;;;5443;;1405;1405
BAYINDIRLIK BV AYDIN MM MÝGROS;GÜNEY EGE;1;MÝGROS;2;MM;5638;37.85157;27.822575;Girne Mahallesi Ýsmet Sezgin Bulvarý No:1/AA;9;17;AYDIN;EFELER;1.09.2018;Hayýr;;749;1073;;;5445;;1406;1406
BEYKENT BÜYÜKÇEKMECE MM MÝGROS;BATI MARMARA;1;MÝGROS;2;MM;5639;41.0056;28.6215;Pýnartepe Mah. Avrupa Cad. No:67/A;34;28;ÝSTANBUL;BÜYÜKÇEKMECE;1.09.2018;Hayýr;;842;1323;;3;5446;;1407;1407
KADIKÖY ÇARÞI M MÝGROS;DOÐU MARMARA;1;MÝGROS;5;SERVÝS REYONLU M;564;40.990479;29.024479;Caferaða Mah. Mühürdar Cad. NO:16/A;34;16;ÝSTANBUL;KADIKÖY;1.05.1998;Hayýr;;385;820;;;;;1408;1408
GELÝBOLU ANZAK MM MÝGROS;GÜNEY MARMARA;1;MÝGROS;2;MM;5640;40.420453;26.668914;Gazi Süleyman Paþa Mah. 26 Kasým Cad. No:53/A;17;8;ÇANAKKALE;GELÝBOLU;1.09.2018;Hayýr;;816;1165;;;5447;;1409;1409
BATI ATAÞEHÝR ÝST MM MÝGROS;DOÐU MARMARA;1;MÝGROS;2;MM;5641;40.9896;29.1053;Barbaros Mah. Fesleðen Sok.No:1/B;34;34;ÝSTANBUL;ATAÞEHÝR;1.09.2018;Hayýr;;948;1714;;;5448;;1410;1410
DÝKÝLÝ MM MÝGROS;KUZEY EGE;1;MÝGROS;2;MM;5642;39.0773;26.8924;Cumhuriyet Mah. Atatürk Cad No:43;35;15;ÝZMÝR;DÝKÝLÝ;1.09.2018;Evet;;1140;1480;;3;5449;;1411;1411
BELDÝBÝ MH. MARMARÝS MM MÝGROS;GÜNEY EGE;1;MÝGROS;2;MM;5643;36.8658;28.2699;Çamdibi Mah.Beldibi Yolu No:13/A;48;7;MUÐLA;MARMARÝS;1.09.2018;Hayýr;;724;1037;;;5450;;1412;1412
BAYRAKLI YEÞÝLPARK M MÝGROS;KUZEY EGE;1;MÝGROS;5;SERVÝS REYONLU M;5644;38.4649;27.1907;Yüzbaþý Ýbrahim Hakký Cad.No:48/A;35;29;ÝZMÝR;BAYRAKLI;1.09.2018;Hayýr;;625;989;;;5451;;1413;1413
BABAESKÝ OTOGAR MM MÝGROS;BATI MARMARA;1;MÝGROS;2;MM;5645;41.427942;27.096305;Gazi Kemal Mah. Ýnönü Meydaný 1/3;39;1;KIRKLARELÝ;BABAESKÝ;1.09.2018;Hayýr;;860;1272;;;5452;;1414;1414
ATAKÖY SÜÝT M MÝGROS;BATI MARMARA;1;MÝGROS;5;SERVÝS REYONLU M;5646;40.985016;28.847372;Ataköy Mah.Açýkdeniz Sok.No:2/1 F;34;5;ÝSTANBUL;BAKIRKÖY;1.09.2018;Hayýr;;431;527;;;5453;;1415;1415
ORDU C.SANCAKTEPE ÝST MM;DOÐU MARMARA;1;MÝGROS;2;MM;5647;41.0074;29.1935;Emek Mah. Ordu Cad.No:2;34;39;ÝSTANBUL;SANCAKTEPE;1.09.2018;Hayýr;;1130;1401;;3;5454;;1416;1416
ÞARKÖY TEKÝRDAÐ MM MÝGROS;BATI MARMARA;1;MÝGROS;2;MM;5648;40.615721;27.119185;Cumhuriyet Mah. Arif Hikmet Cad. No: 27/BD;59;8;TEKÝRDAÐ;ÞARKÖY;1.09.2018;Hayýr;;945;1311;;;5455;;1417;1417
ÇOBANÇEÞME ÇORLU MM MÝGROS;BATI MARMARA;1;MÝGROS;2;MM;5649;41.154957;27.798706;Reþadiye Mah. Yunus Emre Cad. No:6;59;2;TEKÝRDAÐ;ÇORLU;1.09.2018;Hayýr;;840;951;;;5456;;1418;1418
HAYRABOLU HÜKÜMET M MÝGROS;BATI MARMARA;1;MÝGROS;6;SELF SERVÝS M;5650;41.212568;27.107112;Kahya Mah. Tekirdað Cad. Halkbank Karþýsý;59;3;TEKÝRDAÐ;HAYRABOLU;1.09.2018;Hayýr;;560;1055;;;5457;;1419;1419
LÜLEBURGAZ KURTULUÞ MM MÝGROS;BATI MARMARA;1;MÝGROS;2;MM;5652;41.398934;27.353969;Kurtuluþ Mah. Ýstasyon Cad No: 53/ 2 A;39;4;KIRKLARELÝ;LÜLEBURGAZ;1.09.2018;Hayýr;;654;865;;;5459;;1420;1420
AYÞEKADIN EDÝRNE M MÝGROS;BATI MARMARA;1;MÝGROS;6;SELF SERVÝS M;5653;41.67086;26.564204;Abdurrahman Mh.Eski Ýstanbul Cd.Kalaycý Sk.No:160;22;0;EDÝRNE;MERKEZ;1.09.2018;Hayýr;;472;825;;;5460;;1421;1421
KIRKLARELÝ POSTANE M MÝGROS;BATI MARMARA;1;MÝGROS;6;SELF SERVÝS M;5654;41.733732;27.221814;Karakaþ Mah.Fevzi Çakmak Blv.No:23;39;0;KIRKLARELÝ;MERKEZ;1.09.2018;Hayýr;;384;914;;;5461;;1422;1422
BÝGA ÇANAKKALE M MÝGROS;GÜNEY MARMARA;1;MÝGROS;6;SELF SERVÝS M;5655;40.223832;27.247558;Sakarya Mah.Turgut Özal Cad. No:3/1;17;3;ÇANAKKALE;BÝGA;1.09.2018;Hayýr;;710;1075;;;5462;;1423;1423
BLUEPORT AVM MARMARÝS M MÝGROS;GÜNEY EGE;1;MÝGROS;6;SELF SERVÝS M;5656;36.845791;28.256015;Siteler Mh.Kemal Seyfettin Elgin Bulvarý No:47/A;48;7;MUÐLA;MARMARÝS;1.09.2018;Hayýr;;442;706;;;5463;;1424;1424
BURSA C M.K.PAÞA BURSA M;GÜNEY MARMARA;1;MÝGROS;6;SELF SERVÝS M;5657;40.039431;28.405363;HamzaBey Mah.Bursa Cad.No:122/1-2-3;16;18;BURSA;MUSTAFAKEMALPAÞA;1.09.2018;Evet;;477;616;;;5464;;1425;1425
SHE MALL AVM ANTALYA M MÝGROS;BATI AKDENÝZ;1;MÝGROS;6;SELF SERVÝS M;5658;36.857188;30.746127;Tekelioðlu Cad.Fener Mah. No:3/30-31-32-33-34-35;7;19;ANTALYA;MURATPAÞA;1.09.2018;Hayýr;;667;926;;;5465;;1426;1426
CORNERLÝFE MÝMAROBA MMM MÝGROS;BATI MARMARA;1;MÝGROS;3;MMM;5659;41.0069;28.5395;Ekinoba Mah.Mustafa Kemal Bulv.No:116-1;34;28;ÝSTANBUL;BÜYÜKÇEKMECE;1.09.2018;Evet;;1726;2816;;3;5466;;1427;1427
KARTAL ATALAR ÝSTANBUL MMM;DOÐU MARMARA;1;MÝGROS;3;MMM;566;40.898414;29.165086;Kumlar Cad. NO:8;34;18;ÝSTANBUL;KARTAL;23.10.1998;Evet;96;1927;3793;;12,3,33;;;1428;1428
YERGUZLAR FETHÝYE MMM MÝGROS;GÜNEY EGE;1;MÝGROS;3;MMM;5660;36.6522;29.1227;Akarca Mah.Yerguzlar Cad.No:2/A-2/B;48;4;MUÐLA;FETHÝYE;1.09.2018;Hayýr;;2124;2763;;1,3;5467;;1429;1429
KARÞIYAKA LUNAPARK MM MÝGROS;KUZEY EGE;1;MÝGROS;2;MM;5661;38.462632;27.109158;Bahriye Üçok Mahallesi Atatürk Bulvarý No:45/B;35;7;ÝZMÝR;KARÞIYAKA;1.09.2018;Hayýr;;705;974;;;5468;;1430;1430
KAZIKLI YOLU AKBÜK M MÝGROS;GÜNEY EGE;1;MÝGROS;6;SELF SERVÝS M;5662;37.384808;27.43369;Akbük Mah. 5855 Sk. No:3/A;9;4;AYDIN;DÝDÝM;1.09.2018;Hayýr;;445;676;;;5469;;1431;1431
TRÝO AVM BURSA MM MÝGROS;GÜNEY MARMARA;1;MÝGROS;2;MM;5663;40.226336;28.846659;GÖRÜKLE MAHALLESÝ ATATÜRK CADDESÝ NO: 101A/A;16;1;BURSA;NÝLÜFER;1.09.2018;Evet;;1961;2636;;3;5470;;1432;1432
SOMA KURTULUÞ MM MÝGROS;KUZEY EGE;1;MÝGROS;2;MM;5665;39.184439;27.615822;Hürriyet Mah. Aðar Sok. No:3/5;45;14;MANÝSA;SOMA;1.09.2018;Evet;;1012;1292;;3;5472;;1433;1433
GEBÝZLÝ ANTALYA M MÝGROS;BATI AKDENÝZ;1;MÝGROS;6;SELF SERVÝS M;5666;36.898573;30.735602;Doðuyaka Mah.Termessos Bulv.A Blok No:35/A;7;19;ANTALYA;MURATPAÞA;1.09.2018;Hayýr;;375;586;;;5473;;1434;1434
19 MAYIS CAD. DÝDÝM MM MÝGROS;GÜNEY EGE;1;MÝGROS;2;MM;5667;37.376078;27.268192;Yeni Mah. Selanik Cad. No:96;9;4;AYDIN;DÝDÝM;1.09.2018;Hayýr;;845;1105;;3;5474;;1435;1435
POMELON AVM MÝLAS MMM MÝGROS;GÜNEY EGE;1;MÝGROS;3;MMM;5668;37.30779164;27.78817087;Cumhuriyet Mahallesi Þeftaliirimi Sokak No:2/D-Z01;48;8;MUÐLA;MÝLAS;1.09.2018;Evet;;1793;2567;;3;5475;;1436;1436
YENÝÇÝFTLÝK TEKÝRDAÐ MM MÝGROS;BATI MARMARA;1;MÝGROS;2;MM;5669;40.994244;27.842284;Merkez Mah. Atatürk Cad.No:2/A;59;5;TEKÝRDAÐ;MARMARAEREÐLÝSÝ;1.09.2018;Hayýr;;945;1432;;3;5476;;1437;1437
HASAN ERCAN CD MUÐLA M MÝGROS;GÜNEY EGE;1;MÝGROS;5;SERVÝS REYONLU M;5670;37.213094;28.36256;Hasan Ercan Cad. Avcýlar Sok. No.26;48;12;MUÐLA;MENTEÞE;1.09.2018;Hayýr;;581;824;;;5477;;1438;1438
ÇAMLIK KARABAÐLAR MM MÝGROS;GÜNEY EGE;1;MÝGROS;2;MM;5672;38.37785;27.1299;Þehit Kara Pilot Üstðm. Volkan Koçyiðit Bulv. No:9;35;30;ÝZMÝR;KARABAÐLAR;1.09.2018;Hayýr;;690;890;;;5479;;1439;1439
MJET PIRLANTA CAD UÞAK;KUZEY EGE;230;MJET;9;M-JET;5673;38.67108671;29.39085197;Kemalgöz Mah. 1.Pýrlanta Sok. No:9/A-B;64;0;UÞAK;MERKEZ;21.07.2017;Hayýr;;276;502;;;;;1440;1440
MJET BAKIRKÖY HASTANE;BATI MARMARA;230;MJET;9;M-JET;5675;40.99243112;28.86970178;Zuhuratbaba Mah. Haksever Sok No:2/A;34;5;ÝSTANBUL;BAKIRKÖY;28.07.2017;Hayýr;;200;267;;59;;;1441;1441
MNG AVM ERZURUM MMM MÝGROS;KARADENÝZ/KUZEYD.AND;1;MÝGROS;3;MMM;5676;39.911389;41.251667;Lalapaþa Mah,Somuncuoðlu Cad, No:83 ,Mng AVM;25;21;ERZURUM;YAKUTÝYE;30.09.2017;Evet;;2250;3276;;59,3;;;1442;1442
KIRMIZITOPRAK ESKÝÞEHÝR M;ÝÇ ANADOLU;1;MÝGROS;5;SERVÝS REYONLU M;5678;39.77152;30.501847;Kýrmýzýtoprak Mah. Vali Ali Fuat Güven Cad No:11;26;13;ESKÝÞEHÝR;ODUNPAZARI;25.08.2017;Hayýr;;486;683;;59;;;1443;1443
ÝNCEK LOFT ANKARA M MÝGROS;ÝÇ ANADOLU;1;MÝGROS;6;SELF SERVÝS M;5679;39.794078;32.711566;Hacýlar Mah. 986/1 Sokak R2 Apt. No:1/26/10;6;4;ANKARA;GÖLBAÞI;29.09.2017;Hayýr;;509;637;;;;;1444;1444
NUROLPARK OASÝS ÝSTANBUL MM;BATI MARMARA;1;MÝGROS;2;MM;5680;41.03810314;28.81133591;Nurolpark 15 Temmuz Mah. Bahar Cad.No:45 E1B-27;34;3;ÝSTANBUL;BAÐCILAR;18.08.2017;Hayýr;;645;898;;59;;;1445;1445
TUZLA TEPEÖREN MM MÝGROS;DOÐU MARMARA;1;MÝGROS;2;MM;5681;40.936239;29.364241;Tepeören Mah. Karacabey Cad.No:3;34;24;ÝSTANBUL;TUZLA;22.05.2019;Hayýr;;673;1033;;;;;1446;1446
YAPRACIK ANKARA MM MÝGROS;ÝÇ ANADOLU;1;MÝGROS;2;MM;5682;39.8413;32.54;Yukarý Yurtçu Mah.Evliya Çelebi Cad.No:20;6;3;ANKARA;ETÝMESGUT;24.05.2019;Evet;;1154;1909;;1,3;;;1447;1447
FENERYOLU KADIKÖY ÝSTANBUL M;DOÐU MARMARA;1;MÝGROS;5;SERVÝS REYONLU M;5699;40.977199;29.04705;Fenerbahçe Mah. Baðdat Cad. Çýnar apt. No: 144/B;34;16;ÝSTANBUL;KADIKÖY;7.07.2017;Hayýr;;273;371;;59;3013;;1448;1448
MERSÝN ÇARÞI M MÝGROS;DOÐU AKDENÝZ;1;MÝGROS;6;SELF SERVÝS M;570;36.801124;34.625478;Mahmudiye Mah.Kuvayi Milliye Cad NO:5;33;10;MERSÝN;AKDENÝZ;26.09.1997;Hayýr;26;784;1350;;;;;1449;1449
CÝTYCENTER ESENYURT ÝST MM;BATI MARMARA;1;MÝGROS;2;MM;5700;41.02024548;28.68749284;Zafer Mah.Doðan Araslý Bulvarý No:79-1/13-14-15-16;34;38;ÝSTANBUL;ESENYURT;6.10.2017;Evet;;1133;2021;;;;;1450;1450
MARKA AVM BURSA MM MÝGROS;GÜNEY MARMARA;1;MÝGROS;2;MM;5701;40.20766107;28.99629059;Odunluk Mah.Akademi Cad.No:6A/6;16;1;BURSA;NÝLÜFER;29.09.2017;Evet;;1050;1582;;59;;;1451;1451
METROMALL AVM ANKARA MMM;ÝÇ ANADOLU;1;MÝGROS;3;MMM;5702;39.983318;32.610189;Tunahan Mah Dumlupýnar 30 Aðustos Cad No:2A;6;3;ANKARA;ETÝMESGUT;28.09.2017;Hayýr;;1878;2357;;1,3;;;1452;1452
PIAZZA MALTEPE MACROCENTER;DOÐU MARMARA;4;MACROCENTER;9;MACROCENTER;5703;40.919211;29.168274;Cevizli Mah Tugayyolu Cad. No:69C Zemin Kat;34;20;ÝSTANBUL;MALTEPE;20.04.2018;Evet;;700;865;;;;;1453;1453
MJET DÝVAN RESÝDENCE GÜNEÞLÝ;BATI MARMARA;230;MJET;256;MJET-PLAZA;5705;41.02505915;28.81578998;Baðlar Mah.Mimar Sinan Cad. Apt No: 35/J;34;3;ÝSTANBUL;BAÐCILAR;29.09.2017;Hayýr;;128;158;;59;;;1454;1454
MEZÝTLÝ GMK BULVARI MERSÝN MM;DOÐU AKDENÝZ;1;MÝGROS;2;MM;5706;36.756681;34.54094;Yeni mah.GMK Bulvarý .Petek Apt.Altý No:69/AA;33;11;MERSÝN;MEZÝTLÝ;25.08.2017;Hayýr;;908;1945;;59;;;1455;1455
MJET MALTEPE YALI MAHALLESÝ;DOÐU MARMARA;230;MJET;9;M-JET;5708;40.918592;29.133819;Mareþal Fevzi Çakmak Cad.No:23 A/B;34;20;ÝSTANBUL;MALTEPE;21.07.2017;Hayýr;;145;298;;;;;1456;1456
MJET LÝMANYOLU ALANYA;BATI AKDENÝZ;230;MJET;9;M-JET;5709;36.543333;31.997222;Kadýpaþa mah. Bostancýpýnarý cad No:21/A;7;2;ANTALYA;ALANYA;22.08.2017;Hayýr;;160;244;;59;;;1457;1457
MJET AYVAGEDÝÐÝ MAH MERSÝN;DOÐU AKDENÝZ;230;MJET;9;M-JET;5710;37.023593;34.562553;Ayvagediði Mah. Fatih Cad.No:50;33;12;MERSÝN;TOROSLAR;14.07.2017;Hayýr;;153;185;Evet;;;;1458;1458
TOPTAN ÝKÝTELLÝ ÝSTANBUL;BATI MARMARA;231;TOPTAN SATIÞ;230;TOPTAN SATIÞ;5711;41.068024;28.810923;Ýkitelli OSB Mah. Atatürk Bulv. No:42/F;34;35;ÝSTANBUL;BAÞAKÞEHÝR;4.08.2017;Hayýr;;379;412;;;;;1459;1459
MJET KÖRFEZ MAH ÝZMÝR;KUZEY EGE;230;MJET;9;M-JET;5716;38.48881575;27.13154203;Körfez Mah. 7379 Sok. No:11/A;35;29;ÝZMÝR;BAYRAKLI;27.07.2018;Hayýr;;261;334;;;;;1460;1460
FUAR ÝZMÝR M MÝGROS;KUZEY EGE;1;MÝGROS;6;SELF SERVÝS M;5717;38.4300597;27.14551586;Ýzmir Fuarý 26 Aðustos Kapýsý Kahramanlar Mah;35;8;ÝZMÝR;KONAK;18.08.2017;Hayýr;;250;250;Evet;59;;;1461;1461
45 PARK AVM MANÝSA MM MÝGROS;KUZEY EGE;1;MÝGROS;2;MM;5741;38.62931692;27.38751346;Güzelyurt Mah.5737 Sok.No:3/Z01;45;17;MANÝSA;YUNUSEMRE;10.08.2018;Hayýr;;884;1096;;3;;;1463;1463
MJET NÝSH RESÝDENCE ÝSTANBUL;BATI MARMARA;230;MJET;256;MJET-PLAZA;5742;40.99563184;28.82364131;Çobançeþme Mah.Sanayi Cad.;34;4;ÝSTANBUL;BAHÇELÝEVLER;29.09.2017;Hayýr;;233;300;;59;;;1464;1464
KOÞUYOLU MACROCENTER;DOÐU MARMARA;4;MACROCENTER;9;MACROCENTER;5744;41.006055;29.03788;Acýbadem Mah. Þeyh Galip Sok. No:2;34;16;ÝSTANBUL;KADIKÖY;8.02.2018;Evet;;970;1710;;59,2;;;1465;1465
VADÝ ÝSTANBUL MACROCENTER;BATI MARMARA;4;MACROCENTER;9;MACROCENTER;5745;41.10462001;28.98583491;Ayazaða Mah.Cendere Cad.No:109/C;34;22;ÝSTANBUL;SARIYER;14.09.2017;Evet;;700;1200;;59;;;1466;1466
MJET TUZLA AYDINTEPE;DOÐU MARMARA;230;MJET;9;M-JET;5746;40.862351;29.302737;Aydýntepe Mah. Alaattin Sok. Evora Sitesi T1 Blok;34;24;ÝSTANBUL;TUZLA;3.11.2017;Hayýr;;218;282;;59;;;1467;1467
MJET YENÝMAHALLE ALÝAÐA ÝZMÝR;KUZEY EGE;230;MJET;9;M-JET;5747;38.7888492;26.9743736;Yeni Mahalle Cengiz Topel Cad. No:29;35;10;ÝZMÝR;ALÝAÐA;23.02.2018;Hayýr;;308;629;;;;;1468;1468
LÜLEBURGAZ HASTANE M MÝGROS;BATI MARMARA;1;MÝGROS;5;SERVÝS REYONLU M;5748;41.39310268;27.35784943;8.Kasým Mah. Nazif Balkan Cad. No:29;39;4;KIRKLARELÝ;LÜLEBURGAZ;27.10.2017;Hayýr;;552;1165;;59;;;1469;1469
MJET ÞEHÝTLER MAH TURGUTLU;KUZEY EGE;230;MJET;9;M-JET;5749;38.49546468;27.71380435;Þehitler Mah. Yedi Eylül Yolu Cad. No:152A-B;45;15;MANÝSA;TURGUTLU;20.10.2017;Hayýr;;219;447;;;;;1470;1470
HEP ÝSTANBUL ESENYURT M MÝGROS;BATI MARMARA;1;MÝGROS;6;SELF SERVÝS M;5751;41.00828486;28.68161957;Zafer Mah.Adile Naþit Bul.No:54-58AÝ-AJ-AK;34;38;ÝSTANBUL;ESENYURT;17.11.2017;Hayýr;;414;753;;59;;;1471;1471
PÝAZZA AVM SAMSUN MMM MÝGROS;KARADENÝZ/KUZEYD.AND;1;MÝGROS;3;MMM;5753;41.276453;36.353486;Yenimahalle Çarþamba Cad.No:52 Z43/Z47/Z50;55;16;SAMSUN;CANÝK;30.10.2017;Evet;;1970;4031;;1,3;3890;;1472;1472
39 BURDA AVM LÜLEBURGAZ MM;BATI MARMARA;1;MÝGROS;2;MM;5754;41.3860625;27.3488072;8 Kasým Mah. Ýstasyon Cad. 39 Burda AVM No:151;39;4;KIRKLARELÝ;LÜLEBURGAZ;19.04.2018;Hayýr;;869;1158;;;;;1473;1473
FIRAT BULVARI DÝYARBAKIR M;DOÐU/G.DOÐU ANADOLU;1;MÝGROS;5;SERVÝS REYONLU M;5755;37.935295;40.1873;Peyas Mah.Fýrat Bulv. Çeysa Park No:15/A-B;21;15;DÝYARBAKIR;KAYAPINAR;28.11.2017;Hayýr;;592;723;;59;;;1474;1474
A.TÜRKEÞ BUL.K.MARAÞ M MÝGROS;DOÐUAKDENZ/GÜNEYDOÐU;1;MÝGROS;5;SERVÝS REYONLU M;5756;37.587058;36.89627;Necip Fazýl Mh.Alparslan Türkeþ Bulv.B Blok No:6B;46;11;KAHRAMANMARAÞ;ONÝKÝÞUBAT;8.12.2017;Hayýr;;381;817;;;;;1475;1475
MJET YÜREÐÝR ADANA PO;DOÐU AKDENÝZ;230;MJET;255;MJET-ÝSTASYON;5758;37.008512;35.357066;Serinevler Mah. Mustafa Kemal Paþa Bulv.no :91;1;2;ADANA;YÜREÐÝR;9.11.2017;Hayýr;;62;67;;;;;1476;1476
YENÝMAHALLE SAMSUN MM MÝGROS;KARADENÝZ/KUZEYD.AND;1;MÝGROS;2;MM;5762;41.336131;36.253447;Yenimahalle Mah. Atakent Bulvarý No:12/D;55;15;SAMSUN;ATAKUM;30.03.2018;Hayýr;;1192;2428;;59,3;;;1477;1477
ALAÞEHÝR MANÝSA M MÝGROS;KUZEY EGE;1;MÝGROS;6;SELF SERVÝS M;5764;38.35779622;28.51989368;Kurtuluþ Mah.Süleyman Demirel Bulv. No:81/A;45;3;MANÝSA;ALAÞEHÝR;20.04.2018;Hayýr;;540;1093;;;;;1478;1478
MJET FESTÝVA AVM UÞAK;KUZEY EGE;230;MJET;9;M-JET;5766;38.6776;29.4419;Saray Altý Mah. Gazi Bulv. No:173/B;64;0;UÞAK;MERKEZ;17.11.2017;Hayýr;;210;271;;59;;;1479;1479
MJET MEHMETÇÝK CAD FULYA ÝST;BATI MARMARA;230;MJET;9;M-JET;5769;41.058502;28.996707;Fulya Mah.Mehmetçik Cad.No:74-76B;34;23;ÝSTANBUL;ÞÝÞLÝ;9.03.2018;Hayýr;;203;389;;59;;;1480;1480
GELÝBOLU TUÐSAVUL M MÝGROS;GÜNEY MARMARA;1;MÝGROS;5;SERVÝS REYONLU M;5770;40.4052465;26.6727885;Yazýcýzade Mh. Tuðsavul Cd. No:1-3;17;8;ÇANAKKALE;GELÝBOLU;18.12.2018;Hayýr;;357;499;;;;;1481;1481
MJET ÇIKRIKÇI CADDESÝ EDREMÝT;KUZEY EGE;230;MJET;9;M-JET;5771;39.58461065;27.01644072;CENNETAYAÐI Mah. ÇIKRIKÇI Cad. ÞELALE PARK EVLERI;10;7;BALIKESÝR;EDREMÝT;6.04.2018;Hayýr;;309;417;;;;;1482;1482
TOPKAPI BEYAZPARK M MÝGROS;BATI MARMARA;1;MÝGROS;6;SELF SERVÝS M;5772;41.020775;28.903966;Maltepe Mah. Davutpaþa Cad No:34;34;27;ÝSTANBUL;ZEYTÝNBURNU;25.04.2019;Hayýr;;398;473;;;;;1483;1483
BORNOVA KARACAOÐLAN M;KUZEY EGE;1;MÝGROS;6;SELF SERVÝS M;5776;38.4367;27.2099;Karacaoðlan Mah. 6244 Sokak No:111/A;35;2;ÝZMÝR;BORNOVA;9.04.2019;Hayýr;;446;698;;;;;1484;1484
MJET KUÞADASI ÝKÝÇEÞMELÝK;GÜNEY EGE;230;MJET;9;M-JET;5777;37.84617939;27.26730451;Ýkiçeþmelik Mah. 613 Sokak No:16/EA;9;11;AYDIN;KUÞADASI;29.03.2019;Hayýr;;348;745;;;;;1485;1485
MJET KONAK MAH.SÖKE;GÜNEY EGE;230;MJET;9;M-JET;5778;37.7635054;27.4012693;Konak Mah. 1501 Sk. Seçkin Sitesi No:1/CA;9;14;AYDIN;SÖKE;7.09.2018;Hayýr;;320;449;;;;;1486;1486
MJET REFET BELE MAH.KARABAÐLAR;GÜNEY EGE;230;MJET;9;M-JET;5779;38.38595636;27.11139686;Refet Bele Mah. 9125 Sokak. No:87;35;30;ÝZMÝR;KARABAÐLAR;25.05.2018;Hayýr;;255;324;;;;;1487;1487
GÜZELYALI ATATÜRK CADDESÝ M;GÜNEY MARMARA;1;MÝGROS;6;SELF SERVÝS M;5780;40.35706028;28.91832203;Güzelyalý Yalý Mah. Atatürk Cad. A/Blok No:75/AA;16;13;BURSA;MUDANYA;13.07.2018;Hayýr;;308;568;;;;;1488;1488
SARAY TEKÝRDAÐ M MÝGROS;BATI MARMARA;1;MÝGROS;6;SELF SERVÝS M;5781;41.44154112;27.92087754;Ayaspaþa Mah Gürselpaþa Cad. No:8-12/17-18-19-20;59;7;TEKÝRDAÐ;SARAY;9.05.2018;Hayýr;;327;568;;;;;1489;1489
GEBZE TATLIKUYU KOCAELÝ M;DOÐU MARMARA;1;MÝGROS;6;SELF SERVÝS M;5784;40.78382;29.43583;Barýþ Mah. Dr.Zekiacar Cad. No:5/A-B;41;1;KOCAELÝ;GEBZE;29.06.2018;Hayýr;;321;553;;;;;1490;1490
PÝAZZA AVM KAHRAMANMARAÞ MMM;DOÐU AKDENÝZ;1;MÝGROS;3;MMM;5785;37.570143;36.922838;Þazi Bey Mahallesi Haydar Aliyev Bul. No:3/B105;46;11;KAHRAMANMARAÞ;ONÝKÝÞUBAT;22.12.2017;Evet;;1688;2830;;59;3912;;1491;1491
MALKARA M MÝGROS;BATI MARMARA;1;MÝGROS;6;SELF SERVÝS M;5786;40.89431757;26.90426281;Gazibey Mah. Ýsmet Ýnönü Cad. No:18/13;59;4;TEKÝRDAÐ;MALKARA;4.05.2018;Hayýr;;404;672;;;;;1492;1492
MJET GAZÝOSMANPAÞA MAH.YALOVA;GÜNEY MARMARA;230;MJET;9;M-JET;5787;40.64347826;29.28510005;Gaziormanpaþa Mah. Kazým Patýl Cad. No:92/A-B;77;0;YALOVA;MERKEZ;12.04.2018;Hayýr;;314;604;;;;;1493;1493
SELÇUKER CENTER KONYA MM;ÝÇ ANADOLU;1;MÝGROS;2;MM;5788;37.948584;32.491826;Parsana Mah. Kaletaþ Cad.  No:2AN;42;3;KONYA;SELÇUKLU;7.03.2018;Hayýr;;1167;1614;;59;;;1494;1494
MJET YENÝKAPI AKSARAY ÝSTANBUL;BATI MARMARA;230;MJET;9;M-JET;5794;41.007597;28.952887;Aksaray Mah. Tiryaki Hasanpaþa Sok.No:9/A;34;13;ÝSTANBUL;FATÝH;4.05.2018;Hayýr;;112;182;;;;;1495;1495
MJET AYIÞIÐI BUTÝK ESENYURT;BATI MARMARA;230;MJET;9;M-JET;5795;41.02085753;28.63889004;Barbaros Hayrettin Paþa Mah. 2316 Sokak No:4-A;34;38;ÝSTANBUL;ESENYURT;6.07.2018;Hayýr;;197;552;;;;;1496;1496
MJET NÝÞANTAÞI ÜNÝVERSÝTESÝ;BATI MARMARA;230;MJET;256;MJET-PLAZA;5797;41.119718;29.009395;Maslak 1453 Neoteck Kampüsü-Maslak Mh.Söðütözü Sk;34;22;ÝSTANBUL;SARIYER;29.12.2017;Hayýr;;116;161;;59;;;1497;1497
ÝSTMARÝNA MACROCENTER;DOÐU MARMARA;4;MACROCENTER;9;MACROCENTER;5798;40.884715;29.206105;Kordonboyu Mah. Ankara Cad No:147/6;34;18;ÝSTANBUL;KARTAL;28.03.2018;Evet;;1000;1240;;;;;1498;1498
MJET ÞEHÝR HASTANESÝ ADANA;DOÐU AKDENÝZ;230;MJET;256;MJET-PLAZA;5799;37.02916;35.347673;Kýþla Mah. Dr. Mithat Özkan Bulv. 4522 Sok. NO:2;1;2;ADANA;YÜREÐÝR;26.12.2017;Hayýr;;90;150;;59;;;1499;1499
OSMANÝYE DÜZÝÇÝ M MÝGROS;DOÐU AKDENÝZ;1;MÝGROS;5;SERVÝS REYONLU M;5800;37.245651;36.459589;Hürriyet Mahallesi Refik Cesur Bulvarý NO:654;80;2;OSMANÝYE;DÜZÝÇÝ;15.08.2018;Hayýr;;565;810;;;;;1500;1500
BATMAN BELDE MAHALLESÝ M;DOÐU/G.DOÐU ANADOLU;1;MÝGROS;5;SERVÝS REYONLU M;5801;37.899872;41.13868;Belde Mah. Ömer Muhtar BUlv. No:61;72;0;BATMAN;MERKEZ;16.03.2018;Hayýr;;676;916;;59;;;1501;1501
KARAMAN PARK AVM MM MÝGROS;DOÐU AKDENÝZ;1;MÝGROS;2;MM;5804;37.183321;33.188066;Fatih Mah. 1979 Sokak No:3;70;0;KARAMAN;MERKEZ;20.05.2021;Hayýr;;891;1305;;;;;1502;1502
NAZIM HÝKMET DÝYARBAKIR MM;DOÐU/G.DOÐU ANADOLU;1;MÝGROS;2;MM;5805;37.936715;40.14509;Fýrat Mah. Nazým Hikmet Caddesi NO:47;21;15;DÝYARBAKIR;KAYAPINAR;7.06.2018;Hayýr;;827;1163;;;;;1503;1503
MJET KOCAELÝ KABAOÐLU;DOÐU MARMARA;230;MJET;9;M-JET;5806;40.78434729;29.92795279;Kabaoðlu Mah. Ersoylu Cad.No:1/A;41;11;KOCAELÝ;ÝZMÝT;12.07.2019;Hayýr;;208;284;;;;;1504;1504
MASLAK 42 MACROCENTER;BATI MARMARA;4;MACROCENTER;9;MACROCENTER;5807;41.112921;29.020118;Ahi Evran Cad. 42 Shop AVM No:6/185-198-199;34;22;ÝSTANBUL;SARIYER;4.04.2018;Evet;;415;525;;;;;1505;1505
MALATYA YEÞÝLYURT M MÝGROS;DOÐU/G.DOÐU ANADOLU;1;MÝGROS;6;SELF SERVÝS M;5808;38.322968;38.282389;Tecde Mah.Ýsmet Paþa Cad. No:165/1B;44;13;MALATYA;YEÞÝLYURT;27.02.2020;Hayýr;;562;783;;;;;1506;1506
MJET DÝLOVASI SAKARYA CAD PO;DOÐU MARMARA;230;MJET;255;MJET-ÝSTASYON;5809;40.805702;29.496071;Dilovasý Organize San.Bölgesi 4.Kýsým Sakarya Cad.;41;1;KOCAELÝ;GEBZE;29.12.2017;Hayýr;;87;121;;;;;1507;1507
MJET TAKSÝM ÝSTANBUL;BATI MARMARA;230;MJET;9;M-JET;5810;41.038266;28.984605;Kocatepe mah. Þehit Muhtar Bey Cad.No:9/1;34;9;ÝSTANBUL;BEYOÐLU;6.04.2018;Hayýr;;112;139;;;;;1508;1508
MJET KARAAÐAÇ GÖMEÇ;KUZEY EGE;230;MJET;9;M-JET;5811;39.4243583;26.86083157;KARAAÐAÇ MH. KÜLTÜR CD. KARAAÐAÇ APT NO:20C;10;9;BALIKESÝR;GÖMEÇ;1.06.2018;Hayýr;;326;561;;;;;1509;1509
MJET ÝSTASYON ALAÞEHÝR MANÝSA;KUZEY EGE;230;MJET;9;M-JET;5812;38.36138337;28.51538471;Ýstasyon Mah. Gazi Alpaslan Cad. No:12/A;45;3;MANÝSA;ALAÞEHÝR;16.03.2018;Hayýr;;288;397;;;;;1510;1510
ISPARTA GÜLÝSTAN M MÝGROS;BATI AKDENÝZ;1;MÝGROS;5;SERVÝS REYONLU M;5813;37.7650932;30.53747415;Gülistan Mah.111 Cad E1 Blok No:226/24;32;0;ISPARTA;MERKEZ;23.03.2018;Hayýr;;468;950;;;;;1511;1511
YÜKSEKOVA HAKKARÝ  M MÝGROS;DOÐUKARDENZ/KUZEYDÐU;1;MÝGROS;5;SERVÝS REYONLU M;5814;37.568988;44.2846;Güngör Mah. Kültür Sanat Cad. No:20/23;30;3;HAKKARÝ;YÜKSEKOVA;8.03.2018;Evet;;390;781;;;;;1512;1512
MJET 4 EYLÜL MAH BOZÜYÜK;GÜNEY MARMARA;230;MJET;9;M-JET;5815;39.90555226;30.05666416;4 Eylül Mah. Yaþar Doðu Cad. No:61A/B;11;1;BÝLECÝK;BOZÜYÜK;13.03.2018;Hayýr;;150;199;;;;;1513;1513
MJET SAMSUN KALKANCI;KARADENÝZ/KUZEYD.AND;230;MJET;9;M-JET;5816;41.311456;36.314678;Karasamsun Mah. Mehmet Akif Ersoy Cad. No:108 D:1;55;17;SAMSUN;ÝLKADIM;15.03.2018;Hayýr;;245;308;;;;;1514;1514
MJET MÝMARSÝNAN SAMSUN;KARADENÝZ/KUZEYD.AND;230;MJET;9;M-JET;5817;41.327084;36.273486;Mimar Sinan Mah. 176.Sokak No:3;55;15;SAMSUN;ATAKUM;5.01.2018;Hayýr;;252;462;;;4369;;1515;1515
ARDAHAN M MÝGROS;KARADENÝZ/KUZEYD.AND;1;MÝGROS;5;SERVÝS REYONLU M;5823;41.106967;42.705733;KaptanPaþa Mah. Cumhuriyet Cad No:64/21;75;0;ARDAHAN;MERKEZ;9.02.2018;Evet;;601;1299;;;;;1516;1516
KALÝUM AVM BÝNGÖL MM MÝGROS;DOÐU/G.DOÐU ANADOLU;1;MÝGROS;2;MM;5824;38.89905;40.49175;Mustafa Gündoðdu Mah. Akdeniz Cad.32.Cad.No:1;12;0;BÝNGÖL;MERKEZ;1.02.2018;Evet;;1028;1450;;59;;;1517;1517
GÜMÜÞHANE MM MÝGROS;KARADENÝZ/KUZEYD.AND;1;MÝGROS;2;MM;5825;40.466483;39.463067;Özcan Mah. Kalederesi Mevkii Arazlar Otel Sitesi;29;0;GÜMÜÞHANE;MERKEZ;2.02.2018;Evet;;646;1007;;;;;1518;1518
YUMURTALIK AYAS ADANA M;DOÐU AKDENÝZ;1;MÝGROS;5;SERVÝS REYONLU M;5829;36.772356;35.790871;Ayas Mah. Metehan Sok. A Blok No:3/A;1;13;ADANA;YUMURTALIK;8.06.2018;Hayýr;;655;1344;;;;;1520;1520
MJET KUSHÝMATO SOKAÐI MERSÝN;DOÐU AKDENÝZ;230;MJET;9;M-JET;5830;36.780922;34.596666;Ýnönü Mah.Zen Flat 24 Apt 1401 Sok.No:10/A;33;13;MERSÝN;YENÝÞEHÝR;20.04.2018;Hayýr;;245;494;;;;;1521;1521
TUNCELÝ M MÝGROS;KARADENÝZ/KUZEYD.AND;1;MÝGROS;5;SERVÝS REYONLU M;5831;39.086138;39.538628;Atatürk Mah. 15 Temmuz Þehitler Blv. No:23;62;0;TUNCELÝ;MERKEZ;23.02.2018;Evet;;651;1250;;;;;1522;1522
MÝMAR SÝNAN MAH. KOCAELÝ M;DOÐU MARMARA;1;MÝGROS;6;SELF SERVÝS M;5833;40.77087974;29.75076802;Mimar SÝnan Mah. M.Akif Ersoy Cad. No:111/17;41;5;KOCAELÝ;KÖRFEZ;30.11.2018;Hayýr;;308;698;;;;;1524;1524
MJET KURTULUÞ MAH KARABÜK PO;ÝÇ ANADOLU;230;MJET;255;MJET-ÝSTASYON;5835;41.209881;32.64141;Kurtuluþ Mahhallesi Atatürk Bulvarý No:150;78;0;KARABÜK;MERKEZ;26.01.2018;Hayýr;;62;62;;;;;1525;1525
NCTIY AVM DÝYARBAKIR M;DOÐUAKDENZ/GÜNEYDOÐU;1;MÝGROS;5;SERVÝS REYONLU M;5836;37.929703;40.205312;Selahattin Eyyübi Mah.Turgut Özal Bulv.No:50/84;21;14;DÝYARBAKIR;BAÐLAR;15.03.2018;Hayýr;;865;1953;;59;;;1526;1526
MJET BAÐLAR MAH.YALVAÇ ISPARTA;BATI AKDENÝZ;230;MJET;9;M-JET;5849;38.305877;31.170537;Baðlar Mah.Orman Caddesi No:30/A;32;11;ISPARTA;YALVAÇ;4.05.2018;Hayýr;;169;281;;;;;1527;1527
MJET YENÝ MAH.AKÞEHÝR KONYA;ÝÇ ANADOLU;230;MJET;9;M-JET;5850;38.367823;31.415578;Yeni Mah. Þehit Turgut Makascý Cad  No:78 A-78 B;42;6;KONYA;AKÞEHÝR;8.06.2018;Hayýr;;218;369;;;;;1528;1528
MJET ÇERÇÝLER MAH.KAÞ ANTALYA;BATI AKDENÝZ;230;MJET;9;M-JET;5851;36.199431;29.654714;Andifli Mah. Hürriyet Cad. No:20 A;7;9;ANTALYA;KAÞ;3.05.2018;Hayýr;;205;297;;;;;1529;1529
MASA DAÐI KEPEZ M MÝGROS;BATI AKDENÝZ;1;MÝGROS;6;SELF SERVÝS M;5854;36.9503079;30.6747032;Çankaya Mah.Barýþ Manço Blv.No:247-247/1;7;17;ANTALYA;KEPEZ;13.04.2018;Hayýr;;371;734;;;;;1531;1531
MJET ESKÝ ÝZMÝR CAD.ÇANAKKALE;GÜNEY MARMARA;230;MJET;9;M-JET;5855;40.03953357;26.34194869;Güzelyalý Mah. Tusan Cad. No:19/1;17;0;ÇANAKKALE;MERKEZ;13.06.2018;Hayýr;;183;265;;;;;1532;1532
KAZASKER MERKEZ MM MÝGROS;DOÐU MARMARA;1;MÝGROS;2;MM;5856;40.972369;29.083667;19 Mayýs Mah. Þemsettin Günaltay Cad. No:166/1 B;34;16;ÝSTANBUL;KADIKÖY;4.05.2018;Hayýr;;715;1215;;;;;1533;1533
MJET TELLÝBAHÇE KARÞIYAKA;KUZEY EGE;230;MJET;9;M-JET;5857;38.4748;27.096;Þemikler Mah. Ordu Bulv. No:179A;35;7;ÝZMÝR;KARÞIYAKA;30.03.2018;Hayýr;;316;470;;;;;1534;1534
MJET M.AKÝF ERSOY CAD. KAYSERÝ;DOÐU AKDENÝZ;230;MJET;9;M-JET;5858;38.70075;35.553603;Mevlana Mah.Mehmet Akif Ersoy Cad.No:22 / A;38;13;KAYSERÝ;TALAS;9.02.2018;Hayýr;;640;1322;;;;;1535;1535
BÝRLÝK MAH. ANKARA M MÝGROS;ÝÇ ANADOLU;1;MÝGROS;5;SERVÝS REYONLU M;5861;39.879666;32.88069;Birlik Mah.Þehit Sadýk Eriþen Sok No:54/A;6;2;ANKARA;ÇANKAYA;4.07.2018;Hayýr;;321;440;;59;;;1537;1537
YENÝ MAHALLE ASIM BEY CAD M;ÝÇ ANADOLU;1;MÝGROS;6;SELF SERVÝS M;5862;39.963207;32.806227;Gayret Mah. Ývedik Cad. A Blok Apt.No:27 AC;6;8;ANKARA;YENÝMAHALLE;29.06.2018;Hayýr;;470;1659;;;;;1538;1538
BAHÇELÝEVLER MAH. KAYSERÝ M;DOÐU AKDENÝZ;1;MÝGROS;5;SERVÝS REYONLU M;5864;38.690827;35.544333;Bahçelievler  Mah. Mevlana Cad. No:12/A;38;13;KAYSERÝ;TALAS;16.02.2018;Hayýr;;610;1044;;59;;;1539;1539
ÝLDEM CUMHURÝYET MAH KAYSERÝ M;ÝÇ ANADOLU;1;MÝGROS;5;SERVÝS REYONLU M;5868;38.789913;35.618212;Ýldem Cumhuriyet  Mah. Tekin Sok. No:120/Z01;38;2;KAYSERÝ;MELÝKGAZÝ;23.02.2018;Hayýr;;409;850;;;;;1542;1542
5M BÝLKENT CENTER ANKARA;ÝÇ ANADOLU;185;5M;191;5M;5869;39.883857;32.758194;Üniversiteler Mah. 1597. Cadde No:3/1;6;2;ANKARA;ÇANKAYA;4.05.2018;Evet;;4600;6209;;1,3;;;1543;1543
MÝMARSÝNAN MAH. KAYSERÝ MM;DOÐU AKDENÝZ;1;MÝGROS;2;MM;5870;38.739494;35.514394;Mimarsinan Mah. Bozatlý Cad. No:103;38;1;KAYSERÝ;KOCASÝNAN;28.02.2018;Hayýr;;800;1891;;;;;1544;1544
MÝX KAYSERÝ MM MÝGROS;DOÐU AKDENÝZ;1;MÝGROS;2;MM;5871;38.723755;35.526587;Melikgazi Mah. Aþýk Veysel Bulvarý No:22/Z06;38;2;KAYSERÝ;MELÝKGAZÝ;28.02.2018;Hayýr;;868;1268;;59,3;;;1545;1545
ÞARKÝKARAAÐAÇ ISPARTA M MIGROS;BATI AKDENÝZ;1;MÝGROS;6;SELF SERVÝS M;5872;38.085275;31.371671;Ulvikale Mah. 1201 Alçýklar Sok No:37;32;9;ISPARTA;ÞARKÝKARAAÐAÇ;18.05.2018;Hayýr;;342;903;;;;;1546;1546
MEVLANA MAH. KAYSERÝ M MÝGROS;DOÐU AKDENÝZ;1;MÝGROS;5;SERVÝS REYONLU M;5873;38.704241;35.556124;Mevlana Mh.Zafer Bayburtoðlu Cd.B Blok Apt.No:11/A;38;13;KAYSERÝ;TALAS;22.06.2018;Hayýr;;634;1033;;;;;1547;1547
MJET BAÐLAR DÝYARBAKIR;DOÐU/G.DOÐU ANADOLU;230;MJET;9;M-JET;5874;37.922512;40.153897;Baðcýlar Mah. Urfa Cad. No:193/D-E;21;14;DÝYARBAKIR;BAÐLAR;22.03.2018;Hayýr;;384;698;;59;;;1548;1548
MJET M.KEMAL ÜNÝVERSÝTE HATAY;DOÐU AKDENÝZ;230;MJET;9;M-JET;5875;36.333824;36.199782;Zülüfhan Mah. Eski Ýskenderun Yolu Cad. No:25A;31;12;HATAY;ANTAKYA;18.05.2018;Hayýr;;321;550;;;;;1549;1549
DAVULTEPE MERSÝN M MÝGROS;DOÐU AKDENÝZ;1;MÝGROS;5;SERVÝS REYONLU M;5876;36.726076;34.501474;Akdeniz Mah. GMK Bulvarý No:986/B;33;11;MERSÝN;MEZÝTLÝ;17.08.2018;Hayýr;;473;1183;;;;;1550;1550
TARSUS ALTAYLILAR MERSÝN M;DOÐU AKDENÝZ;1;MÝGROS;5;SERVÝS REYONLU M;5877;36.925606;34.858841;Altaylýlar Mah.0207 Sokak A Blok No:11/A;33;9;MERSÝN;TARSUS;17.08.2018;Hayýr;;492;715;;;;;1551;1551
MJET ÞAFAK MAH. SANAYÝÝ KEPEZ;BATI AKDENÝZ;230;MJET;9;M-JET;5878;36.9150311;30.6378498;Þafak Mah. Ahmet Hamdi Akseki Cad. No.32/AB;7;17;ANTALYA;KEPEZ;5.03.2019;Hayýr;;245;724;;;;;1552;1552
MJET YENÝ EMEK MH KEPEZ ANT.;BATI AKDENÝZ;230;MJET;9;M-JET;5879;36.919089;30.696366;Yeni Emek Mah.Ceyhan Cad.No:4;7;17;ANTALYA;KEPEZ;15.05.2018;Hayýr;;314;1267;;;;;1553;1553
DAVUTLAR YOLU CAD KUÞADASI MM;GÜNEY EGE;1;MÝGROS;2;MM;5890;37.78755401;27.27659255;Soðucak Mah. Davutlar Yolu Cad. No:26/2C;9;11;AYDIN;KUÞADASI;13.07.2018;Hayýr;;803;1724;;;;;1554;1554
CÝZRE ÞIRNAK MM MÝGROS;DOÐU/G.DOÐU ANADOLU;1;MÝGROS;2;MM;5891;37.327213;42.186628;Þah Mah. Cahferi Sadýk Cad. No:1A/3;73;2;ÞIRNAK;CÝZRE;30.03.2018;Evet;;878;1550;;;;;1555;1555
MJET ANTALYA AKSU;BATI AKDENÝZ;230;MJET;9;M-JET;5892;36.952269;30.845642;Macun Mah. Ýsmail Ogan Cad. No:7/4;7;15;ANTALYA;AKSU;17.08.2018;Hayýr;;244;811;;;;;1556;1556
KÝLÝS M MÝGROS;DOÐU AKDENÝZ;1;MÝGROS;6;SELF SERVÝS M;5893;36.709842;37.137939;Doðan Güreþ Paþa Mah. Ýnönü Bulvarý No:61 A;79;0;KÝLÝS;MERKEZ;27.03.2018;Evet;;379;756;;;;;1557;1557
GEDÝKKAYA GÝRESUN MM MÝGROS;KARADENÝZ/KUZEYD.AND;1;MÝGROS;2;MM;5897;40.910581;38.425364;Gedikkaya Mah. Gazi Mustafa Kemal Bulv No:218/1;28;0;GÝRESUN;MERKEZ;22.03.2019;Hayýr;;715;1585;;;;;1558;1558
MASLAK 1453 MACROCENTER;BATI MARMARA;4;MACROCENTER;9;MACROCENTER;5898;41.118296;29.00993;Maslak Mah. Söðütözü Sok. No:20C10 D:122-123;34;22;ÝSTANBUL;SARIYER;13.04.2018;Hayýr;;350;640;;;;;1559;1559
ACAR BLU ÝSTANBUL MMM MÝGROS;DOÐU MARMARA;1;MÝGROS;3;MMM;5899;41.121621;29.145793;Acarlar Mah.Polonez Cad.Ticaret Merk1,B Blok,No:19;34;8;ÝSTANBUL;BEYKOZ;29.03.2018;Evet;;1586;2537;;3;;;1560;1560
ADIYAMANPARK MM MÝGROS;DOÐU/G.DOÐU ANADOLU;1;MÝGROS;2;MM;5900;37.750222;38.238869;YeniSanayi Mah. 2819 Sokak AVM Sitesi No:70;2;0;ADIYAMAN;MERKEZ;4.04.2018;Hayýr;;1134;1709;;;;;1561;1561
MY LÝFE RESÝDENCE SÖKE M;GÜNEY EGE;1;MÝGROS;6;SELF SERVÝS M;5902;37.75235761;27.4162836;Yenicami Mah. Kasýmpatý Sok. No:5/3-4-5-6;9;14;AYDIN;SÖKE;6.07.2018;Hayýr;;490;898;;;;;1563;1563
MJET KAYADÝBÝ AFYON;ÝÇ ANADOLU;230;MJET;9;M-JET;5903;38.764683;30.534085;Kayadibi Mah. Ýzmir Ýstasyon Cad. NO:22/A;3;0;AFYONKARAHÝSAR;MERKEZ;6.06.2018;Hayýr;;198;423;;;;;1564;1564
MJET OASÝS AVM BODRUM;GÜNEY EGE;230;MJET;9;M-JET;5904;37.0417109;27.4114117;Cumhuriyet Mah.Kýbrýs Þehitleri Cad.No:210/113-117;48;1;MUÐLA;BODRUM;6.04.2018;Hayýr;;276;399;;3;;;1565;1565
KURTULUÞ ÇORLU M MÝGROS;BATI MARMARA;1;MÝGROS;6;SELF SERVÝS M;5905;41.16079208;27.83480339;Hürriyet Mah.Kurtuluþ Cad.1.SK. F Blok Apt.No:2/1A;59;2;TEKÝRDAÐ;ÇORLU;28.10.2020;Hayýr;;514;708;;;;;1566;1566
BATIKENT ÝNEGÖL MM MÝGROS;GÜNEY MARMARA;1;MÝGROS;2;MM;5906;40.0894;29.4936;Süleymaniye Mah.Batýkent Sitesi Akgül Sok. No:11/N;16;8;BURSA;ÝNEGÖL;13.06.2018;Hayýr;;785;1401;;;;;1567;1567
BAHÇELÝEVLER SÝVEREK M MÝGROS;DOÐU/G.DOÐU ANADOLU;1;MÝGROS;5;SERVÝS REYONLU M;5908;37.75178;39.329872;Ofis Mah. Mustafa Remzi Bucak Bulv.NO:14/A-B;63;8;ÞANLIURFA;SÝVEREK;24.05.2018;Hayýr;;339;930;;;;;1568;1568
MJET ÇANAKKALE DARDANOS;GÜNEY MARMARA;230;MJET;9;M-JET;5910;40.08531414;26.36679442;Çýnarlý Mah. Dardanos Mevkii Dardanos 1.Sok No:2/1;17;0;ÇANAKKALE;MERKEZ;31.05.2019;Hayýr;;156;251;;;;;1569;1569
MJET AYDINLIKEVLER ANKARA;ÝÇ ANADOLU;230;MJET;9;M-JET;5912;39.962279;32.877007;Aydýnlýkevler Mah. Çevreli Cad. No:58;6;1;ANKARA;ALTINDAÐ;8.06.2018;Hayýr;;151;254;;;;;1570;1570
CORDELLA KARTAL MM MÝGROS;DOÐU MARMARA;1;MÝGROS;2;MM;5913;40.9051745;29.1742802;Atalar Mah. Öðretmenler Sok No:2;34;18;ÝSTANBUL;KARTAL;29.11.2019;Hayýr;;669;1782;;;;;1571;1571
MÝDTOWN AVM BODRUM MACROCENTER;GÜNEY EGE;4;MACROCENTER;9;MACROCENTER;5914;37.05780629;27.35651197;Müskebi Mah. Kongre Sok. No:11;48;1;MUÐLA;BODRUM;11.05.2018;Evet;;473;588;;2;;;1572;1572
MJET ÇAPA TURGUT ÖZAL CAD.;BATI MARMARA;230;MJET;9;M-JET;5920;41.015462;28.932226;Þehremini Mah. Turgut Özal Millet Cad. Np:137/B;34;13;ÝSTANBUL;FATÝH;3.05.2018;Hayýr;;91;177;;;;;1573;1573
MJET TEKÝRDAÐ MERKEZ HASTANE;BATI MARMARA;230;MJET;9;M-JET;5922;40.9991505;27.585095;Namýk Kemal Mah. Cemal Sok No3  12/C;59;11;TEKÝRDAÐ;SÜLEYMANPAÞA;7.09.2018;Hayýr;;174;370;;;;;1574;1574
CÝDE KASTAMONU M MÝGROS;ÝÇ ANADOLU;1;MÝGROS;5;SERVÝS REYONLU M;5923;41.895129;32.9813;Nasuh Mah. Murat Yenigün Cad No:172/1;37;6;KASTAMONU;CÝDE;12.06.2018;Hayýr;;430;873;;;;;1575;1575
MJET ÝSKENDERUN PÝRÝ REÝS MAH;DOÐU AKDENÝZ;230;MJET;9;M-JET;5924;36.590715;36.159422;Pirireis Mah. Ýsmet Ýnönü Cad. No:141/A;31;6;HATAY;ÝSKENDERUN;8.08.2018;Hayýr;;309;505;;;;;1576;1576
MJET M.SÝNAN CD.KONACIK BODRUM;GÜNEY EGE;230;MJET;9;M-JET;5925;37.04996229;27.39681635;Konacýk Mah. Mimar Sinan Cad. No:60/1-2;48;1;MUÐLA;BODRUM;28.05.2018;Hayýr;;173;395;;;;;1577;1577
MJET OSB DÖÞEMEALTI PO;BATI AKDENÝZ;230;MJET;255;MJET-ÝSTASYON;5926;37.03822681;30.62560384;Çýplaklý Mah. Akdeniz Bulvarý No:242;7;16;ANTALYA;DÖÞEMEALTI;30.03.2018;Hayýr;;83;83;;;;;1578;1578
MJET AKDENÝZ BUL DÖÞEMEALTI PO;BATI AKDENÝZ;230;MJET;255;MJET-ÝSTASYON;5927;36.95717187;30.62409166;Yeþilbayýr Mah. Akdeniz Bulvarý No:8;7;16;ANTALYA;DÖÞEMEALTI;30.03.2018;Hayýr;;118;146;;;;;1579;1579
MJET AVÞA BALIKESÝR;GÜNEY MARMARA;230;MJET;9;M-JET;5928;40.50828172;27.50023795;Avþa Mah. Ýskele(yeni Mah) Cad. No:38/1;10;15;BALIKESÝR;MARMARA;1.06.2018;Hayýr;;281;451;Evet;;3425;;1580;1580
MJET ÝÇMELER MARMARÝS;GÜNEY EGE;230;MJET;9;M-JET;5929;36.799706;28.229284;Gölenye Mah. 75.Yýl Caddesi No:3/A Ýçmeler;48;7;MUÐLA;MARMARÝS;30.04.2018;Hayýr;;209;312;;;3770;;1581;1581
MJET MANAVGAT AÞAÐI HÝSAR;BATI AKDENÝZ;230;MJET;9;M-JET;5930;36.780356;31.440769;Aþaðýhisar Mah. Güllük Cad. No:7/1-2;7;13;ANTALYA;MANAVGAT;6.07.2018;Hayýr;;234;433;;;;;1582;1582
MJET DÝKÝLÝ SAHÝLYOLU;KUZEY EGE;230;MJET;9;M-JET;5932;39.15456178;26.82645355;Salihler Mah. Özgür Sokak No: 02 Salihleraltý;35;15;ÝZMÝR;DÝKÝLÝ;13.06.2018;Hayýr;;327;590;;;;;1583;1583
MJET AVÞA DENÝZ MAH;GÜNEY MARMARA;230;MJET;9;M-JET;5934;40.53169822;27.51136021;Deniz Mah. Akvaryum Küme Evleri Cad No:2/1 Avþa;10;15;BALIKESÝR;MARMARA;28.06.2018;Hayýr;;187;242;Evet;;;;1584;1584
MJET KOCAHASANLI MERSÝN;DOÐU AKDENÝZ;230;MJET;9;M-JET;5935;36.584493;34.274801;Kocahasanlý Mah. Atatürk Bulv. No:8/1A-1B;33;5;MERSÝN;ERDEMLÝ;14.06.2018;Hayýr;;287;522;Evet;;;;1585;1585
KAÐITHANE REZÝDANSE M MÝGROS;BATI MARMARA;1;MÝGROS;6;SELF SERVÝS M;5937;41.085906;28.969308;Merkez Mah.Kemerburgaz Cad.Emel Sok.No:102/A-B;34;17;ÝSTANBUL;KAÐITHANE;11.10.2019;Hayýr;;313;497;;;;;1586;1586
MJET ÝSTÝKLAL GAZÝPAÞA PO;BATI AKDENÝZ;230;MJET;255;MJET-ÝSTASYON;5939;36.270389;32.3089964;Ýstiklal Mah. Ulusal Egemenlik Bul. No: 60;7;5;ANTALYA;GAZÝPAÞA;27.04.2018;Hayýr;;239;258;;;;;1588;1588
MJET KAÐITHANE OFÝSPARK;BATI MARMARA;230;MJET;9;M-JET;5940;41.08536948;28.97353271;Merkez Mah.Baðlar Cad.No:14 D Blok;34;17;ÝSTANBUL;KAÐITHANE;13.07.2018;Hayýr;;190;229;;;;;1589;1589
MJET BEBEK YOKUÞU NÝSPETÝYE;BATI MARMARA;230;MJET;9;M-JET;5941;41.08021574;29.03423584;Etiler Mah. Dilhayat Sok. No:2;34;7;ÝSTANBUL;BEÞÝKTAÞ;29.03.2019;Hayýr;;146;181;;;;;1590;1590
MJET GEYÝKLÝ EZÝNE;GÜNEY MARMARA;230;MJET;9;M-JET;5943;39.80591353;26.20271141;Geyikli Beldesi Cumhuriyet Mah.Çanakkale Cad.;17;7;ÇANAKKALE;EZÝNE;6.07.2018;Hayýr;;337;480;;;;;1591;1591
MJET TAÞUCU ÇEVREYOLU MERSÝN;DOÐU AKDENÝZ;230;MJET;9;M-JET;5945;36.319042;33.878657;Taþucu Mah. Atatürk Bulv. No:206/A-B;33;8;MERSÝN;SÝLÝFKE;14.06.2018;Hayýr;;309;529;;;;;1592;1592
ATAKENT MAH.SÝLÝFKE MERSÝN M;DOÐU AKDENÝZ;1;MÝGROS;5;SERVÝS REYONLU M;5946;36.407014;34.073796;Atakent Mah. Alpaslan Türkeþ Blv B Blok No:169 BB;33;8;MERSÝN;SÝLÝFKE;19.06.2020;Hayýr;;501;946;;;;;1593;1593
MJET AÐVA MERKEZ MAH.ÞÝLE;DOÐU MARMARA;230;MJET;9;M-JET;5947;41.135879;29.855837;Aðva Mah. Þile Cad No:115/1;34;32;ÝSTANBUL;ÞÝLE;29.06.2018;Hayýr;;216;281;Evet;;;;1594;1594
MJET BOSTANCI METRO;DOÐU MARMARA;230;MJET;9;M-JET;5949;40.964907;29.102532;Kozyataðý Mah. Muhtar Halil Coþkun Sok No:5A-B;34;16;ÝSTANBUL;KADIKÖY;8.06.2018;Hayýr;;137;163;;;;;1595;1595
KIRKLARELÝ VÝZE M MÝGROS;BATI MARMARA;1;MÝGROS;6;SELF SERVÝS M;5950;41.57062699;27.77053486;Evren Mah. Atatürk Cad. No:205;39;7;KIRKLARELÝ;VÝZE;7.09.2018;Hayýr;;342;949;;;;;1596;1596
ÇAMLIKULE BUCA MM MÝGROS;GÜNEY EGE;1;MÝGROS;2;MM;5951;38.373629;27.164812;Çamlýkule Mah.Gazateci Yazar Ýsmail Sivri Blv;35;3;ÝZMÝR;BUCA;30.06.2020;Hayýr;;688;887;;;;;1597;1597
BURSA BALAT MACROCENTER;GÜNEY MARMARA;4;MACROCENTER;9;MACROCENTER;5952;40.264505;28.931812;Balat Mah. Bozkýr Sok. No:5/E;16;1;BURSA;NÝLÜFER;3.05.2019;Hayýr;;670;945;;;;;1598;1598
5M GEBZE CENTER KOCAELÝ;DOÐU MARMARA;185;5M;191;5M;5957;40.795552;29.441143;Tatlýkuyu Mahallesi,Güney Yanyol Caddesi,No:310/ A;41;1;KOCAELÝ;GEBZE;8.06.2018;Evet;;3400;5335;;1,3;;;1599;1599
PLAJ YOLU KOCAELÝ M MÝGROS;DOÐU MARMARA;1;MÝGROS;6;SELF SERVÝS M;5963;40.76258;29.882132;Cumhuriyet Mah. Karayolu Sok. No:31/A;41;11;KOCAELÝ;ÝZMÝT;29.07.2022;Hayýr;;588;887;;;;14445;1600;1600
MJET IÐDIR BAHARLI;KARADENÝZ/KUZEYD.AND;230;MJET;9;M-JET;5966;39.929367;44.046256;Baðlar Mah. Atatürk Cad. No:49/A;76;0;IÐDIR;MERKEZ;14.09.2018;Hayýr;;269;507;;;;;1601;1601
MJET ZAFER MAH.NAZÝLLÝ;GÜNEY EGE;230;MJET;9;M-JET;5967;37.910354;28.30298;Zafer Mah. Mehmet Özalp Bulvarý No:14/A;9;13;AYDIN;NAZÝLLÝ;24.01.2020;Hayýr;;249;382;;;;;1602;1602
MJET GÖRÜKLE DUMLUPINAR MAH.;GÜNEY MARMARA;230;MJET;9;M-JET;5968;40.22856995;28.83463047;Dumlupýnar Mah. Atatürk Bulvarý No:62/A;16;1;BURSA;NÝLÜFER;26.10.2018;Hayýr;;193;266;;;;;1603;1603
MJET DALAMAN SEYFETTÝN ÝNCE CD;GÜNEY EGE;230;MJET;9;M-JET;5969;36.7664;28.8087;Merkez Mah.Seyfettin Ýnce Cad. No:7;48;2;MUÐLA;DALAMAN;6.08.2019;Hayýr;;290;574;;;;;1604;1604
MJET NARLIDERE BARIÞ CADDESÝ;KUZEY EGE;230;MJET;9;M-JET;5970;38.39371611;27.00751949;Çamtepe Mah. Barýþ Sokak No:21/A;35;9;ÝZMÝR;NARLIDERE;28.06.2018;Hayýr;;252;516;;;;;1605;1605
MJET SARIMSAKLI  AYVALIK;KUZEY EGE;230;MJET;9;M-JET;5971;39.27263979;26.66850803;KÜÇÜKKÖY Mah. SARIMSAKLI Bul. PERIHAN HANIM;10;1;BALIKESÝR;AYVALIK;5.07.2018;Hayýr;;220;340;;;;;1606;1606
MJET KARABURUN ÝSKELE;KUZEY EGE;230;MJET;9;M-JET;5972;38.64315843;26.51461171;Ýskele Mah. Kuyucak Cad. No:30/A;35;17;ÝZMÝR;KARABURUN;5.07.2018;Hayýr;;250;560;;;;;1607;1607
MJET YUNUS NADÝ CAD MARMARÝS;GÜNEY EGE;230;MJET;9;M-JET;5973;36.85140929;28.2521994;Armutalan Mah. Yunus Nadi Cad. No:56/2;48;7;MUÐLA;MARMARÝS;11.06.2018;Hayýr;;247;456;;;;;1608;1608
FARÝLYA ÝSTANBUL MM MÝGROS;DOÐU MARMARA;1;MÝGROS;2;MM;5975;40.890244;29.263531;Fevzi Çakmak Mah.Mimar Sinan Cd.B Blok Apt.No:23/F;34;21;ÝSTANBUL;PENDÝK;26.04.2019;Hayýr;;688;855;;;;;1610;1610
ALEMDAÐ REÞADÝYE CAD. M MÝGROS;DOÐU MARMARA;1;MÝGROS;6;SELF SERVÝS M;5976;41.055928;29.237451;Alemdað Mah.Reþadiye Cad. Dekon Silva Sit;34;37;ÝSTANBUL;ÇEKMEKÖY;26.09.2019;Hayýr;;493;768;;;;;1611;1611
KURTKÖY BAKÜ CADDESÝ M MÝGROS;DOÐU MARMARA;1;MÝGROS;6;SELF SERVÝS M;5977;40.921322;29.300054;Yeniþehir Mah. Bakü Cad. No:12A C Blok D:6,7,11;34;21;ÝSTANBUL;PENDÝK;28.06.2019;Hayýr;;487;627;;;;;1612;1612
ALANYA SAHÝL ANTALYA MM MÝGROS;BATI AKDENÝZ;1;MÝGROS;2;MM;5983;36.543973;32.007256;Güller Pýnar Mah.A.Tokuþ Bulv No:39/A;7;2;ANTALYA;ALANYA;8.06.2018;Hayýr;;917;2870;;3;;;1613;1613
FENER CAD. ANTALYA MM MÝGROS;BATI AKDENÝZ;1;MÝGROS;2;MM;5984;36.857865;30.763643;Çaðlayan Mah.Bülent Ecevit Bulvý, No:97/A;7;19;ANTALYA;MURATPAÞA;8.06.2018;Hayýr;;956;3455;;;;;1614;1614
ATAÞEHÝR ANDROMEDA GOLD MM;DOÐU MARMARA;1;MÝGROS;2;MM;5985;40.99154;29.117516;Atatürk Mah. Sedef Cad. No:2/284 D:200;34;34;ÝSTANBUL;ATAÞEHÝR;11.06.2018;Hayýr;;625;959;;;;;1615;1615
TURGUT ÖZAL BLV TAÞDELEN MM;DOÐU MARMARA;1;MÝGROS;2;MM;5986;41.027427;29.221884;Sultan Çiftliði Mah.Turgut Özal Bul. No:82 1/2;34;37;ÝSTANBUL;ÇEKMEKÖY;20.06.2018;Hayýr;;669;1127;;3;;;1616;1616
NISH ADALAR MALTEPE MM MÝGROS;DOÐU MARMARA;1;MÝGROS;2;MM;5987;40.944359;29.159013;Zümrütevler Mah.Mevlana Halid Cad.No:13/A;34;20;ÝSTANBUL;MALTEPE;13.06.2018;Evet;;915;1335;;;;;1617;1617
GÜRPINAR ÝSTANBUL MM MÝGROS;BATI MARMARA;1;MÝGROS;2;MM;5989;40.99211342;28.60640495;Gürpýnar Mah.Adnan Menderes Cad. NO:17 C/1;34;36;ÝSTANBUL;BEYLÝKDÜZÜ;12.06.2018;Hayýr;;1158;1518;;;;;1619;1619
AVR.KONUTLARI 1 ISPARTAKULE MM;BATI MARMARA;1;MÝGROS;2;MM;5990;41.06445054;28.71362606;Tahtakale Mh.Faruk Nafiz Çamlýbel Cd.5A Blk No:5/9;34;2;ÝSTANBUL;AVCILAR;13.06.2018;Hayýr;;696;1285;;;;;1620;1620
AÐAOÐLU BAÞAKÞEHÝR ÝST MM;BATI MARMARA;1;MÝGROS;2;MM;5991;41.06616125;28.77745935;Ziya Gökalp Mh.Karacaoðlan Sk.D2-1 Ap No:1/3A;34;35;ÝSTANBUL;BAÞAKÞEHÝR;10.07.2018;Hayýr;;953;1223;;;;;1621;1621
ELÝTKENT ESENYURT MM MÝGROS;BATI MARMARA;1;MÝGROS;2;MM;5992;41.05751131;28.67678321;Esenkent Mah. Yakup Cemil Sok. NO:5 A/1;34;38;ÝSTANBUL;ESENYURT;12.06.2018;Hayýr;;1018;1368;;1;;;1622;1622
MJET BURDUR YEÞÝLOVA;BATI AKDENÝZ;230;MJET;9;M-JET;5994;37.5099;29.7576;Koyunlarçeþme Mah. Burdur Cad. No:70A/70B;15;10;BURDUR;YEÞÝLOVA;26.07.2018;Hayýr;;240;528;;;;;1623;1623
BATI ATAÞEHÝR MY WORLD M;DOÐU MARMARA;1;MÝGROS;6;SELF SERVÝS M;5996;40.991789;29.106514;Barbaros Mah. Mor Leylak Sok.  C 8 Apt.NO:2G;34;34;ÝSTANBUL;ATAÞEHÝR;26.06.2018;Hayýr;;349;428;;;;;1625;1625
ÇARÞI BEYKENT ÝST MMM MÝGROS;BATI MARMARA;1;MÝGROS;3;MMM;5998;41.0050025;28.62636405;Adnan Kahveci Mah.Yavuz Sultan Selim Bul.No:23/6;34;36;ÝSTANBUL;BEYLÝKDÜZÜ;29.06.2018;Hayýr;;1404;2050;;;;;1626;1626
DUMANKAYA TUZLA MM MÝGROS;DOÐU MARMARA;1;MÝGROS;2;MM;5999;40.864005;29.339282;Aydýnlý Mah.Patlayýcý Maddeler Yolu No:10/1;34;24;ÝSTANBUL;TUZLA;20.06.2018;Hayýr;;761;1211;;;;;1627;1627
BEYDAÐI CAD. TUZLA ÝSTANBUL M;DOÐU MARMARA;1;MÝGROS;6;SELF SERVÝS M;6000;40.859197;29.30014;Aydýntepe Mah. Beydaðý Cad. No:2 T/2 ,CT 8;34;24;ÝSTANBUL;TUZLA;29.06.2018;Hayýr;;375;603;;;;;1628;1628
UÐURMUMCU MH.KARTAL ÝST MM;DOÐU MARMARA;1;MÝGROS;2;MM;6001;40.933226;29.213677;Uður Mumcu Mah. Þeyh Þamil Cad. NO:15/9;34;18;ÝSTANBUL;KARTAL;6.07.2018;Hayýr;;1350;2409;;3;;;1629;1629
AÞAÐI DUDULLU M MÝGROS;DOÐU MARMARA;1;MÝGROS;6;SELF SERVÝS M;6002;41.029908;29.156167;Parseller Mah. Karadeniz Cad. No:89;34;25;ÝSTANBUL;ÜMRANÝYE;2.07.2018;Hayýr;;481;834;;;;;1630;1630
KAYAÞEHÝR MERKEZ ÝST MMM;BATI MARMARA;1;MÝGROS;3;MMM;6004;41.10806212;28.75718466;Kayabaþý Mah. Rabia Cad. A Blok Apt. No:9/38;34;35;ÝSTANBUL;BAÞAKÞEHÝR;12.07.2018;Evet;;1667;2112;;;;;1631;1631
MJET ORTAKENT BODRUM PO;GÜNEY EGE;230;MJET;255;MJET-ÝSTASYON;6005;37.04910781;27.34350706;Ortakent Mah. Atatürk Cad. No:26;48;1;MUÐLA;BODRUM;11.06.2018;Hayýr;;60;68;;;;;1632;1632
LOUNGE 2 HALKALI ÝST MM;BATI MARMARA;1;MÝGROS;2;MM;6007;41.03897052;28.77947744;Atakent Mah. 235 Sokak No:19/1;34;19;ÝSTANBUL;KÜÇÜKÇEKMECE;21.06.2018;Hayýr;;674;1039;;1;;;1633;1633
ÝNCÝLER ÇARÞI ESENYURT ÝST MM;BATI MARMARA;1;MÝGROS;2;MM;6008;41.01160789;28.65478185;Mevlana Mah. Evliya Çelebi Cad. No:4 99/100;34;38;ÝSTANBUL;ESENYURT;3.07.2018;Hayýr;;1177;1469;;;;;1634;1634
ELÝTE CITY HALKALI ÝST MM;BATI MARMARA;1;MÝGROS;2;MM;6013;41.04551049;28.78300738;Atakent Mah.223 Cad.Elite City Sitesi.No:2-A1;34;19;ÝSTANBUL;KÜÇÜKÇEKMECE;3.07.2018;Hayýr;;762;1337;;;;;1635;1635
MÝMAROBA ÝSTANBUL MM MÝGROS;BATI MARMARA;1;MÝGROS;2;MM;6015;41.00699719;28.53778235;Mimaroba Mah. Çarmýklý Cad. No:4F D:6;34;28;ÝSTANBUL;BÜYÜKÇEKMECE;5.07.2018;Hayýr;;927;1683;;;;;1637;1637
UNCALI 23. CAD. ANTALYA M;BATI AKDENÝZ;1;MÝGROS;5;SERVÝS REYONLU M;6016;36.883664;30.628277;Uncalý Mh.Toroslar Cd.Ýncedað Sit.B/Blok No:72H/1;7;18;ANTALYA;KONYAALTI;26.06.2018;Hayýr;;559;842;;3;;;1638;1638
MJET ATATÜRK BULVARI KAYSERÝ;ÝÇ ANADOLU;230;MJET;9;M-JET;6021;38.689726;35.553748;Kiçiköy Mah. Atatürk Bulv. No:81/A-B;38;13;KAYSERÝ;TALAS;19.07.2019;Hayýr;;128;269;;;;;1639;1639
ATAKULE MACROCENTER;ÝÇ ANADOLU;4;MACROCENTER;9;MACROCENTER;6024;39.886104;32.855853;Çankaya Mah. Çankaya Cad. Atakukule AVM;6;2;ANKARA;ÇANKAYA;23.11.2018;Evet;;720;935;;1;;;1640;1640
MJET MERSÝN POMPEÝPOLÝS;DOÐU AKDENÝZ;230;MJET;9;M-JET;6027;36.747032;34.536268;Viranþehir Mah.Viranþehir Cad.No:38/1A;33;11;MERSÝN;MEZÝTLÝ;21.09.2018;Hayýr;;279;463;;;;;1642;1642
MJET POSTANE MH.TUZLA ÝST;DOÐU MARMARA;230;MJET;9;M-JET;6028;40.81654;29.291929;Postane Mah. Manastýr Yolu Cad. No:50-A;34;24;ÝSTANBUL;TUZLA;20.09.2018;Hayýr;;235;528;;;;;1643;1643
MJET YEÞÝLTEPE MAH.ANTALYA;BATI AKDENÝZ;230;MJET;9;M-JET;6030;36.916834;30.678643;Yeþiltepe Mah.Ziya Gökalp Cad..Rabia Hatun Apt.;7;17;ANTALYA;KEPEZ;6.07.2018;Hayýr;;278;475;;;;;1644;1644
MJET ZAFER MAH.ANTALYA;BATI AKDENÝZ;230;MJET;9;M-JET;6033;36.918202;30.68471;Zafer Mah.Mithatpaþa Cad. No:132;7;17;ANTALYA;KEPEZ;28.06.2018;Hayýr;;234;526;;;;;1645;1645
BURHANETTÝN ONAT CAD ANT MMM;BATI AKDENÝZ;1;MÝGROS;3;MMM;6034;36.878;30.7167;Zerdalilik Mah. Burhanettin Cad No:94 A/B;7;19;ANTALYA;MURATPAÞA;13.07.2018;Evet;;1878;2671;;;;;1646;1646
DUTLUBAHÇE MAH. ANTALYA M;BATI AKDENÝZ;1;MÝGROS;6;SELF SERVÝS M;6035;36.903818;30.702977;Dutlubahçe Mah.Karacaoðlan Cad.No:15/A-17/A;7;19;ANTALYA;MURATPAÞA;10.07.2018;Hayýr;;567;2049;;;;;1647;1647
KIZILSARAY MAH.ANTALYA M;BATI AKDENÝZ;1;MÝGROS;6;SELF SERVÝS M;6037;36.8906523;30.6973331;Kýzýlsaray Mah.88.Sok.No:6;7;19;ANTALYA;MURATPAÞA;25.07.2018;Hayýr;;550;1818;;;;;1648;1648
AÐAOÐLU MY HOME MASLAK M;BATI MARMARA;1;MÝGROS;6;SELF SERVÝS M;6039;41.114936;28.999769;Maslak Mah.Hadýmkoru Yolu Cad.2/C Ýç Kapý No:5;34;22;ÝSTANBUL;SARIYER;10.08.2018;Hayýr;;320;383;;;;;1649;1649
AÐAOÐLU MY CITY BAHÇELÝEVLER M;BATI MARMARA;1;MÝGROS;5;SERVÝS REYONLU M;6040;41.00282605;28.88120139;Bahçelievler Mah.Saklý Vadi Sok.No:28/C;34;4;ÝSTANBUL;BAHÇELÝEVLER;20.07.2018;Hayýr;;321;414;;;;;1650;1650
GÜNEÞPARK ATAKENT ÝST M;BATI MARMARA;1;MÝGROS;6;SELF SERVÝS M;6047;41.042444;28.788717;Atakent Mah.213 Sok.No:2/5 Baðýmsýz No:B-1;34;19;ÝSTANBUL;KÜÇÜKÇEKMECE;8.08.2018;Hayýr;;522;661;;;;;1652;1652
METROPOL CENTER ESENYURT MM;BATI MARMARA;1;MÝGROS;2;MM;6048;41.01892255;28.64858169;Piri Reis Mah. Nazým Hikmet Bulv. No:72-G;34;38;ÝSTANBUL;ESENYURT;12.07.2018;Hayýr;;1150;1546;;;;;1653;1653
HADIMKÖY TOKÝ ÝSTANBUL M;BATI MARMARA;1;MÝGROS;7;M ANADOLU;6049;41.174143;28.611202;Hadýmköy Mah. Mevlana Cad. No:132/1;34;33;ÝSTANBUL;ARNAVUTKÖY;28.08.2018;Hayýr;;547;988;;;;;1654;1654
KILIÇKENT BEYLÝKDÜZÜ M MÝGROS;BATI MARMARA;1;MÝGROS;6;SELF SERVÝS M;6050;40.997494;28.622887;Adnan Kahveci Mah. Erata Cad. No:4/2;34;36;ÝSTANBUL;BEYLÝKDÜZÜ;10.08.2018;Hayýr;;499;636;;;;;1655;1655
MJET MERSÝN SOÐUCAK;DOÐU AKDENÝZ;230;MJET;9;M-JET;6055;36.963924;34.560649;Soðucak Mah. Yeni Cumhuriyet Cad. No:42;33;12;MERSÝN;TOROSLAR;13.07.2018;Hayýr;;206;278;Evet;;;;1657;1657
YILDIRIM BEYAZIT KAYSERÝ MM;DOÐU AKDENÝZ;1;MÝGROS;2;MM;6056;38.720365;35.539172;Yýldýrým Beyazýt Mah. Org. Hulisi Akar Bul. No: 15;38;2;KAYSERÝ;MELÝKGAZÝ;15.03.2019;Evet;;1333;2321;;1,3;;;1658;1658
MOZAÝK ÇARÞI ANKARA MM MÝGROS;ÝÇ ANADOLU;1;MÝGROS;2;MM;6057;39.853947;32.656692;Alacaatlý Mah. 3381 Cad. No:42B/7;6;2;ANKARA;ÇANKAYA;14.08.2020;Hayýr;;1259;1788;;1,3;;;1659;1659
BAMBOO AVM URLA MM MÝGROS;KUZEY EGE;1;MÝGROS;2;MM;6058;38.33526121;26.77125803;Urla Ýskele Kavþaðý Bambu AVM;35;28;ÝZMÝR;URLA;22.11.2019;Hayýr;;1098;1601;;;;;1660;1660
10 BURDA BALIKESÝR MMM;GÜNEY MARMARA;1;MÝGROS;3;MMM;6059;39.6126;27.892;Gaziosmanpaþa Mahallesi 381 Sokak No:3 D:10;10;19;BALIKESÝR;ALTIEYLÜL;14.11.2018;Evet;;1452;1872;;3;;;1661;1661
EMLAK KONUTLARI KAYAÞEHÝR MM;BATI MARMARA;1;MÝGROS;2;MM;6066;41.1129904;28.76825136;Kayabaþý Mh Evliya Çelebi Cd.A3 Blok Apt. No:2A/71;34;35;ÝSTANBUL;BAÞAKÞEHÝR;21.09.2018;Hayýr;;734;1801;;;;;1662;1662
SAPANCA MERKEZ M MÝGROS;GÜNEY MARMARA;1;MÝGROS;6;SELF SERVÝS M;6067;40.68966725;30.27379653;Rüstempaþa Mah. Kemalettin Sami Paþa Cad No:97;54;11;SAKARYA;SAPANCA;21.06.2019;Hayýr;;184;402;;;;;1663;1663
KURTKÖY PANORAMA MM MÝGROS;DOÐU MARMARA;1;MÝGROS;2;MM;6068;40.920495;29.278856;Çamlýk Mah. Meþe Sok No:12/4;34;21;ÝSTANBUL;PENDÝK;1.10.2019;Hayýr;;935;1175;;;;;1664;1664
MJET BODRUM GÜVERCÝNLÝK;GÜNEY EGE;230;MJET;9;M-JET;6069;37.136;27.5826;Güvercinlik Mah. Güvercinlik Bulv No:51/1;48;1;MUÐLA;BODRUM;3.04.2019;Hayýr;;245;329;;;;;1665;1665
5M BEYLÝKDÜZÜ;BATI MARMARA;185;5M;191;5M;607;41.006844;28.657429;Barýþ Mah. Sakarya Cad. Dýþ Kapý no:1 Ýç kapý no:1;34;36;ÝSTANBUL;BEYLÝKDÜZÜ;13.12.1997;Evet;;7023;9913;;1,31,2,3;;;1666;1666
MJET YALOVA ADNAN MENDERES MAH;GÜNEY MARMARA;230;MJET;9;M-JET;6070;40.64203571;29.2547204;Adnan Menderes Mah.Beyazýt Sok No:23/A;77;0;YALOVA;MERKEZ;19.09.2018;Hayýr;;228;476;;;;;1667;1667
MJET KÜÇÜKÇEKMECE YAHYA KEMAL;BATI MARMARA;230;MJET;9;M-JET;6071;40.99264553;28.78456271;Cennet Mah. Reyhan Cad. NO:104/A;34;19;ÝSTANBUL;KÜÇÜKÇEKMECE;16.10.2019;Hayýr;;168;300;;;;;1668;1668
WESTPARK AVM ÝZMÝR M MÝGROS;KUZEY EGE;1;MÝGROS;6;SELF SERVÝS M;6072;38.4803;27.1784;Westpark Outlet R. 100. Yýl  Mh. 2148/9 Sk. No:4;35;29;ÝZMÝR;BAYRAKLI;12.11.2018;Hayýr;;745;1301;;;;;1669;1669
TARSUS ÖÐRETMENLER BULVARI M;DOÐU AKDENÝZ;1;MÝGROS;6;SELF SERVÝS M;6073;36.9087;34.886248;Öðretmenler Mah.Þht.Ýsmet Akýn Cad.No:1/1;33;9;MERSÝN;TARSUS;11.04.2019;Hayýr;;530;909;;3;;;1670;1670
TOPTAN KIÞLA SAMSUN;KARADENÝZ/KUZEYD.AND;231;TOPTAN SATIÞ;230;TOPTAN SATIÞ;6075;41.270617;36.317017;Kýþla Mah. Beykoz Sok. NO: 1;55;17;SAMSUN;ÝLKADIM;16.08.2018;Hayýr;;321;339;;;;;1671;1671
YENÝDOÐAN MAH. ANTALYA M;BATI AKDENÝZ;1;MÝGROS;6;SELF SERVÝS M;6076;36.9171;30.6624;Yeni Doðan Mah.3096 Sok.Ant. Büyükþehir Beld.Site.;7;17;ANTALYA;KEPEZ;17.08.2018;Hayýr;;375;484;;3;;;1672;1672
VAN ERCÝÞ M MIGROS;DOÐU/G.DOÐU ANADOLU;1;MÝGROS;5;SERVÝS REYONLU M;6078;39.025772;43.365944;VANYOLU MH. ÇATALCA KARA YUSUF BEY BLV. N0:145 A;65;6;VAN;ERCÝÞ;18.01.2019;Evet;;455;763;;;;;1673;1673
5M BORNOVA;KUZEY EGE;185;5M;191;5M;6079;38.458434;27.236523;Ankara Cad. No:180;35;2;ÝZMÝR;BORNOVA;1.09.2018;Evet;;8253;13064;;1;5320;;1674;1674
5M  FORUM KAPADOKYA NEVÞEHÝR;DOÐU AKDENÝZ;185;5M;191;5M;6081;38.636;34.7093;Mustafa Parmaksýz Cad. No:56/B 101;50;0;NEVÞEHÝR;MERKEZ;1.09.2018;Evet;;4697;7967;;3;5348;;1675;1675
5M TAURUS AVM ANKARA;ÝÇ ANADOLU;185;5M;191;5M;6086;39.887878;32.811892;Ýþçi Bloklarý Mah. Mevlana Bulvarý No: 190 B-1;6;2;ANKARA;ÇANKAYA;1.09.2018;Evet;;3533;7971;;1,3;5366;;1676;1676
5.LEVENT ÝSTANBUL MM MÝGROS;BATI MARMARA;1;MÝGROS;2;MM;6093;41.090106;28.94863;Güzeltepe Mah.15.Temmuz Þehitler Cad. A2 Blok;34;12;ÝSTANBUL;EYÜPSULTAN;14.09.2018;Hayýr;;730;1059;;3;;;1677;1677
MJET YUNUSLAR KARÞIYAKA;KUZEY EGE;230;MJET;9;M-JET;6094;38.4521681;27.10492107;Aksoy Mah. Girne Bulv. No:12/A;35;7;ÝZMÝR;KARÞIYAKA;7.03.2019;Hayýr;;187;275;;;;;1678;1678
ÇAKABEY MAH. ÇEÞME M MIGROS;KUZEY EGE;1;MÝGROS;5;SERVÝS REYONLU M;6095;38.312461;26.343973;Çakabey Mah.2234 Sok.No:70;35;14;ÝZMÝR;ÇEÞME;11.09.2020;Hayýr;;498;1073;;;;;1679;1679
NARLIDERE 2. ÝNÖNÜ M MÝGROS;KUZEY EGE;1;MÝGROS;6;SELF SERVÝS M;6096;38.38186593;27.014683;2.Ýnönü Mah. Özkarakaya Cad No:23/A;35;9;ÝZMÝR;NARLIDERE;26.10.2018;Hayýr;;451;696;;;;;1680;1680
MENDERES MERSÝN M MÝGROS;DOÐU AKDENÝZ;1;MÝGROS;5;SERVÝS REYONLU M;6132;36.737053;34.522659;Menderes Mah.Barbaros Hayrettinpaþa Cad. No:21 AA;33;11;MERSÝN;MEZÝTLÝ;19.09.2018;Hayýr;;409;560;;;3801;;1681;1681
BÝRECÝK ÞANLIURFA M MÝGROS;DOÐU/G.DOÐU ANADOLU;1;MÝGROS;6;SELF SERVÝS M;6134;37.016419;37.973912;Meydan Mah. Dr. Abdulkadir Erdil Cad No:35 A-B;63;2;ÞANLIURFA;BÝRECÝK;18.04.2019;Hayýr;;490;1213;;;;;1682;1682
KARAMAN DEREKÖY YOLU CAD M;DOÐU AKDENÝZ;1;MÝGROS;6;SELF SERVÝS M;6135;37.157328;33.239049;Hürriyet Mah.Þehit Hamza Çetin Bulvarý No: 187/A;70;0;KARAMAN;MERKEZ;2.05.2019;Hayýr;;626;1515;;;;;1683;1683
MJET DÝYARBAKIR MEZOPOTAMYA;DOÐU/G.DOÐU ANADOLU;230;MJET;9;M-JET;6136;37.927389;40.134125;Fýrat Mah.Mezopotamya Bulv Yýldýzkent J Blok 22 A;21;15;DÝYARBAKIR;KAYAPINAR;21.02.2019;Hayýr;;248;605;;;;;1684;1684
MJET ZONGULDAK ÜNÝVERSÝTE;ÝÇ ANADOLU;230;MJET;9;M-JET;6137;41.448476;31.762826;Ýncivez Mah. Üniversite Cad. No:65;67;0;ZONGULDAK;MERKEZ;22.03.2019;Hayýr;;323;475;;;;;1685;1685
MJET BURDUR YENÝ MAH PO;BATI AKDENÝZ;230;MJET;255;MJET-ÝSTASYON;6142;37.726936;30.293462;Þirinevler Mah Armaðan Ýlci Bulvarý No:1/1;15;0;BURDUR;MERKEZ;21.09.2018;Hayýr;;145;169;;;;;1687;1687
ALAYBEY KARÞIYAKA MMM MÝGROS;KUZEY EGE;1;MÝGROS;3;MMM;6143;38.4611;27.1204;Bahariye Mah. Hidayet Erzeybek Cad. No:28;35;7;ÝZMÝR;KARÞIYAKA;13.11.2018;Hayýr;;2014;2643;;1,2,3;;;1688;1688
MJET ÇORUM BAHÇELÝEVLER;ÝÇ ANADOLU;230;MJET;9;M-JET;6144;40.550355;34.968184;Bahçelievler Mah. Þenyurt Cad. No:8/A;19;0;ÇORUM;MERKEZ;1.10.2018;Hayýr;;238;335;;;4210;;1689;1689
ESKÝÞEHÝR VATAN CAD.M MÝGROS;ÝÇ ANADOLU;1;MÝGROS;6;SELF SERVÝS M;6146;39.7733;30.53;Kurtuluþ Mah. Vatan Cad. No:13 A-B;26;13;ESKÝÞEHÝR;ODUNPAZARI;31.05.2019;Hayýr;;286;460;;;;;1690;1690
23 NÝSAN MÝTHATPAÞA BURSA M;GÜNEY MARMARA;1;MÝGROS;6;SELF SERVÝS M;6147;40.2209384;28.94236564;23Nisan Mh.Mithatpaþa Cd.Maki Evleri A Blok No:19A;16;1;BURSA;NÝLÜFER;3.04.2019;Hayýr;;365;511;;;;;1691;1691
MJET YALI CAD. MURATPAÞA;BATI AKDENÝZ;230;MJET;9;M-JET;6148;36.864551;30.784692;Güzeloba Mah.2155 Sok ABlok No:5A/1,2,3,4,5;7;19;ANTALYA;MURATPAÞA;11.04.2019;Hayýr;;261;375;;;;;1692;1692
MJET ERZURUM GEZ PO;KARADENÝZ/KUZEYD.AND;230;MJET;255;MJET-ÝSTASYON;6149;39.911833;41.266814;Lalapaþa Mah.50Yýl Cad.No:8;25;21;ERZURUM;YAKUTÝYE;5.10.2018;Hayýr;;125;147;;;;;1693;1693
LÜLEBURGAZ TERMÝNAL MMM MÝGROS;BATI MARMARA;1;MÝGROS;3;MMM;6150;41.4028;27.3445;Hürriyet Mah.Eski Ýstasyon Cad. No:2/1;39;4;KIRKLARELÝ;LÜLEBURGAZ;27.09.2018;Evet;;1991;2584;;3;5522;;1694;1694
KIRKLARELÝ MERKEZ MMM MÝGROS;BATI MARMARA;1;MÝGROS;3;MMM;6151;41.7226;27.2167;Babaeski Yolu Cad. Karakaþ Mahallesi No.26/27;39;0;KIRKLARELÝ;MERKEZ;27.09.2018;Evet;;1841;2597;;3;5524;;1695;1695
MJET ERENLER MAH.SAKARYA PO;GÜNEY MARMARA;230;MJET;255;MJET-ÝSTASYON;6152;40.744516;30.41427575;Erenler Mah. Sakarya Cad. No:326;54;15;SAKARYA;ERENLER;12.10.2018;Hayýr;;59;67;;;;;1696;1696
TORBALI KÝPA AVM MMM MÝGROS;GÜNEY EGE;1;MÝGROS;3;MMM;6153;38.1831;27.3517;Torbalý Mah. Metropolis Cad.No:143;35;27;ÝZMÝR;TORBALI;28.09.2018;Evet;;3070;5107;;3;6080;;1697;1697
MJET ORTAKLAR PO;GÜNEY EGE;230;MJET;255;MJET-ÝSTASYON;6158;37.8829274;27.50698896;Ortaklar Mah. Alpaslan Türkeþ Bulv. No:29/2C;9;5;AYDIN;GERMENCÝK;19.10.2018;Hayýr;;196;234;;;;;1698;1698
MAGNESÝA MANÝSA MMM MÝGROS;KUZEY EGE;1;MÝGROS;3;MMM;6159;38.6165;27.3996;Laleli Mah. Ali Rýza Efendi Cad. No:4/Z01;45;17;MANÝSA;YUNUSEMRE;9.10.2018;Evet;;2879;4037;;1,2,3;6085;;1699;1699
FORUM AVM ERZURUM MM MÝGROS;KARADENÝZ/KUZEYD.AND;1;MÝGROS;2;MM;6160;39.889444;41.265833;Müftü Solakzade Mah. Mevlana Cad no:32/125;25;20;ERZURUM;PALANDÖKEN;30.04.2019;Hayýr;;1384;2052;;;;;1700;1700
MJET KÖRFEZ MAH ÝZMÝT PO;DOÐU MARMARA;230;MJET;255;MJET-ÝSTASYON;6161;40.76312832;29.94747779;Körfez Mah. Ankara Karayolu Cad. No:135;41;11;KOCAELÝ;ÝZMÝT;14.11.2018;Hayýr;;52;52;;;;;1701;1701
MJET MURATPAÞA ÇAÐLAYANGÝL PO;BATI AKDENÝZ;230;MJET;255;MJET-ÝSTASYON;6162;36.861521;30.786577;Güzeloba Mah. Çaðlayangil Cad. No:30;7;19;ANTALYA;MURATPAÞA;9.11.2018;Hayýr;;82;90;;;;;1702;1702
ÇINARCIK HARMANLAR YALOVA M;GÜNEY MARMARA;1;MÝGROS;5;SERVÝS REYONLU M;6163;40.64477601;29.11476814;Harmanlar Mah. Veli Aký Cad. No:45/A;77;3;YALOVA;ÇINARCIK;19.04.2019;Hayýr;;452;635;;;;;1703;1703
DÝDÝM KÝPA AVM MMM MÝGROS;GÜNEY EGE;1;MÝGROS;3;MMM;6165;37.38191;27.28954;Cumhuriyet Mah. Cumhuriyet Cad. No:260/1/A;9;4;AYDIN;DÝDÝM;25.10.2018;Hayýr;;2512;3513;;3;6087;;1704;1704
MJET SANAYÝ MAH. ÝZMÝT PO;DOÐU MARMARA;230;MJET;255;MJET-ÝSTASYON;6168;40.74396576;29.94373881;Sanayii Mah. Antikkapý Petrol Ofisi;41;11;KOCAELÝ;ÝZMÝT;30.11.2018;Hayýr;;83;83;;;;;1705;1705
MJET ÝMAM EFENDÝ ELAZIÐ;DOÐU/G.DOÐU ANADOLU;230;MJET;9;M-JET;6175;38.661808;39.18562;Sürsürü Mah.Sokullu Sok. No:42 AA/0;23;0;ELAZIÐ;MERKEZ;3.01.2019;Hayýr;;400;650;;;5919;;1706;1706
MJET KAHTA ADIYAMAN;DOÐU/G.DOÐU ANADOLU;230;MJET;9;M-JET;6176;37.790078;38.612533;Yavuz Selim Mah.5016 Sok Ýstanbul Park Sit.No:19/B;2;5;ADIYAMAN;KAHTA;3.01.2019;Hayýr;;600;800;;;5715;;1707;1707
MJET GAZÝANTEP ANTEPÝA;DOÐU AKDENÝZ;230;MJET;9;M-JET;6177;36.98037509;37.30173826;Antepia Yaþam Sitesi Küçükkýzýl Hisar Mh.104001.Cd;27;1;GAZÝANTEP;ÞAHÝNBEY;3.01.2019;Hayýr;;294;423;;;4591;;1708;1708
SAHÝLEVLERÝ NARLIDERE M MÝGROS;KUZEY EGE;1;MÝGROS;5;SERVÝS REYONLU M;6178;38.40588401;26.99689392;Altýevler Mah. Ekin Sok. No:24;35;9;ÝZMÝR;NARLIDERE;24.05.2019;Hayýr;;404;537;;;;;1709;1709
MJET REÞATBEY ADANA;DOÐU AKDENÝZ;230;MJET;9;M-JET;6179;36.997822;35.328313;Reþatbey Mah.Stadyum Cad.No:20/E;1;1;ADANA;SEYHAN;4.01.2019;Hayýr;;416;788;;;4990;;1710;1710
KARÞIYAKA ÝZMÝR MACROCENTER;KUZEY EGE;4;MACROCENTER;9;MACROCENTER;6185;38.479114;27.082754;Yalý Mah. 6523 Sok.No:34/B;35;7;ÝZMÝR;KARÞIYAKA;5.06.2020;Evet;;640;890;;;;;1711;1711
TORBALI ALPKENT M MÝGROS;GÜNEY EGE;1;MÝGROS;6;SELF SERVÝS M;6186;38.16505062;27.35605293;Alpkent Mah. Cemali Tuncer Bulv No:20/A 10/1B;35;27;ÝZMÝR;TORBALI;3.05.2019;Hayýr;;438;608;;;;;1712;1712
YELKÝ SEFERÝHÝSAR CADDESÝ M;KUZEY EGE;1;MÝGROS;6;SELF SERVÝS M;6187;38.341;26.8633;Yelki Mah. 2732 Sokak.B Blok No:56C 56D,;35;6;ÝZMÝR;GÜZELBAHÇE;31.05.2019;Hayýr;;544;757;;;;;1713;1713
EDREMÝT ÝSTASYON M MÝGROS;KUZEY EGE;1;MÝGROS;6;SELF SERVÝS M;6188;39.58766702;27.02329913;CENNETAYAÐI Mah. ÝSTASYON Cad. KOZA CENNET;10;7;BALIKESÝR;EDREMÝT;13.09.2019;Hayýr;;632;875;;;;;1714;1714
ATAÞEHÝR TRENDÝST MMM MÝGROS;DOÐU MARMARA;1;MÝGROS;3;MMM;6193;40.990093;29.140565;Atatürk Mah. Atapark Cad Trendist Ataþehir No:3LC;34;34;ÝSTANBUL;ATAÞEHÝR;12.04.2019;Hayýr;;1916;2378;;3;;;1716;1716
KAÞMÝR CENTER ANKARA MM MÝGROS;ÝÇ ANADOLU;1;MÝGROS;2;MM;6194;39.9895;32.643846;Göksu Mah. 5352. Cadde F Apt. No:1 F/10;6;3;ANKARA;ETÝMESGUT;19.04.2019;Hayýr;;1132;1547;;1,3;;;1717;1717
AVCILAR FÝRUZE KONAKLARI M;BATI MARMARA;1;MÝGROS;6;SELF SERVÝS M;6195;40.99171822;28.71859732;Üniversite Mah.Firuzköy Bulv.No:22/1 A-B;34;2;ÝSTANBUL;AVCILAR;31.05.2019;Hayýr;;350;582;;;;;1718;1718
AND PASTEL KARTAL M MÝGROS;DOÐU MARMARA;1;MÝGROS;6;SELF SERVÝS M;6196;40.909187;29.185055;Esentepe Mah. Anadolu Cad. No:5/2 F;34;18;ÝSTANBUL;KARTAL;11.10.2019;Hayýr;;388;664;;;;;1719;1719
NATA VEGA AVM ANKARA MM;ÝÇ ANADOLU;1;MÝGROS;2;MM;6197;39.887084;32.933707;Akþemsettin Mah. 2308. sokak  No:1/A 18;6;6;ANKARA;MAMAK;22.02.2019;Evet;;1094;1664;;;;;1720;1720
NÝÞANTAÞI SAMSUN MM MÝGROS;KARADENÝZ/KUZEYD.AND;1;MÝGROS;2;MM;6198;41.32505;36.285983;Esenevler mah,Abdullah Gül Bulvarý, No:19 A-B;55;15;SAMSUN;ATAKUM;22.02.2019;Hayýr;;734;945;;;;;1721;1721
AMASYA GÜZELYALI MM MÝGROS;KARADENÝZ/KUZEYD.AND;1;MÝGROS;2;MM;6199;40.667533;35.839295;Bahçeleriçi Mah. Zafer Sokak No:12-14/A-B;5;0;AMASYA;MERKEZ;15.03.2019;Evet;;885;1018;;;;;1722;1722
TOPTAN MERSÝN AKADEMÝ;DOÐU AKDENÝZ;231;TOPTAN SATIÞ;230;TOPTAN SATIÞ;6201;36.790994;34.539014;Çiftlikköy Mh.Mimar Sinan Cd.No:13 BF Akademi Sit;33;13;MERSÝN;YENÝÞEHÝR;18.03.2019;Hayýr;;550;905;;;5264;;1723;1723
HEMEN BAHÇEÞEHÝR MÝGROS;BATI MARMARA;1;MÝGROS;4;E-TÝCARET;6202;41.0604545;28.68756832;Baþakþehir 2.Kýsým Mah.;34;35;ÝSTANBUL;BAÞAKÞEHÝR;28.02.2019;Hayýr;;196;196;;;;;1724;1724
MJET BULVAR ESKÝÞEHÝR;ÝÇ ANADOLU;230;MJET;9;M-JET;6203;39.791106;30.449472;Batýkent Mah.Dönmez Sokak No:5;26;14;ESKÝÞEHÝR;TEPEBAÞI;15.03.2019;Hayýr;;470;601;;3;4286;;1725;1725
MJET ERTAÞ CADDESÝ ESKÝÞEHÝR;ÝÇ ANADOLU;230;MJET;9;M-JET;6204;39.753518;30.564923;Emek Mah.Mamuca Köyü Ceylanlar Sok. No:3;26;13;ESKÝÞEHÝR;ODUNPAZARI;12.04.2019;Hayýr;;459;721;;;5124;;1726;1726
MJET MARMARÝS ORHANÝYE;GÜNEY EGE;230;MJET;9;M-JET;6209;36.76384085;28.1336522;Orhaniye Mah. Aþaðý Keçibükü Sok No:54/1;48;7;MUÐLA;MARMARÝS;3.05.2019;Hayýr;;256;331;;;;;1727;1727
KOZYATAÐI MACROCENTER;DOÐU MARMARA;4;MACROCENTER;9;MACROCENTER;6210;40.981267;29.083806;Atatürk Cad.Sahrayýcedit Mah.Dýþ Kapý No:44.;34;16;ÝSTANBUL;KADIKÖY;17.04.2019;Evet;;360;630;;;;;1728;1728
MJET BURSA ANKARA YOLU PO;DOÐU MARMARA;230;MJET;255;MJET-ÝSTASYON;6211;40.19213252;29.13712825;Hacývat Mah. Ankara Yolu Cad. No:463;16;3;BURSA;YILDIRIM;12.03.2019;Hayýr;;48;52;;;;;1729;1729
ÝYÝ GELECEK FESTÝVALÝ M MÝGROS;BATI MARMARA;1;MÝGROS;6;SELF SERVÝS M;6212;41.047319;28.990748;Ýstanbul Kongre Merkezi Harbiye Mah. Darülbedai Cd;34;23;ÝSTANBUL;ÞÝÞLÝ;3.04.2019;Hayýr;;43;43;Evet;;;;1730;1730
KONYAALTI EMNÝYET ANTALYA M;BATI AKDENÝZ;1;MÝGROS;6;SELF SERVÝS M;6213;36.893393;30.627155;Mollayusuf Mah.1418 Sokak A2 Blok No:2A-2B;7;18;ANTALYA;KONYAALTI;26.04.2019;Hayýr;;450;1133;;;;;1731;1731
BURSA ATA BULVARI  MM MÝGROS;GÜNEY MARMARA;1;MÝGROS;2;MM;6214;40.22018131;28.95362513;Ataevler Mah. Ata (230) Cad. NO:10A/35;16;1;BURSA;NÝLÜFER;31.05.2019;Hayýr;;760;1099;;;;;1732;1732
KENT KONUT KOCAELÝ MM MÝGROS;DOÐU MARMARA;1;MÝGROS;2;MM;6215;40.77853608;29.93739364;Topçular Mah.Gazenfer Bilge Bulv.No:172 CA;41;11;KOCAELÝ;ÝZMÝT;20.12.2019;Hayýr;;868;1162;;3;;;1733;1733
GÖLHÝSAR BURDUR M MÝGROS;BATI AKDENÝZ;1;MÝGROS;6;SELF SERVÝS M;6216;37.14738;29.51123;Pazar Mah.Cumhuriyet Cad.A Blok NO:47/01-02;15;6;BURDUR;GÖLHÝSAR;30.05.2019;Hayýr;;402;999;;;;;1734;1734
MJET DÜZCE KONURALP ÜNÝVERSÝTE;GÜNEY MARMARA;230;MJET;9;M-JET;6217;40.90059498;31.17381724;Orhangazi Mah. Konuralp 435 Sok No:16;81;0;DÜZCE;MERKEZ;24.05.2019;Hayýr;;168;273;;;;;1735;1735
MJET GERZELE DENÝZLÝ;GÜNEY EGE;230;MJET;9;M-JET;6219;37.74867;29.05541;Gerzele Mahallesi Hakký Dereköylü  Cad. No:15/A;20;20;DENÝZLÝ;MERKEZEFENDÝ;18.05.2019;Hayýr;;348;492;;;4317;;1736;1736
MJET YENÝÞEHÝR DENÝZLÝ;GÜNEY EGE;230;MJET;9;M-JET;6220;37.762865;29.03855;Yeniþehir Mah. Ziya Týkýroðlu Cad. No:55/A;20;20;DENÝZLÝ;MERKEZEFENDÝ;14.05.2019;Hayýr;;250;610;;;3692;;1737;1737
MJET URLA NEYZEN TEVFÝK ÝZMÝR;KUZEY EGE;230;MJET;9;M-JET;6221;38.356492;26.789928;Atatürk mah. Maraþel Fevzi Çakmak Cad. No :263/A;35;28;ÝZMÝR;URLA;29.03.2019;Hayýr;;190;400;;;3680;;1738;1738
MJET YENÝÞAFAK MAH. DENÝZLÝ;GÜNEY EGE;230;MJET;9;M-JET;6222;37.80210187;29.02745289;Yeniþafak Mah. 1027 Sokak No:8/A;20;20;DENÝZLÝ;MERKEZEFENDÝ;17.05.2019;Hayýr;;404;609;;;5156;;1739;1739
MJET PARK CADDESÝ ANKARA;ÝÇ ANADOLU;230;MJET;9;M-JET;6224;39.860054;32.66367;Alacatlý Mah.Park Cad. No:28/2-3;6;2;ANKARA;ÇANKAYA;5.04.2019;Hayýr;;354;506;;;5134;;1740;1740
MJET ÞÝRÝNYER FORBES;GÜNEY EGE;230;MJET;9;M-JET;6225;38.38844;27.16149;Forbes Cad. 313 Sk. No:149/A;35;3;ÝZMÝR;BUCA;27.05.2019;Hayýr;;292;514;;;4663;;1741;1741
MJET VALÝ RAHMÝ BEY BUCA ÝZMÝR;GÜNEY EGE;230;MJET;9;M-JET;6226;38.390461;27.158099;Vali Rahmibey Mah. 336 Sk. No:3;35;3;ÝZMÝR;BUCA;25.04.2019;Hayýr;;228;354;;;4707;;1742;1742
MJET BODRUM TORBA;GÜNEY EGE;230;MJET;9;M-JET;6227;37.07419572;27.45770606;Torba Mah. Rýza Anter Cad. No:78;48;1;MUÐLA;BODRUM;17.05.2019;Hayýr;;184;310;;;;;1743;1743
CADDE 75 DÝYARBAKIR MM MÝGROS;DOÐU/G.DOÐU ANADOLU;1;MÝGROS;2;MM;6228;37.926053;40.151244;Fýrat Mah. Mahabad Cad.Mega Arslan Yapý No:137/A-B;21;15;DÝYARBAKIR;KAYAPINAR;2.07.2019;Hayýr;;787;1174;;;;;1744;1744
BELEK TURÝZM BULVARI MM MÝGROS;BATI AKDENÝZ;1;MÝGROS;2;MM;6230;36.863313;31.053801;Belek Mah. 39.Sokak No:2/1-2-3-4-5-6-7;7;14;ANTALYA;SERÝK;7.08.2019;Evet;;730;1130;;3;;;1745;1745
MJET DERÝNCE DENÝZ MAH PO;DOÐU MARMARA;230;MJET;255;MJET-ÝSTASYON;6231;40.75755198;29.84044972;Deniz Mah. Hürriyet Cad. No:97;41;6;KOCAELÝ;DERÝNCE;30.04.2019;Hayýr;;78;85;;;;;1746;1746
MJET BURSA ÇEKÝRGE;GÜNEY MARMARA;230;MJET;9;M-JET;6233;40.20682679;29.01707811;Dikkaldýrým Mah.1.Deðirmen Cad. No:22/2;16;2;BURSA;OSMANGAZÝ;2.04.2019;Hayýr;;316;671;;;4421;;1748;1748
MJET YALOVA;GÜNEY MARMARA;230;MJET;9;M-JET;6234;40.65606;29.28313;Fevziçakmak Mah. Yalova Bursa Yolu Cad. No:4/A;77;0;YALOVA;MERKEZ;29.03.2019;Hayýr;;384;523;;;3475;;1749;1749
MJET ÇAMLICA BURSA;GÜNEY MARMARA;230;MJET;9;M-JET;6236;40.19442756;28.98790936;Çamlýca Mah. Lefkoþa Cad. No:128 B-A;16;1;BURSA;NÝLÜFER;2.04.2019;Hayýr;;300;661;;;5714;;1750;1750
MJET FULYA ÝSTANBUL;BATI MARMARA;230;MJET;9;M-JET;6237;41.057992;28.993779;19 Mayýs Mah. 19 Mayýs Cad. UBM Plaza No:37/B;34;23;ÝSTANBUL;ÞÝÞLÝ;27.03.2019;Hayýr;;242;345;;;4876;;1751;1751
MJET NG SAPANCA BEDESTEN AVM;GÜNEY MARMARA;230;MJET;9;M-JET;6239;40.68920684;30.23821692;Çayiçi Mah.Ýzmit Cad.No:160/5 A-B Blok;54;11;SAKARYA;SAPANCA;30.04.2019;Hayýr;;480;914;;;5145;;1752;1752
MJET OKSÝJEN 3 SHOPÝNN KOCAELÝ;DOÐU MARMARA;230;MJET;9;M-JET;6241;40.774215;29.519359;Diliskelesi Mah 735 Sokak No:50;41;10;KOCAELÝ;DÝLOVASI;16.04.2019;Hayýr;;338;950;;;5100;;1753;1753
MJET 100.YIL TEKÝRDAÐ;BATI MARMARA;230;MJET;9;M-JET;6243;40.9727;27.4936;100. Yýl Mahallesi Volkan Sokak No:1/1A;59;11;TEKÝRDAÐ;SÜLEYMANPAÞA;10.04.2019;Hayýr;;369;538;;;4154;;1754;1754
MJET BAHABEY ÇORUM;ÝÇ ANADOLU;230;MJET;9;M-JET;6244;40.549446;34.965362;Bahçelievler Mah. Bahabey Cad. No:27/F;19;0;ÇORUM;MERKEZ;16.04.2019;Hayýr;;330;418;;;4290;;1755;1755
MJET BAYKALLAR TEKÝRDAÐ;BATI MARMARA;230;MJET;9;M-JET;6245;40.978979;27.533594;Hürriyet Mah. Fatih Sultan Mehmet Bul. No:20/1;59;11;TEKÝRDAÐ;SÜLEYMANPAÞA;12.04.2019;Hayýr;;432;759;;;3254;;1756;1756
MJET YILDIZTEPE ESKÝÞEHÝR;ÝÇ ANADOLU;230;MJET;9;M-JET;6246;39.753137;30.507751;Yýldýztepe Mah. Halk Cad. No:120/A;26;13;ESKÝÞEHÝR;ODUNPAZARI;19.04.2019;Hayýr;;259;482;;;5198;;1757;1757
SAMANDAÐ HATAY M MIGROS;DOÐU AKDENÝZ;1;MÝGROS;6;SELF SERVÝS M;6251;36.087556;35.970756;Çiðdede Mah. Sivas Þehitler Cad. No:158/A;31;10;HATAY;SAMANDAÐ;11.07.2019;Hayýr;;488;732;;;;;1758;1758
GÜNDOÐAN BODRUM MACROCENTER;GÜNEY EGE;4;MACROCENTER;9;MACROCENTER;6253;37.129616;27.343728;Þehit Uður Öztop Cad. No:16/1 Gündoðan Mah;48;1;MUÐLA;BODRUM;17.05.2019;Evet;;510;1360;;1;5671;;1759;1759
MJET ZONGULDAK TEPEBAÞI;ÝÇ ANADOLU;230;MJET;9;M-JET;6254;41.462483;31.801098;Tepebaþý Mah.Taþocaðý Sokak No:20/12;67;0;ZONGULDAK;MERKEZ;7.05.2019;Hayýr;;333;518;;;5803;;1760;1760
MJET KUÞADASI TÜRKMEN MAH;GÜNEY EGE;230;MJET;9;M-JET;6255;37.87229887;27.26880882;Türkmen Mah. HasanReis Bulv. Apt No:48/AA;9;11;AYDIN;KUÞADASI;17.05.2019;Hayýr;;206;274;;;;;1761;1761
GÖRÜKLE ATATÜRK BULVARI M;DOÐU MARMARA;1;MÝGROS;6;SELF SERVÝS M;6256;40.22691882;28.84445843;Dumlupýnar Mah.Atatürk Bulv No:7B-7C Blok No:40-41;16;1;BURSA;NÝLÜFER;6.09.2019;Hayýr;;294;494;;;;;1762;1762
BLUE LAKE KÜÇÜKÇEKMECE M;BATI MARMARA;1;MÝGROS;6;SELF SERVÝS M;6257;40.99302409;28.76856811;Fatih Mah.Profesör Doktor Aziz Sancar Cad. No:23;34;19;ÝSTANBUL;KÜÇÜKÇEKMECE;27.12.2019;Hayýr;;421;1234;;;;;1763;1763
MJET BUCAK HASTANE BURDUR;BATI AKDENÝZ;230;MJET;9;M-JET;6258;37.473014;30.565548;Yetmiþevler Mah.  2493 Sokak No:8/211;15;3;BURDUR;BUCAK;18.07.2019;Hayýr;;237;403;;;;;1764;1764
MJET ÝKÝTELLÝ ÝSTANBUL;BATI MARMARA;230;MJET;9;M-JET;6261;41.068157;28.811216;Ýkitelli Org.San.Böl.Atatürk Bulv .No:1/1;34;35;ÝSTANBUL;BAÞAKÞEHÝR;25.04.2019;Hayýr;;537;1001;;;3300;;1765;1765
ÇÝVRÝL DENÝZLÝ M MÝGROS;GÜNEY EGE;1;MÝGROS;5;SERVÝS REYONLU M;6262;38.2988;29.741;Çatlar Mah. Rauf Denktaþ Cad No:160;20;12;DENÝZLÝ;ÇÝVRÝL;21.05.2020;Hayýr;;416;650;;;;;1766;1766
ÝNCÝLÝPINAR GAZÝANTEP M MÝGROS;DOÐU AKDENÝZ;1;MÝGROS;6;SELF SERVÝS M;6263;37.068939;37.370378;ÝnciliPýnar Mah. Prf.Muammer Aksoy Blv. No:28/A;27;2;GAZÝANTEP;ÞEHÝTKAMÝL;2.08.2019;Hayýr;;554;765;;;;;1767;1767
BATMAN ÇAMLITEPE M MÝGROS;DOÐU/G.DOÐU ANADOLU;1;MÝGROS;5;SERVÝS REYONLU M;6264;37.912433;41.153008;Tilmerc Mah.Sosin Cad. 23/A;72;0;BATMAN;MERKEZ;7.08.2019;Hayýr;;683;1076;;;;;1768;1768
MJET KEÞAN YAYLA;BATI MARMARA;230;MJET;9;M-JET;6265;40.60822728;26.38301956;Yayla Mah. Limon Cad. No:54L-8;22;4;EDÝRNE;KEÞAN;29.05.2019;Hayýr;;256;539;Evet;;;;1769;1769
MJET YENÝKÖY;BATI MARMARA;230;MJET;9;M-JET;6273;41.117926;29.065046;Yeniköy Mahallesi Köybaþý Caddesi No: 150 A/1;34;22;ÝSTANBUL;SARIYER;5.07.2019;Hayýr;;171;287;;;;;1770;1770
GÜZELBAHÇE ÝZMÝR MACROCENTER;KUZEY EGE;4;MACROCENTER;9;MACROCENTER;6275;38.35832756;26.87457205;Kahramandere Mah.Ata Cad.No:52E;35;6;ÝZMÝR;GÜZELBAHÇE;6.09.2019;Evet;;875;1347;;1;;;1771;1771
SANTRA ANKARA MMM MÝGROS;ÝÇ ANADOLU;1;MÝGROS;3;MMM;6281;39.884672;32.698772;Çayyolu Mah. 2673 Cad. No:8/A-B;6;2;ANKARA;ÇANKAYA;28.02.2020;Evet;;2079;2605;;;;;1773;1773
VADÝSTANBUL PARK M MÝGROS;BATI MARMARA;1;MÝGROS;5;SERVÝS REYONLU M;6282;41.109462;28.98689;Ayazaða Mah.Kemerburgaz Cad. 1D apt No:7 G/1;34;22;ÝSTANBUL;SARIYER;12.06.2019;Hayýr;;623;834;;;;;1774;1774
ÝSMAÝL CEM CADDESÝ ANTALYA M;BATI AKDENÝZ;1;MÝGROS;5;SERVÝS REYONLU M;6283;36.8794;30.734369;Meydan Kavþaðý Mah. Ýsmail Cem Cad. No:50/A-B;7;19;ANTALYA;MURATPAÞA;26.07.2019;Hayýr;;418;792;;;;;1775;1775
MJET YENÝÞAKRAN ALÝAÐA;KUZEY EGE;230;MJET;9;M-JET;6285;38.8926;27.0651;Yeniþakran Mah. Þair Namýk Kemal Cad. No:131/C;35;10;ÝZMÝR;ALÝAÐA;7.08.2019;Hayýr;;273;576;;;;;1777;1777
HEMEN BESA KARÝNA MÝGROS;ÝÇ ANADOLU;1;MÝGROS;4;E-TÝCARET;6286;39.857277;32.645617;Yaþamkent Mah. 3222. Cad. No:29/A;6;2;ANKARA;ÇANKAYA;13.05.2019;Hayýr;;105;105;;1;;;1778;1778
HEMEN ÝNCÝRALTI MÝGROS;KUZEY EGE;1;MÝGROS;4;E-TÝCARET;6287;38.39709;27.02482;Ýnciraltý Mah.Mustafa Kemal Sahil Bulvarý Sok;35;1;ÝZMÝR;BALÇOVA;14.05.2019;Hayýr;;167;167;;;;;1779;1779
HEMEN PARK MAVÝÞEHÝR MÝGROS;KUZEY EGE;1;MÝGROS;4;E-TÝCARET;6288;38.4743781;27.08358963;Yalý Mahallesi Ahmet Kemal Baysak Bulvarý No: 8/A;35;7;ÝZMÝR;KARÞIYAKA;13.05.2019;Hayýr;;146;146;;1;;;1780;1780
HEMEN TAURUS AVM ANKARA MÝGROS;ÝÇ ANADOLU;1;MÝGROS;4;E-TÝCARET;6289;39.887878;32.811892;Ýþçi Bloklarý Mah. Mevlana Bulvarý No: 190 B-1;6;2;ANKARA;ÇANKAYA;14.05.2019;Hayýr;;121;121;;1;;;1781;1781
HEMEN ÝSTÝNYE MÝGROS;BATI MARMARA;1;MÝGROS;4;E-TÝCARET;6291;41.116324;29.049965;Ýstinye Mah. Çayýr Cad. No:65;34;22;ÝSTANBUL;SARIYER;13.05.2019;Hayýr;;140;140;;;;;1782;1782
HEMEN METRO CITY MÝGROS;BATI MARMARA;1;MÝGROS;4;E-TÝCARET;6293;41.076015;29.012087;Büyükdere Cad.NO:171 Metro City AVM Levent Mah;34;7;ÝSTANBUL;BEÞÝKTAÞ;15.05.2019;Hayýr;;140;140;;;;;1783;1783
HEMEN KARTAL ATALAR ÝSTANBUL;DOÐU MARMARA;1;MÝGROS;4;E-TÝCARET;6294;40.898414;29.165086;Kumlar Cad. NO:8;34;18;ÝSTANBUL;KARTAL;21.05.2019;Hayýr;;120;120;;;;;1784;1784
HEMEN ELTES MÝGROS;DOÐU MARMARA;1;MÝGROS;4;E-TÝCARET;6295;41.012072;29.180001;Madenler Mah. Þehit Ünal Kalafat Cad. No:32/23-44;34;25;ÝSTANBUL;ÜMRANÝYE;21.05.2019;Hayýr;;124;124;;;;;1785;1785
BAYBURT 1071 MM MÝGROS;KARADENÝZ/KUZEYD.AND;1;MÝGROS;2;MM;6298;40.246189;40.234358;Turgut Özal Blv. Genç Osman Mah. No:738;69;0;BAYBURT;MERKEZ;19.07.2019;Evet;;679;901;;;;;1786;1786
TOPTAN DÝYARBAKIR;DOÐU/G.DOÐU ANADOLU;231;TOPTAN SATIÞ;230;TOPTAN SATIÞ;6302;37.920805;40.232905;Yeniþehir Mah. Elazýð Bulvarý No:12;21;17;DÝYARBAKIR;YENÝÞEHÝR;28.06.2019;Hayýr;;820;1130;;;;;1788;1788
ATAÞEHÝR DARKSTORE MÝGROS;DOÐU MARMARA;1;MÝGROS;4;E-TÝCARET;6303;40.990093;29.140565;Atatürk Mah. Atapark Cad. Trendist Ataþehir No:3LC;34;34;ÝSTANBUL;ATAÞEHÝR;10.06.2019;Evet;;1207;1207;;3;;;1789;1789
MJET AMASRA BARTIN;ÝÇ ANADOLU;230;MJET;9;M-JET;6304;41.747146;32.386745;Kum Mah. Amiral Celal Eyiceoðlu Cad No:19-21A;74;1;BARTIN;AMASRA;21.06.2019;Hayýr;;182;252;;;;;1790;1790
ÇEKMEKÖY MACROCENTER;DOÐU MARMARA;4;MACROCENTER;9;MACROCENTER;6305;41.035042;29.174773;Oðuzhan Cad. Merkez Mah. No:3;34;37;ÝSTANBUL;ÇEKMEKÖY;27.09.2019;Evet;;880;1370;;;;;1791;1791
NEV ÇARÞI ÝSTANBUL MM MÝGROS;DOÐU MARMARA;1;MÝGROS;2;MM;6306;41.020851;29.019057;Mimar SÝnan Mah.Çavuþdere Cad. No:35/4;34;26;ÝSTANBUL;ÜSKÜDAR;26.12.2019;Evet;;648;877;;;;;1792;1792
TECE MERKEZ MERSÝN M MÝGROS;DOÐU AKDENÝZ;1;MÝGROS;5;SERVÝS REYONLU M;6307;36.700588;34.451606;Tece Mah. G.M.K Bulvarý No:1332/A;33;11;MERSÝN;MEZÝTLÝ;19.07.2019;Hayýr;;555;969;;;;;1793;1793
TÜRKBÜKÜ BODRUM M MÝGROS;GÜNEY EGE;1;MÝGROS;6;SELF SERVÝS M;6309;37.12950362;27.37450605;Türkbükü Mah. 89. Sokak No: 3/2;48;1;MUÐLA;BODRUM;11.06.2019;Hayýr;;348;467;;;4179;;1794;1794
MJET ISPARTA BATIKENT PO;BATI AKDENÝZ;230;MJET;255;MJET-ÝSTASYON;6311;37.774938;30.512238;Muzaffer Türkeþ Mah. 221.Cadde No:176;32;0;ISPARTA;MERKEZ;28.06.2019;Hayýr;;178;194;;;;;1795;1795
HALÝTPAÞA ERZÝNCAN M MÝGROS;KARADENÝZ/KUZEYD.AND;1;MÝGROS;5;SERVÝS REYONLU M;6313;39.747192;39.487003;Ýnönü Mah. Halitpaþa Cad. No:24/A;24;0;ERZÝNCAN;MERKEZ;8.08.2019;Hayýr;;479;1140;;;;;1796;1796
MJET DUDULLU OSB;DOÐU MARMARA;230;MJET;256;MJET-PLAZA;6314;41.000664;29.182716;Dudullu Osb Mah. Des 1.Cad. No:4;34;25;ÝSTANBUL;ÜMRANÝYE;5.12.2019;Hayýr;;72;144;;;;;1797;1797
MJET GÖLCÜK YÜZBAÞILAR PO;DOÐU MARMARA;230;MJET;255;MJET-ÝSTASYON;6315;40.71779901;29.79487522;Topçular Mah. Devlet Karayolu (D130) Cad. No:81;41;2;KOCAELÝ;GÖLCÜK;9.08.2019;Hayýr;;36;36;;;;;1798;1798
BAHÇEKENT FLORA MM MÝGROS;BATI MARMARA;1;MÝGROS;2;MM;6316;41.09255958;28.64628955;Baþakþehir 2.Kýsým Menderes Bulv.nO:30 A/7;34;35;ÝSTANBUL;BAÞAKÞEHÝR;11.10.2019;Hayýr;;750;1061;;;;;1799;1799
NOVACÝTY AVM ERDEMLÝ MERSÝN M;DOÐU AKDENÝZ;1;MÝGROS;5;SERVÝS REYONLU M;6317;36.605055;34.308551;Merkez mah. Alparslan Türkeþ Bulvarý No:541/2;33;5;MERSÝN;ERDEMLÝ;16.06.2020;Hayýr;;620;957;;;;;1800;1800
MURATPAÞA MEVLANA ANTALYA MMM;BATI AKDENÝZ;1;MÝGROS;3;MMM;6318;36.900567;30.716481;Yenigün Mah.Kýzýlýrmak Cad. A1-A2 Blok No:22/1D-22;7;19;ANTALYA;MURATPAÞA;20.12.2019;Hayýr;;1063;2652;;3;;;1801;1801
VATAN CADDESÝ MEZÝTLÝ MERSÝN M;DOÐU AKDENÝZ;1;MÝGROS;6;SELF SERVÝS M;6319;36.744261;34.518651;Merkez Mah. Vatan Cad. No:17/A;33;11;MERSÝN;MEZÝTLÝ;13.03.2020;Hayýr;;632;1624;;;;;1802;1802
MJET NEVÞEHÝR AVANOS;DOÐU AKDENÝZ;230;MJET;9;M-JET;6320;38.715083;34.844083;Bahçelievler Mah. Mithat Dülge Cad. No:1/2;50;2;NEVÞEHÝR;AVANOS;8.08.2019;Hayýr;;161;285;;;;;1803;1803
PENDÝK CEBECÝ MM MÝGROS;DOÐU MARMARA;1;MÝGROS;2;MM;6326;40.877163;29.245602;Aydýnlýyolu Cad. Doðu Mah. No:87/41;34;21;ÝSTANBUL;PENDÝK;23.12.2019;Hayýr;;771;1239;;;;;1804;1804
EFFECT MACROCENTER;ÝÇ ANADOLU;4;MACROCENTER;9;MACROCENTER;6327;39.845391;32.827481;Oran Mah. Zülfü Tigrel Cad. No:1/A;6;2;ANKARA;ÇANKAYA;28.11.2019;Evet;;520;580;;;;;1805;1805
KUMRU MACROCENTER;ÝÇ ANADOLU;4;MACROCENTER;9;MACROCENTER;6328;39.876447;32.861178;Yýldýzevler Mah. 714.Sokak No:6A;6;2;ANKARA;ÇANKAYA;16.01.2020;Evet;;560;1000;;;;;1806;1806
ANTAKYA MMM MÝGROS;DOÐU AKDENÝZ;1;MÝGROS;3;MMM;633;36.23041;36.16496;Odabaþý Mahallesi Kanguru Sokak No:3/1;31;12;HATAY;ANTAKYA;27.03.1998;Hayýr;70;1588;2020;;59;;;1808;1808
HEMEN GÖKTÜRK MÝGROS;BATI MARMARA;1;MÝGROS;4;E-TÝCARET;6331;41.180798;28.891076;Cumhuriyet Cad.No:10 Göktürk Mah;34;12;ÝSTANBUL;EYÜPSULTAN;7.08.2019;Hayýr;;151;151;;;;;1809;1809
HEMEN IHLAMUR MÝGROS;BATI MARMARA;1;MÝGROS;4;E-TÝCARET;6333;41.0499693;29.0012649;Türkeli Mah.Ihlamur Dere Cad.No:178-179;34;7;ÝSTANBUL;BEÞÝKTAÞ;7.08.2019;Hayýr;;102;102;;;;;1810;1810
ALACAATLI ANKARA MMM MÝGROS;ÝÇ ANADOLU;1;MÝGROS;3;MMM;6334;39.863993;32.682405;Prof.Dr.Ahmet Taner Kýþlalý Mah.No:36/B-C-D-E-F-G;6;2;ANKARA;ÇANKAYA;18.10.2019;Evet;;1382;2015;;1,3;;;1811;1811
KADIKÖY 216 MM MÝGROS;DOÐU MARMARA;1;MÝGROS;2;MM;6335;40.994958;29.058609;Dumlupýnar Mah Sümbül Sokak 2A-2B/177;34;16;ÝSTANBUL;KADIKÖY;22.08.2019;Hayýr;;1042;1364;;;5827;;1812;1812
GÜZELYURT ANAMUR MERSÝN M;BATI AKDENÝZ;1;MÝGROS;5;SERVÝS REYONLU M;6336;36.059961;32.848947;Güzelyurt Mah.Mehmet Afif Ersoy Cad. No:83/1;33;1;MERSÝN;ANAMUR;30.08.2019;Hayýr;;425;764;;;5111;;1813;1813
FLORYA KAÞIBEYAZ MMM MÝGROS;BATI MARMARA;1;MÝGROS;3;MMM;6337;40.976186;28.804016;Þenlik Mah. Çatal Sok. No:19/1 Florya;34;5;ÝSTANBUL;BAKIRKÖY;24.10.2019;Evet;;1736;2087;;;;;1814;1814
LARA MACROCENTER;BATI AKDENÝZ;4;MACROCENTER;9;MACROCENTER;6338;36.857305;30.738774;Þirinyalý Mah. Lara Cad. No:135/A-B-C;7;19;ANTALYA;MURATPAÞA;15.11.2019;Hayýr;;350;700;;;;;1815;1815
MJET BURSA ÞEHÝR HASTANESÝ;GÜNEY MARMARA;230;MJET;256;MJET-PLAZA;6340;40.26950431;28.9089029;Doðanköy Mah.Gümüþ Cad.No:10;16;1;BURSA;NÝLÜFER;27.08.2019;Hayýr;;130;162;;;;;1816;1816
ÇAÐDAÞKENT MH.MERSÝN MM;DOÐU AKDENÝZ;1;MÝGROS;2;MM;6341;36.834169;34.612517;Çaðdaþkent Mah. 229.Cad No:1;33;12;MERSÝN;TOROSLAR;10.10.2019;Evet;;820;1914;;;;;1817;1817
MJET AYVALIK PO;KUZEY EGE;230;MJET;255;MJET-ÝSTASYON;6342;39.33167416;26.7146505;150 EVLER Mah. ATATÜRK Bul. PETROL OFISI Apt. No:;10;1;BALIKESÝR;AYVALIK;27.09.2019;Hayýr;;81;93;;;;;1818;1818
MJET Ý.Ü.CERRAHPAÞA AVCILAR;BATI MARMARA;230;MJET;256;MJET-PLAZA;6343;40.989842;28.724971;Üniversite Mah.Baðlariçi Cad. No:2/24;34;2;ÝSTANBUL;AVCILAR;24.01.2020;Hayýr;;166;225;;;;;1819;1819
MJET Ý.Ü CERRAHPAÞA B.ÇEKMECE;BATI MARMARA;230;MJET;256;MJET-PLAZA;6344;41.090737;28.620318;Alkent 2000 Mah.Yiðittürk Cad.No:5/10;34;28;ÝSTANBUL;BÜYÜKÇEKMECE;10.02.2020;Hayýr;;94;111;;;;;1820;1820
KÜLTÜR MAHALLESÝ DÜZCE MMM;GÜNEY MARMARA;1;MÝGROS;3;MMM;6345;40.841096;31.142671;Kültür Mah.721. Sokak No:2;81;0;DÜZCE;MERKEZ;15.05.2020;Evet;;1565;1964;;3;;;1821;1821
DR SADIK AHMET BULV. ADANA MM;DOÐU AKDENÝZ;1;MÝGROS;2;MM;6346;37.051187;35.25079;Yüzüncüyýl Mah.Dr. Sadýk Ahmet Blv.No: 91/M F/Blok;1;15;ADANA;ÇUKUROVA;20.12.2019;Hayýr;;705;1536;;3;;;1822;1822
SAMSUN CITY MALL AVM SAMSUN MM;KARADENÝZ/KUZEYD.AND;1;MÝGROS;2;MM;6350;41.335894;36.273383;Mimar Sinan Mah. Alparslan Bulv. No:1;55;15;SAMSUN;ATAKUM;10.01.2020;Evet;;885;1351;;;;;1823;1823
DENÝZ ÝSTANBUL KOCATEPE M;BATI MARMARA;1;MÝGROS;6;SELF SERVÝS M;6353;40.97362656;28.65657338;Marmara Mah. Ulusum Cad. No:4/38/1-2-3-4-5;34;36;ÝSTANBUL;BEYLÝKDÜZÜ;27.12.2019;Hayýr;;526;1092;;;;;1824;1824
YEÞÝLKÖY ÇARÞI M MÝGROS;BATI MARMARA;1;MÝGROS;5;SERVÝS REYONLU M;6355;40.958637;28.821688;Yeþilköy Mah. Ýstasyon Cad. No:46/A;34;5;ÝSTANBUL;BAKIRKÖY;27.12.2019;Hayýr;;397;722;;;;;1825;1825
DÖÞEMEALTI TOKÝ ANTALYA M;BATI AKDENÝZ;1;MÝGROS;5;SERVÝS REYONLU M;6356;37.048034;30.617063;Çýplaklý Mh.Fatih Sultan Mehmet Cd. No:238/A-B-C-D;7;16;ANTALYA;DÖÞEMEALTI;5.06.2020;Hayýr;;637;897;;;;;1826;1826
ADANA 01 BURDA MMM MÝGROS;DOÐU AKDENÝZ;1;MÝGROS;3;MMM;6357;36.993581;35.307869;Ahmet Remzi Yüreðir Mh.Erdal Acet Cd.No:1/1;1;1;ADANA;SEYHAN;14.11.2019;Evet;;1783;2741;;1;;;1827;1827
MJET PENDÝK GARANTÝ PLAZA;DOÐU MARMARA;230;MJET;256;MJET-PLAZA;6358;40.8684758;29.2770899;Çamçeþme Mah.Tersane Cad.No:15;34;21;ÝSTANBUL;PENDÝK;4.11.2019;Hayýr;;60;82;;;;;1828;1828
NARLIDERE DEMOKRASÝ MEYDANI M;KUZEY EGE;1;MÝGROS;6;SELF SERVÝS M;6359;38.3939;27.0099;Çamtepe Mahallesi Pazar Sok. No:1, 1A,1B;35;9;ÝZMÝR;NARLIDERE;30.10.2019;Hayýr;;523;898;;;;;1829;1829
MÝGROS DERÝNCE KARGO OPERASYON;DOÐU MARMARA;1;MÝGROS;4;E-TÝCARET;6360;40.7589;29.8496;Deniz Mah. Ergenekon Cd. No: 2;41;6;KOCAELÝ;DERÝNCE;18.10.2019;Hayýr;;2835;2835;;;;;1830;1830
KURTKÖY LENS AVM MM MÝGROS;DOÐU MARMARA;1;MÝGROS;2;MM;6361;40.927328;29.310922;Kurtköy Yeniþehir Mah.Millet Cad.No:34F 4/5;34;21;ÝSTANBUL;PENDÝK;27.12.2019;Hayýr;;1079;2212;;3;;;1831;1831
HEMEN ÞÝÞLÝ GOLDEN PLAZA;BATI MARMARA;1;MÝGROS;4;E-TÝCARET;6365;41.061864;28.989331;19 Mayýs Mah. 9 Mayýs Cad. NO:1;34;23;ÝSTANBUL;ÞÝÞLÝ;11.11.2019;Hayýr;;85;85;;;;;1832;1832
MJET ZONGULDAK EREÐLÝ;ÝÇ ANADOLU;230;MJET;9;M-JET;6367;41.280293;31.422218;Müftü Mah. Hamam Arasý Sok No:10;67;4;ZONGULDAK;EREÐLÝ;29.11.2019;Hayýr;;314;373;;;;;1833;1833
HARBÝYE ÞÝÞLÝ M MÝGROS;BATI MARMARA;1;MÝGROS;6;SELF SERVÝS M;6368;41.048124;28.987212;Ergenekon Mah. Cumhuriyet Cad NO:201/A-B;34;23;ÝSTANBUL;ÞÝÞLÝ;26.12.2019;Hayýr;;343;655;;;;;1834;1834
CASABA ANTALYA M MÝGROS;BATI AKDENÝZ;1;MÝGROS;5;SERVÝS REYONLU M;6369;36.864956;30.623603;Gürsu Mah. 355.Sokak N Blok No:15;7;18;ANTALYA;KONYAALTI;27.12.2019;Hayýr;;528;875;;;;;1835;1835
ÝNÖNÜ CADDESÝ ÇANAKKALE M;GÜNEY MARMARA;1;MÝGROS;5;SERVÝS REYONLU M;6370;40.15278978;26.41004085;Cevatpaþa Mah. Ýnönü Cad. No:43 A Blok;17;0;ÇANAKKALE;MERKEZ;22.11.2019;Hayýr;;482;632;;;;;1836;1836
MANZARA ADALAR KARTAL M MÝGROS;DOÐU MARMARA;1;MÝGROS;5;SERVÝS REYONLU M;6371;40.897068;29.198155;Karlýktepe Mah. Yakacýk Cad. No:67/C 1 F Blok;34;18;ÝSTANBUL;KARTAL;6.12.2019;Hayýr;;575;730;;;;;1837;1837
MJET BURSA ULUDAÐ ZÝRVE;GÜNEY MARMARA;230;MJET;9;M-JET;6373;40.1038306;29.13221807;Kirazlý Mah Uludað Oteller Bölgesi No:19;16;2;BURSA;OSMANGAZÝ;14.11.2019;Hayýr;;203;248;Evet;;;;1838;1838
HEMEN BORNOVA MÝGROS;KUZEY EGE;1;MÝGROS;4;E-TÝCARET;6374;38.458434;27.236523;Ankara Cad. No:180;35;2;ÝZMÝR;BORNOVA;7.11.2019;Hayýr;;142;142;;1;;;1839;1839
HEMEN G.O.PAÞA ANKARA MÝGROS;ÝÇ ANADOLU;1;MÝGROS;4;E-TÝCARET;6375;39.893888;32.877499;Uður Mumcu Cad. Büyükesat Mah No:66;6;2;ANKARA;ÇANKAYA;7.11.2019;Hayýr;;92;92;;1;;;1840;1840
MÝTHATPAÞA ADANA M MÝGROS;DOÐU AKDENÝZ;1;MÝGROS;7;M ANADOLU;6376;37.003831;35.311958;Mithatpaþa Mah. Aplarslan Türkeþ Bulv. No:4A;1;1;ADANA;SEYHAN;28.07.2020;Hayýr;;455;807;;;;;1841;1841
MJET BÝTEZ BODRUM;GÜNEY EGE;230;MJET;9;M-JET;6377;37.042485;27.378473;Bitez Mah. Atatürk Bulv. No:44;48;1;MUÐLA;BODRUM;30.04.2020;Hayýr;;183;247;;;;;1842;1842
MJET KAMÝL TUNCA BORNOVA;KUZEY EGE;230;MJET;9;M-JET;6378;38.431061;27.193992;Tuna Mahallesi  Kamil Tunca Bulvarý No :170;35;2;ÝZMÝR;BORNOVA;24.01.2020;Hayýr;;313;441;;3;;;1843;1843
MJET KIZILBURUN CAD BODRUM;GÜNEY EGE;230;MJET;9;M-JET;6379;37.147841;27.34108;Gündoðan Mah. Kýzýlburun Cad. No:112/A-1;48;1;MUÐLA;BODRUM;17.04.2020;Hayýr;;272;338;;;;;1844;1844
BALATÇIK ÇÝÐLÝ ÝZMÝR M;KUZEY EGE;1;MÝGROS;6;SELF SERVÝS M;6380;38.521592;27.044426;Balatçýk Mah. 8790/5 Sokak No: 12A-12B;35;4;ÝZMÝR;ÇÝÐLÝ;29.06.2020;Hayýr;;687;1658;;;;;1845;1845
MJET YENÝBOSNA FREE STAR PO;BATI MARMARA;230;MJET;255;MJET-ÝSTASYON;6381;41.011596;28.817677;Yenibosna Merkez Mah. 29 Ekim Cad. No:27;34;4;ÝSTANBUL;BAHÇELÝEVLER;5.12.2019;Hayýr;;20;83;;;;;1846;1846
ALYANS MUTLUKENT MM MÝGROS;DOÐU MARMARA;1;MÝGROS;2;MM;6385;40.829835;29.417188;Akse Mah. Karasu Cad. No:28/A;41;8;KOCAELÝ;ÇAYIROVA;24.12.2019;Hayýr;;949;1508;;3;;;1847;1847
HEMEN SOYAK MÝGROS;DOÐU MARMARA;1;MÝGROS;4;E-TÝCARET;6386;40.99993;29.07287;Ünalan Mah. Libadiye Cad. Soyak Sit. Giriþ;34;26;ÝSTANBUL;ÜSKÜDAR;19.11.2019;Hayýr;;100;100;;1;;;1848;1848
MJET PENDÝK TEKNOPARK;DOÐU MARMARA;230;MJET;9;M-JET;6388;40.918781;29.313329;Sanayi Mah. Teknopark Blv. NO:1/6A/Z11;34;21;ÝSTANBUL;PENDÝK;13.12.2019;Hayýr;;230;331;;;;;1849;1849
ERCÝYES BULVARI KAYSERÝ MM;DOÐU AKDENÝZ;1;MÝGROS;2;MM;6389;38.710119;35.495613;"Esenyurt Mah. Erciyes Bulv. No;:10";38;2;KAYSERÝ;MELÝKGAZÝ;20.12.2019;Hayýr;;991;3636;;3;;;1850;1850
SANCAKTEPE ÇAMSANPARK AVM MM;DOÐU MARMARA;1;MÝGROS;2;MM;6390;41.007756;29.200197;Sarý Gazi Mah. Atatürk Cad. No:16;34;39;ÝSTANBUL;SANCAKTEPE;25.08.2020;Hayýr;;767;1046;;;;;1851;1851
YENÝ BATI ANKARA MM MÝGROS;ÝÇ ANADOLU;1;MÝGROS;2;MM;6392;39.980933;32.663514;Yeni Batý Mah. Necip Fazýl Cad. No:13F/F-G-H;6;8;ANKARA;YENÝMAHALLE;27.02.2020;Hayýr;;856;1223;;1;;;1852;1852
MJET BURSA ÖZLÜCE ABDÝ ÝPEKÇÝ;GÜNEY MARMARA;230;MJET;9;M-JET;6393;40.224457;28.921901;Altýnþehir Mah.Abdi Ýpekçi Cad. No:2/A;16;1;BURSA;NÝLÜFER;17.01.2020;Hayýr;;328;513;;;;;1853;1853
MJET ÞEHÝR HASTANESÝ KAYSERÝ;DOÐU AKDENÝZ;230;MJET;9;M-JET;6395;38.768338;35.409321;Þeker Mah.Muhsin Yazýcýoðlu Bulv.NO:77;38;1;KAYSERÝ;KOCASÝNAN;20.12.2019;Hayýr;;52;73;;;;;1854;1854
MJET YENÝFOÇA ÝZMÝR CADDESÝ;KUZEY EGE;230;MJET;9;M-JET;6396;38.739648;26.836604;Fevzi Çakmak Mah.Ýzmir Caddesi Akar sok No:3;35;16;ÝZMÝR;FOÇA;26.06.2020;Hayýr;;245;526;;;;;1855;1855
VARYANT BORNOVA M;KUZEY EGE;1;MÝGROS;6;SELF SERVÝS M;6397;38.442569;27.197608;Rafetpaþa Mah. Yýldýrým Beyazýt Cad. 5072 Sokak;35;2;ÝZMÝR;BORNOVA;26.11.2021;Hayýr;;558;1007;;;;9893;1856;1856
MJET ANKARA KAÞMÝR GÖLEVLERÝ;ÝÇ ANADOLU;230;MJET;9;M-JET;6398;39.995237;32.644082;Göksu Mah.2.Ýnönü Cad.No: 4/F Blok 1 Nolu Dükkan;6;3;ANKARA;ETÝMESGUT;19.12.2019;Hayýr;;209;254;;;;;1857;1857
GÖZTEPE ÝSTANBUL MM MÝGROS;DOÐU MARMARA;1;MÝGROS;2;MM;6399;40.977948;29.065626;Göztepe Mah. Tütüncü Mehmet Efendi cad No:59-A;34;16;ÝSTANBUL;KADIKÖY;7.05.2020;Evet;;750;1401;;3;;;1858;1858
MJET ADNAN MENDERES BERGAMA;KUZEY EGE;230;MJET;9;M-JET;6400;39.108674;27.179388;Fatih Mah. Adnan Menderes Bulv. No:100;35;12;ÝZMÝR;BERGAMA;28.02.2020;Hayýr;;318;436;;;;;1859;1859
MJET CENGÝZ TOPEL ALÝAÐA ÝZMÝR;KUZEY EGE;230;MJET;9;M-JET;6401;38.789732;26.980301;Yeni Mah.Cengiz Topel Cad.No.36A,36B,36C;35;10;ÝZMÝR;ALÝAÐA;18.03.2020;Hayýr;;291;381;;;;;1860;1860
CUMHURÝYET BULVARI MÝDYAT M;DOÐUAKDENZ/GÜNEYDOÐU;1;MÝGROS;5;SERVÝS REYONLU M;6403;37.41577324;41.36994271;Gölcük Mah. Cumhuriyet Bulvarý No:178/B;47;5;MARDÝN;MÝDYAT;13.02.2020;Hayýr;;489;887;;;;;1861;1861
MJET KARTALTEPE BAKIRKÖY;BATI MARMARA;230;MJET;9;M-JET;6404;40.984861;28.87839;Kartaltepe Mah. Koþuyolu Sok. No:2A-2B;34;5;ÝSTANBUL;BAKIRKÖY;6.03.2020;Hayýr;;240;384;;;;;1862;1862
KIZILTEPE HASTANE CADDESÝ M;DOÐU/G.DOÐU ANADOLU;1;MÝGROS;5;SERVÝS REYONLU M;6405;37.190662;40.593933;Cumhuriyet Mah. Hastane Cad. Beþer Apt;47;3;MARDÝN;KIZILTEPE;13.02.2020;Hayýr;;759;1596;;;;;1863;1863
KIZILAY CADDESÝ GÖNEN M MÝGROS;GÜNEY MARMARA;1;MÝGROS;6;SELF SERVÝS M;6407;40.110122;27.657182;Kurtuluþ Mah. Kýzýlay Cad No:58;10;10;BALIKESÝR;GÖNEN;4.02.2020;Evet;;263;590;;;;;1864;1864
GELÝNCÝK SÝNOP M MÝGROS;KARADENÝZ/KUZEYD.AND;1;MÝGROS;5;SERVÝS REYONLU M;6408;42.020467;35.129658;Gelincik Mah. Fatih Cad. No:128/AA;57;0;SÝNOP;MERKEZ;12.02.2020;Hayýr;;552;1015;;;;;1865;1865
MJET KEPEZ AHMET ÇEÞME ANTALYA;BATI AKDENÝZ;230;MJET;9;M-JET;6409;36.980281;30.709587;Aktoprak Mah. Ahmet Çeþme Cad. No:20/A;7;17;ANTALYA;KEPEZ;24.01.2020;Hayýr;;274;384;;;;;1866;1866
ÞÝMAL AVM RÝZE MM MÝGROS;KARADENÝZ/KUZEYD.AND;1;MÝGROS;2;MM;6410;41.023749;40.532904;Müftü Mah. Atatürk Cad. No:548 Eski Stad Yeri;53;0;RÝZE;MERKEZ;19.11.2021;Hayýr;;840;1071;;3;;;1867;1867
SÝLÝVRÝ ÞEHRÝGÜL M MÝGROS;BATI MARMARA;1;MÝGROS;6;SELF SERVÝS M;6411;41.084722;28.246812;Yeni Mah. Varnalý Cad. No:33 F D Blok;34;30;ÝSTANBUL;SÝLÝVRÝ;28.02.2020;Hayýr;;385;878;;;;;1868;1868
OBA ÇEVREYOLU ALANYA ANTALYA M;BATI AKDENÝZ;1;MÝGROS;6;SELF SERVÝS M;6412;36.549774;32.042656;Çýplaklý Mah. 3002 Sokak Ihlamur Konutlarý;7;2;ANTALYA;ALANYA;25.02.2021;Hayýr;;370;782;;;;9860;1869;1869
MEHMET AKÝF KEPEZ ANTALYA M;BATI AKDENÝZ;1;MÝGROS;5;SERVÝS REYONLU M;6414;36.963774;30.709177;Varsak,Karþýyaka Mh.Mehmet Akif Ersoy Cd.E Blok Ap;7;17;ANTALYA;KEPEZ;12.06.2020;Hayýr;;572;1576;;;;;1870;1870
SARIMSAKLI CUMHURÝYET M MÝGROS;KUZEY EGE;1;MÝGROS;6;SELF SERVÝS M;6415;39.2702;26.662;KÜÇÜKKÖY Mah. 29 EKÝM Cad. OTAN APT. Apt. No: 24 A;10;1;BALIKESÝR;AYVALIK;14.08.2020;Hayýr;;489;770;;;;;1871;1871
KARACAOÐLAN KOZAN ADANA M;DOÐU AKDENÝZ;1;MÝGROS;5;SERVÝS REYONLU M;6416;37.461471;35.810848;Karacaoðlan Mah. Þehit Hüseyin Soydan Cad;1;9;ADANA;KOZAN;26.02.2020;Hayýr;;547;772;;;;;1872;1872
MJET FETHÝYE ÇALIÞ PLAJI;GÜNEY EGE;230;MJET;9;M-JET;6420;36.668829;29.105898;Foça Mah. 1054 Sokak No:106/A;48;4;MUÐLA;FETHÝYE;25.03.2020;Hayýr;;218;283;;;;;1873;1873
MJET FETHÝYE ÖLÜDENÝZ;GÜNEY EGE;230;MJET;9;M-JET;6421;36.548699;29.12204;Ölüdeniz Mah. Ölüdeniz Cad. No:55/1;48;4;MUÐLA;FETHÝYE;27.03.2020;Hayýr;;196;243;;;;;1874;1874
HAMÝDÝYE ÇANAKKALE M MÝGROS;KUZEY EGE;1;MÝGROS;6;SELF SERVÝS M;6424;40.094615;26.409178;Kepez Belediyesi Hamidiye Mah. Fatih Cad. No.33A;17;0;ÇANAKKALE;MERKEZ;12.06.2020;Hayýr;;606;873;;;;;1875;1875
AHMET PÝRÝÞTÝNA ÇANAKKALE M;GÜNEY MARMARA;1;MÝGROS;6;SELF SERVÝS M;6425;40.16376256;26.42792956;Esenler Mah. Ahmet Piriþtina Cad No,:31;17;0;ÇANAKKALE;MERKEZ;20.03.2020;Hayýr;;485;914;;;;;1876;1876
RAUF DENKTAÞ ÇANAKKALE M;GÜNEY MARMARA;1;MÝGROS;6;SELF SERVÝS M;6426;40.100204;26.409476;Hamidiye Mah. Rauf Denktaþ Cad. No:14C/25 CBlok;17;0;ÇANAKKALE;MERKEZ;22.05.2020;Hayýr;;450;974;;;;;1877;1877
PAÞAALANI BALIKESÝR M;GÜNEY MARMARA;1;MÝGROS;6;SELF SERVÝS M;6428;39.661801;27.898315;Atatürk Mah. Sýtký Yýrcalý Cad. No:85/A-B-C;10;20;BALIKESÝR;KARESÝ;25.02.2020;Hayýr;;617;1032;;;;;1878;1878
ATATÜRK CAD. FETHÝYE M MÝGROS;GÜNEY EGE;1;MÝGROS;6;SELF SERVÝS M;6429;36.576767;29.150963;Ölüdeniz Mah. Atatürk Cad. No:82/1;48;4;MUÐLA;FETHÝYE;30.04.2020;Hayýr;;394;554;;;;;1879;1879
YILDIZ BUCA M MÝGROS;GÜNEY EGE;1;MÝGROS;6;SELF SERVÝS M;6430;38.367117;27.179913;Buca Koop Mah. 206/5 Sokak  No:117A;35;3;ÝZMÝR;BUCA;30.04.2020;Hayýr;;483;598;;;;;1880;1880
MJET HUZUR MAHALLESÝ NARLIDERE;KUZEY EGE;230;MJET;9;M-JET;6431;38.3943;26.9909;Huzur Mah. Açelya Sokak No:10/A;35;9;ÝZMÝR;NARLIDERE;14.05.2020;Hayýr;;198;237;;;;;1881;1881
MJET KARAOVA BODRUM;GÜNEY EGE;230;MJET;9;M-JET;6433;37.105329;27.663877;Karaova Mah. Menderes Blv. No:11;48;1;MUÐLA;BODRUM;30.04.2020;Hayýr;;243;312;;;;;1883;1883
MJET ATATÜRK MAHALLESÝ AKHÝSAR;KUZEY EGE;230;MJET;9;M-JET;6436;38.9227;27.8278;Atatürk Mah. Þehit Murat Öztürk Cad. No:87A;45;2;MANÝSA;AKHÝSAR;26.06.2020;Hayýr;;295;541;;;;;1884;1884
MJET MERSÝNALANI SEFERÝHÝSAR;KUZEY EGE;230;MJET;9;M-JET;6437;38.0797;26.9646;Mersin Alaný Mah. Ürkmezt Cad. No:183A;35;24;ÝZMÝR;SEFERÝHÝSAR;17.04.2020;Hayýr;;390;962;;;;;1885;1885
BATMAN PETROL CÝTY AVM MM;DOÐU/G.DOÐU ANADOLU;1;MÝGROS;2;MM;6438;37.920105;41.136906;Havaalaný Yolu Üzeri ,Batman Petrol City Avm;72;0;BATMAN;MERKEZ;28.10.2021;Hayýr;;941;1838;;;;10838;1886;1886
CÝZRE PARK AVM M MÝGROS;DOÐU/G.DOÐU ANADOLU;1;MÝGROS;5;SERVÝS REYONLU M;6439;37.326471;42.21371;Konak Mah. Silopi Bulvarý  No:189 DA;73;2;ÞIRNAK;CÝZRE;24.07.2020;Hayýr;;632;783;;;;;1887;1887
MJET SÝÝRT HASTANE;DOÐU/G.DOÐU ANADOLU;230;MJET;9;M-JET;6441;37.940383;41.936462;Koperatifler Mah. 1760 Sokak No :17;56;0;SÝÝRT;MERKEZ;13.03.2020;Hayýr;;302;387;;;;;1889;1889
MJET TURUNÇOVA FÝNÝKE ANTALYA;BATI AKDENÝZ;230;MJET;9;M-JET;6442;36.350545;30.134006;Turunçova Mah Çaðatay Sok. No:2/9;7;4;ANTALYA;FÝNÝKE;19.02.2020;Hayýr;;213;296;;;;;1890;1890
MJET SAHÝLKENT FÝNÝKE ANTALYA;BATI AKDENÝZ;230;MJET;9;M-JET;6443;36.305572;30.15202;Kum Mah. Ýnönü Cad. No:4A/Z1-22;7;4;ANTALYA;FÝNÝKE;21.02.2020;Hayýr;;284;447;;;;;1891;1891
MJET MAVÝKENT KUMLUCA ANTALYA;BATI AKDENÝZ;230;MJET;9;M-JET;6444;36.313829;30.348872;Mavikent Mah. Atatürk Cad. No: 65/A-B-C;7;12;ANTALYA;KUMLUCA;28.02.2020;Hayýr;;282;577;;;;;1892;1892
MJET TOKÝ DÝNAR AFYON;ÝÇ ANADOLU;230;MJET;9;M-JET;6445;38.052096;30.1638;Korubaþý Mah. Acar Sok.Abdullah Acar B2 Blok No:28;3;7;AFYONKARAHÝSAR;DÝNAR;13.03.2020;Hayýr;;242;439;;;;;1893;1893
MJET KOÞUYOLU AKÞEHÝR KONYA;ÝÇ ANADOLU;230;MJET;9;M-JET;6446;38.368539;31.422137;Yeni Mah. 34092 Sokak B Blok No:12/A;42;6;KONYA;AKÞEHÝR;4.03.2020;Hayýr;;250;447;;;;;1894;1894
5M ÇERKEZKÖY CENTER AVM;BATI MARMARA;185;5M;191;5M;6449;41.2963;28.0004;Gazi Mustafa Kamalpaþa Mah. Kadife Sok. No:1;59;1;TEKÝRDAÐ;ÇERKEZKÖY;31.01.2020;Evet;;4047;4476;;1,3;5549;;1896;1896
MJET ISPARTA SDÜ;BATI AKDENÝZ;230;MJET;9;M-JET;6450;37.829196;30.535803;Çünür Mah.102.Cad. 248/5A;32;0;ISPARTA;MERKEZ;1.10.2021;Hayýr;;357;531;;;;9858;1897;1897
TURGUT ÖZAL BULV ADANA MM;DOÐU AKDENÝZ;1;MÝGROS;2;MM;6452;37.040247;35.314937;Güzelyalý Mah. Turgut Özal Bulv.No:38/A;1;15;ADANA;ÇUKUROVA;12.03.2020;Hayýr;;945;1662;;3;;;1899;1899
BARIÞ MANÇO BULVARI  ADANA M;DOÐUAKDENZ/GÜNEYDOÐU;1;MÝGROS;5;SERVÝS REYONLU M;6453;37.046006;35.294008;Toros Mah. Barýþ Manço Bulv No:20/A;1;15;ADANA;ÇUKUROVA;12.03.2020;Hayýr;;646;1094;;;;;1900;1900
SÖÐÜT CADDESÝ ANKARA MM MÝGROS;ÝÇ ANADOLU;1;MÝGROS;2;MM;6455;39.968183;32.639611;Altay Mah. Söðüt Cad. No:8 DA/G-H-I-J-K;6;3;ANKARA;ETÝMESGUT;13.03.2020;Hayýr;;956;1935;;1;;;1901;1901
HAYAT PARK BURSA M MÝGROS;DOÐU MARMARA;1;MÝGROS;6;SELF SERVÝS M;6456;40.268229;28.911837;Doðanköy Mah.412.Ýsimsiz Cad.Entegre Saðlýk Kampüs;16;1;BURSA;NÝLÜFER;3.03.2020;Hayýr;;360;465;;;;;1902;1902
YENÝKENT KOCAELÝ M MÝGROS;DOÐU MARMARA;1;MÝGROS;6;SELF SERVÝS M;6457;40.77723705;29.81614959;Yenikent Mah.Elgür Sokak A Blok 44/A;41;6;KOCAELÝ;DERÝNCE;5.03.2020;Hayýr;;374;715;;;;;1903;1903
MJET KOYUNYOLU KARAMAN;DOÐU AKDENÝZ;230;MJET;9;M-JET;6459;37.186796;33.205989;Hacýcelal Mah. Özcan Genç Cad. No:20 B-1A;70;0;KARAMAN;MERKEZ;27.03.2020;Hayýr;;358;850;;;;;1904;1904
VEGA AVM SULTANGAZÝ MMM MÝGROS;BATI MARMARA;1;MÝGROS;3;MMM;6461;41.092882;28.903269;Yunus Emre Mah. Lütfi Aykaç Bulvarý No:80;34;40;ÝSTANBUL;SULTANGAZÝ;9.10.2020;Evet;;1557;2230;;1,3;;;1905;1905
KAZIM KARABEKÝR SAMSUN M;KARADENÝZ/KUZEYD.AND;1;MÝGROS;6;SELF SERVÝS M;6462;41.265672;36.328203;Kazým Karabekir Mah. 934 Sok No:2/29-30-32;55;17;SAMSUN;ÝLKADIM;15.05.2020;Hayýr;;595;820;;;;;1906;1906
MJET AÐRI PO;KARADENÝZ/KUZEYD.AND;230;MJET;255;MJET-ÝSTASYON;6463;39.71445;43.026553;Fýrat Mah.Çevreyolu Cad. No:414;4;0;AÐRI;MERKEZ;31.03.2020;Hayýr;;78;93;;;;;1907;1907
MJET KONTEYNER MARKET;BATI MARMARA;230;MJET;9;M-JET;6464;37.743965;27.251633;HALÝÇ KONGRE MERKEZÝ /ÝSTANBUL;34;9;ÝSTANBUL;BEYOÐLU;10.03.2020;Hayýr;;9;32;Evet;;;;1908;1908
BEYPAZARI ANKARA M MÝGROS;ÝÇ ANADOLU;1;MÝGROS;6;SELF SERVÝS M;6466;40.167572;31.920933;Kurtuluþ Mah. Ýrfan Gümüþel Cad. No:10;6;12;ANKARA;BEYPAZARI;29.04.2020;Hayýr;;325;729;;;;;1909;1909
TOPTAN SANCAKTEPE;DOÐU MARMARA;231;TOPTAN SATIÞ;230;TOPTAN SATIÞ;6467;41.0074;29.1935;Emek Mah. Ordu Cad. No:2;34;39;ÝSTANBUL;SANCAKTEPE;21.08.2020;Hayýr;;850;955;;;;;1910;1910
ELMADAÐ ANKARA M MÝGROS;ÝÇ ANADOLU;1;MÝGROS;5;SERVÝS REYONLU M;6468;39.921542;33.227586;Kemalpaþa Mah.Altýnbaþ Cad.No:2-C;6;15;ANKARA;ELMADAÐ;22.04.2020;Hayýr;;325;554;;;;;1911;1911
OBA ALANYA ANTALYA M MÝGROS;BATI AKDENÝZ;1;MÝGROS;6;SELF SERVÝS M;6469;36.536914;32.036719;Oba Mah. Fatih Cad. Yönet Apt.site.No:11/1;7;2;ANTALYA;ALANYA;1.04.2020;Hayýr;;312;391;;;5091;;1912;1912
MJET TEKSTÝLKENT GAZÝANTEP PO;DOÐUAKDENZ/GÜNEYDOÐU;230;MJET;255;MJET-ÝSTASYON;6470;37.056203;37.41097;Tekstilkent Mah. Ýbrahim Tevfik Kutlar Cad.No:159;27;1;GAZÝANTEP;ÞAHÝNBEY;31.03.2020;Hayýr;;72;77;;;;;1913;1913
VEGA AVM ANKARA MM MÝGROS;ÝÇ ANADOLU;1;MÝGROS;2;MM;6471;39.975289;32.884361;Hasköy Mah. Þehit Ömer Halisdemir Bulvarý No:165;6;5;ANKARA;KEÇÝÖREN;25.06.2020;Hayýr;;848;1068;;3;;;1914;1914
MJET ZEYTÝNLÝ AKÇAY;KUZEY EGE;230;MJET;9;M-JET;6472;39.575;26.942777;ÝKÝZÇAY Mah. GÜLSU Cad. A Apt. No: 15 /1A;10;7;BALIKESÝR;EDREMÝT;1.05.2020;Hayýr;;218;339;;;3935;;1915;1915
MJET DÝKÝLÝ ÝSMETPAÞA;KUZEY EGE;230;MJET;9;M-JET;6474;39.086944;26.885277;CUmhuriyet Mah. Uður Mumcu Cad. No:120;35;15;ÝZMÝR;DÝKÝLÝ;1.05.2020;Hayýr;;276;384;;;3936;;1916;1916
KEÞAN ERÝKLÝ EDÝRNE M MÝGROS;BATI MARMARA;1;MÝGROS;5;SERVÝS REYONLU M;6479;40.616824;26.468278;Erikli Mah. Açelye Cad. Makber Sok No:3;22;4;EDÝRNE;KEÞAN;19.06.2020;Hayýr;;559;720;;;;;1917;1917
YALIKAVAK MMM MÝGROS;GÜNEY EGE;1;MÝGROS;3;MMM;648;37.10417;27.31685;Gökçebel Mah. Ýnönü Cad. No:82;48;1;MUÐLA;BODRUM;17.07.1998;Evet;43;1455;2315;;1,2,3,19;;;1918;1918
GÜLPINAR MAH. KÖYCEÐÝZ M;GÜNEY EGE;1;MÝGROS;6;SELF SERVÝS M;6480;36.965415;28.688804;Gülpýnar  Mah. Atatürk Bulvarý no:122A/3-4-5-6;48;6;MUÐLA;KÖYCEÐÝZ;30.04.2020;Hayýr;;280;495;;;;;1919;1919
MJET ATÇA AYDIN;GÜNEY EGE;230;MJET;9;M-JET;6483;37.8885;28.2147;Atça Mahallesi Park Meydaný No:3/A;9;15;AYDIN;SULTANHÝSAR;21.05.2020;Hayýr;;264;418;;;;;1921;1921
SALKIM SOKAK BEYKOZ M MÝGROS;DOÐU MARMARA;1;MÝGROS;6;SELF SERVÝS M;6484;41.108316;29.109882;Soðuksu Mah. Karadut (Kardelen Kop) Sok No:2/1;34;8;ÝSTANBUL;BEYKOZ;30.06.2020;Hayýr;;300;351;;;;;1922;1922
KALAMAR YOLU KALKAN M MÝGROS;BATI AKDENÝZ;1;MÝGROS;5;SERVÝS REYONLU M;6494;36.265528;29.40759;Kalkan Mh.Defne Sk.C Blok No:7/1;7;9;ANTALYA;KAÞ;29.05.2020;Hayýr;;416;661;;;;;1923;1923
MJET CUMHURÝYET MAH ÝNCÝRLÝOVA;GÜNEY EGE;230;MJET;9;M-JET;6495;37.850079;27.725524;Cumhuriyet Mahallesi Yýldýrým Beyazýt Caddesi 20/C;9;6;AYDIN;ÝNCÝRLÝOVA;22.05.2020;Hayýr;;261;512;;;;;1924;1924
YENÝMAHALLE ÇÝÐLÝ ÝZMÝR M;KUZEY EGE;1;MÝGROS;5;SERVÝS REYONLU M;6497;38.4945;27.0493;Yeni Mahalle Mah. 8200/4 Sokak No:1E 1F;35;4;ÝZMÝR;ÇÝÐLÝ;26.06.2020;Hayýr;;538;1334;;;;;1925;1925
MJET POZCU EVO MERSÝN;DOÐU AKDENÝZ;230;MJET;9;M-JET;6498;36.780378;34.593122;Ýnönü Mh 1403 Sok.No:37/A-B;33;13;MERSÝN;YENÝÞEHÝR;14.05.2020;Hayýr;;382;534;;;;;1926;1926
SERÝNEVLER YÜREÐÝR ADANA M;DOÐU AKDENÝZ;1;MÝGROS;6;SELF SERVÝS M;6499;37.008;35.356975;Serinevler Mah.Mustafa Kemal Paþa Bulv.Manolya Sk.;1;2;ADANA;YÜREÐÝR;15.05.2020;Hayýr;;488;699;;;;;1927;1927
OSMANGAZÝ GAZÝANTEP MM;DOÐU AKDENÝZ;1;MÝGROS;2;MM;6500;37.063283;37.3348;Abdülkadir Aksu Bulv. No:100/C15-16-17-18;27;2;GAZÝANTEP;ÞEHÝTKAMÝL;10.07.2020;Evet;;747;1249;;;;;1928;1928
MAHMUTLAR VATAN ALANYA MMM;BATI AKDENÝZ;1;MÝGROS;3;MMM;6501;36.493629;32.090377;Mahmutlar Mah.Barbaros Cad.Konak Sea Side Tower;7;2;ANTALYA;ALANYA;30.09.2020;Hayýr;;1838;3158;;1,3;;;1929;1929
KÝLÝMLÝ ZONGULDAK M MÝGROS;ÝÇ ANADOLU;1;MÝGROS;5;SERVÝS REYONLU M;6503;41.488281;31.838975;Merkez Mah. Atatürk Cad. No:3/A;67;6;ZONGULDAK;KÝLÝMLÝ;19.06.2020;Hayýr;;362;552;;;;;1930;1930
MJET KARÞIYAKA TOKAT;KARADENÝZ/KUZEYD.AND;230;MJET;9;M-JET;6504;40.346217;36.542581;Kaþýkcýbaðlarý Mah. Vali Ayhançevik Bulv.NO:63;60;0;TOKAT;MERKEZ;12.06.2020;Hayýr;;267;414;;;;;1931;1931
HASTANE AMASYA  M MÝGROS;ÝÇ ANADOLU;1;MÝGROS;5;SERVÝS REYONLU M;6505;40.668196;35.846167;Ellibeþevler Mah. Celal Topala Sok.A1 Blok No:3/1A;5;0;AMASYA;MERKEZ;17.06.2020;Hayýr;;565;754;;;;;1932;1932
MJET ÝSTASYON CAD SÝVAS;KARADENÝZ/KUZEYD.AND;230;MJET;9;M-JET;6506;39.743633;37.009253;Halil Rýfatpaþa Mah.Ýnönü Bulv.No:56G-56H;58;0;SÝVAS;MERKEZ;12.06.2020;Hayýr;;230;308;;;;;1933;1933
MJET KIBRIS CADDESÝ KARABÜK;ÝÇ ANADOLU;230;MJET;9;M-JET;6507;41.196619;32.616686;Bayýr Mah.Kýbrýs Þehitleri Cad.Ayhanlar Apt No:15;78;0;KARABÜK;MERKEZ;11.06.2020;Hayýr;;255;390;;;;;1934;1934
GAP BULVARI ÞANLIURFA M;DOÐU/G.DOÐU ANADOLU;1;MÝGROS;5;SERVÝS REYONLU M;6508;37.216808;38.796853;Þenevler Mah. GAP Bulvarý NO:132 /A;63;13;ÞANLIURFA;KARAKÖPRÜ;30.06.2020;Hayýr;;635;1392;;;;;1935;1935
MJET CUMHURÝYET MAH. MERSÝN;DOÐU AKDENÝZ;230;MJET;9;M-JET;6513;36.787841;34.602845;Cumhuriyet Mah. 1671 Sok. B Blok No:4BA;33;13;MERSÝN;YENÝÞEHÝR;12.06.2020;Hayýr;;342;462;;;;;1936;1936
ATATÜRK BULVARI NÝÐDE M MÝGROS;DOÐU AKDENÝZ;1;MÝGROS;5;SERVÝS REYONLU M;6515;37.961472;34.6484;Aþaðý Kayabaþý Mah. Atatürk Bulv. No:54A;51;0;NÝÐDE;MERKEZ;25.06.2020;Hayýr;;473;918;;;;;1937;1937
MÝTHAT TOROÐLU CAD. MERSÝN M;DOÐU AKDENÝZ;1;MÝGROS;6;SELF SERVÝS M;6516;36.823997;34.613478;Mithat Toroðlu Mah. H.Okan Merzeci Bulv. No:274A;33;12;MERSÝN;TOROSLAR;18.06.2020;Hayýr;;510;703;;;;;1938;1938
DOLAYOBA PENDÝK M MÝGROS;DOÐU MARMARA;1;MÝGROS;6;SELF SERVÝS M;6517;40.91184;29.25219;Velibaba Mah. Aydos Cad.NO:17/JA;34;21;ÝSTANBUL;PENDÝK;12.08.2020;Hayýr;;566;692;;;;;1939;1939
ZÝRVE CADDESÝ ANKARA;ÝÇ ANADOLU;1;MÝGROS;2;MM;6518;39.913011;32.645766;Baðlýca Mahallesi Zirve Caddesi No:93 B/1-2-3-4;6;3;ANKARA;ETÝMESGUT;30.06.2020;Hayýr;;927;2954;;1;;;1940;1940
MJET KOVALIK ÞARKÖY;BATI MARMARA;230;MJET;9;M-JET;6519;40.608886;27.090691;Ýstiklal Mah. Gelibolu Cad. No:52/B;59;8;TEKÝRDAÐ;ÞARKÖY;17.06.2020;Hayýr;;313;420;;;;;1941;1941
ISPARTA MMM MAÐAZASI;BATI AKDENÝZ;1;MÝGROS;3;MMM;652;37.782301;30.564925;Sanayi Mah. 104 Cad. No:73;32;0;ISPARTA;MERKEZ;16.09.1998;Evet;100;2189;3040;;59,3;;;1942;1942
MJET YEÞÝLYURT KEPEZ ANTALYA;BATI AKDENÝZ;230;MJET;9;M-JET;6520;36.904734;30.6461;Yeþilyurt Mah. 3709.Sok. No:16/1-2;7;17;ANTALYA;KEPEZ;30.06.2020;Hayýr;;285;374;;;;;1943;1943
MJET BEZÝRGAN KAÞ ANTALYA;BATI AKDENÝZ;230;MJET;9;M-JET;6521;36.243799;29.427803;Bezirgan Mah. Ulugöl Sok No :775/1;7;9;ANTALYA;KAÞ;19.02.2021;Hayýr;;219;296;;;;;1944;1944
MJET BOZKURT CAD. MERSÝN;DOÐU AKDENÝZ;230;MJET;9;M-JET;6522;36.815213;34.616999;Tozkoparan Mah. Kuvayý Milliye Bulvarý No:200-202B;33;12;MERSÝN;TOROSLAR;30.06.2020;Hayýr;;200;336;;;;;1945;1945
ÞEHÝT OSMAN AVCI MAH ANKARA MM;ÝÇ ANADOLU;1;MÝGROS;2;MM;6523;39.968906;32.658727;Þehit Osman Avcý Mah Melekli Caddesi No: 7A Merkez;6;3;ANKARA;ETÝMESGUT;10.07.2020;Evet;;812;1672;;;;;1946;1946
ÞEHÝT ÝLHAN ARAS CD SAKARYA MM;GÜNEY MARMARA;1;MÝGROS;2;MM;6524;40.748982;30.400342;Erenler Mah Þehit Ýlhan Aras Cad. NO: 60;54;15;SAKARYA;ERENLER;17.07.2020;Hayýr;;737;959;;3;;;1947;1947
VATAN CADDESÝ TUZLA M MÝGROS;DOÐU MARMARA;1;MÝGROS;6;SELF SERVÝS M;6525;40.82562;29.311318;Ýstasyon Mah Vatan Cad No:96C-96D-96E;34;24;ÝSTANBUL;TUZLA;26.06.2020;Hayýr;;308;974;;;;;1948;1948
MJET ÇAMLIYAYLA MERSÝN;DOÐU AKDENÝZ;230;MJET;9;M-JET;6526;37.165869;34.594571;Kale Mah. Tarsus Cd. No:9/1;33;4;MERSÝN;ÇAMLIYAYLA;30.06.2020;Hayýr;;154;493;;;;;1949;1949
ARSUZ ULUÇINAR HATAY M;DOÐU AKDENÝZ;1;MÝGROS;5;SERVÝS REYONLU M;6527;36.409136;35.890571;Uluçýnar Mah Yýldýzlar Cad. B-C Blok No:31/1-A;31;13;HATAY;ARSUZ;29.06.2020;Hayýr;;493;996;;;;;1950;1950
ALÝCE VÝLLAGE SANCAKTEPE MM;DOÐU MARMARA;1;MÝGROS;2;MM;6529;41.000038;29.220042;Kemal Türkler Mah. Kuðu Sok.No:3/1;34;39;ÝSTANBUL;SANCAKTEPE;30.06.2020;Hayýr;;802;1046;;;;;1952;1952
MJET ERDEK ASKERÝ KAMPLAR;GÜNEY MARMARA;230;MJET;9;M-JET;6530;40.400171;27.817504;Erdek Özel Eðitim Kamp Komutanlýðý Zeytinli Mah.;10;8;BALIKESÝR;ERDEK;30.06.2020;Hayýr;;400;549;Evet;;;;1953;1953
KÝRAZPINAR GEBZE M MÝGROS;DOÐU MARMARA;1;MÝGROS;6;SELF SERVÝS M;6532;40.825968;29.4597711;Kirazpýnar Mah. 2744 Sok.Emlak Konutlarý  T-1 Blok;41;1;KOCAELÝ;GEBZE;24.07.2020;Hayýr;;350;624;;;;;1954;1954
HATBOYU CAD. TUZLA MM MÝGROS;DOÐU MARMARA;1;MÝGROS;2;MM;6533;40.833983;29.31507;Yayla Mah.Hatboyu Cad. Dalgýç Sok. No:2;34;24;ÝSTANBUL;TUZLA;9.09.2020;Hayýr;;600;993;;;;;1955;1955
MJET M.KEMALPAÞA MAH YALOVA;GÜNEY MARMARA;230;MJET;9;M-JET;6537;40.641284;29.287446;Mustafa Kemal Paþa Mah. Akdeniz Cad. No:105/1A;77;0;YALOVA;MERKEZ;23.07.2020;Hayýr;;340;609;;;;;1956;1956
MJET GÜVENEVLER GAZÝANTEP;DOÐU AKDENÝZ;230;MJET;9;M-JET;6538;37.070472;37.327553;Batýkent Mah. Ali Ýhsan Göðüþ Cad. No:145/B;27;2;GAZÝANTEP;ÞEHÝTKAMÝL;27.07.2020;Hayýr;;248;511;;;;;1957;1957
MJET ARNAVUTKÖY ÝSTANBUL;BATI MARMARA;230;MJET;9;M-JET;6541;41.06931;29.04334;Arnavutköy Mah.  Arnavut Dere Sok. No:48-50;34;7;ÝSTANBUL;BEÞÝKTAÞ;17.07.2020;Hayýr;;123;140;;;3318;;1958;1958
MALATYA TECDE MAH MIGROS M;DOÐU/G.DOÐU ANADOLU;1;MÝGROS;5;SERVÝS REYONLU M;6556;38.327806;38.271025;Tecde Mah. Mýhlýtut Sok.No:29 D,E,F;44;13;MALATYA;YEÞÝLYURT;27.08.2020;Hayýr;;540;1032;;;;;1959;1959
MJET BURSA DEMÝRTAÞ;GÜNEY MARMARA;230;MJET;9;M-JET;6557;40.244504;29.0793;Demirtaþ Cumhuriyet Mah. 7. Cad.K Blok;16;2;BURSA;OSMANGAZÝ;21.08.2020;Hayýr;;275;385;;;;;1960;1960
MJET GÖLBAÞI DM;ÝÇ ANADOLU;230;MJET;9;M-JET;6558;39.693591;32.823876;Oðulbey Mah.Fetih Cad.No:18/A;6;4;ANKARA;GÖLBAÞI;21.08.2020;Hayýr;;196;261;;;;;1961;1961
YENÝMAHALLE YÜKSEKOVA MM;DOÐU/G.DOÐU ANADOLU;1;MÝGROS;2;MM;6559;37.569635;44.276374;Yeni, Hakkari Yüksekova Yolu No:287;30;3;HAKKARÝ;YÜKSEKOVA;27.08.2020;Hayýr;;630;1219;;;;9873;1962;1962
BOMONTÝ M MÝGROS;BATI MARMARA;1;MÝGROS;6;SELF SERVÝS M;656;41.06034;28.98418;Merkez Mah. Sýra Cevizler Cad. No: 84A;34;23;ÝSTANBUL;ÞÝÞLÝ;18.08.1998;Hayýr;;420;575;;59;;;1963;1963
MJET KONYAALTI HURMA ÇEVREYOLU;BATI AKDENÝZ;230;MJET;9;M-JET;6581;36.852444;30.603468;Hurma Mah. 195.Sokak No:1A;7;18;ANTALYA;KONYAALTI;4.09.2020;Hayýr;;304;439;;;;9862;1964;1964
MJET GAZÝ MAH GAZÝPAÞA ANTALYA;BATI AKDENÝZ;230;MJET;9;M-JET;6582;36.275219;32.314919;Ýstiklal Mah. M.Fahri Leylek Cad. No: 34B;7;5;ANTALYA;GAZÝPAÞA;18.09.2020;Hayýr;;291;476;;;;9861;1965;1965
MJET ISPARTA ÇÜNÜR CADDE;BATI AKDENÝZ;230;MJET;9;M-JET;6585;37.824698;30.541633;Çünür Mah. 275. Cadde No:18;32;0;ISPARTA;MERKEZ;11.09.2020;Hayýr;;310;416;;;;9859;1966;1966
GAZÝ PAÞA CADDESÝ YALOVA M;GÜNEY MARMARA;1;MÝGROS;6;SELF SERVÝS M;6587;40.657187;29.264158;Bahçelievler Mah. Gazi Paþa Cad.No:51/A;77;0;YALOVA;MERKEZ;25.09.2020;Hayýr;;411;599;;;;;1967;1967
MANAVGAT KUMKÖY M MÝGROS;BATI AKDENÝZ;1;MÝGROS;6;SELF SERVÝS M;6588;36.807832;31.354919;Ilýca Mah. Cumhuriyet Blv. No:6/D;7;13;ANTALYA;MANAVGAT;11.09.2020;Hayýr;;490;590;;;;9857;1968;1968
MJET LÜLEBURGAZ YILMAZ MAH;BATI MARMARA;230;MJET;9;M-JET;6589;41.412471;27.352737;Yýlmaz Mah. Eski Kýrklareli Cad. No:76;39;4;KIRKLARELÝ;LÜLEBURGAZ;22.09.2020;Hayýr;;259;531;;;;9822;1969;1969
FÝLYOS ZONGULDAK M MÝGROS;ÝÇ ANADOLU;1;MÝGROS;5;SERVÝS REYONLU M;6590;41.562778;32.023068;Filyos Mah Namýk Kemal Sok No:49;67;2;ZONGULDAK;ÇAYCUMA;11.09.2020;Hayýr;;387;522;;;;10066;1970;1970
MJET DÝYARBAKIR HAVAALANI YOLU;DOÐUAKDENZ/GÜNEYDOÐU;230;MJET;9;M-JET;6591;37.91365;40.1674;Baðcýlar Mah. Kamýþlo Bulvarý D Blok 32/313;21;14;DÝYARBAKIR;BAÐLAR;15.09.2020;Hayýr;;216;270;;;;;1971;1971
YENÝÞEHÝR KONYA M MÝGROS;ÝÇ ANADOLU;1;MÝGROS;5;SERVÝS REYONLU M;6592;37.853347;32.472227;Yeniþehir Mah.  Gazze Cad. No:15/E;42;2;KONYA;MERAM;9.10.2020;Hayýr;;538;737;;;;8905;1972;1972
SÝÝRT PARK AVM M MÝGROS;DOÐU/G.DOÐU ANADOLU;1;MÝGROS;5;SERVÝS REYONLU M;6593;37.937745;41.926105;Kooparatifler Mah.Hükðmet Bulv. Dýþ Kapý No:88/1;56;0;SÝÝRT;MERKEZ;24.09.2020;Hayýr;;571;781;;;;;1973;1973
ÇAMLIBELDE TUZLA MM MÝGROS;DOÐU MARMARA;1;MÝGROS;2;MM;6595;40.868953;29.316462;Aydýnlý Mah. Çamlýbelde Yolu Cad No:74;34;24;ÝSTANBUL;TUZLA;12.02.2021;Hayýr;;814;2351;;;;7467;1974;1974
PRESTÝJ ISPARTA MM MÝGROS;BATI AKDENÝZ;1;MÝGROS;2;MM;6596;37.77013;30.52587;Muzaffer Türkeþ Mah Cennet Cad. No:124;32;0;ISPARTA;MERKEZ;27.11.2020;Hayýr;;875;1432;;;;9856;1975;1975
NEVA ÇORLU M MÝGROS;BATI MARMARA;1;MÝGROS;6;SELF SERVÝS M;6597;41.148208;27.781603;Þeyhsinan Mah. Bülent Ecevit Bulvarý No:272/A;59;2;TEKÝRDAÐ;ÇORLU;23.10.2020;Hayýr;;482;1155;;;;9868;1976;1976
MJET TAVÞANLI TUNÇBÝLEK CAD;GÜNEY MARMARA;230;MJET;9;M-JET;6598;39.551106;29.475833;Moymul Mah.Tunçbilek Cad.No:92/A;43;12;KÜTAHYA;TAVÞANLI;8.10.2020;Hayýr;;204;330;;;;7630;1977;1977
EVÝNPARK MALTEPE M MÝGROS;DOÐU MARMARA;1;MÝGROS;6;SELF SERVÝS M;6599;40.936373;29.131802;Altayçeþme Mah. Seri Sok. No:10;34;20;ÝSTANBUL;MALTEPE;5.03.2021;Hayýr;;661;1004;;3;;10181;1978;1978
KUZEYKENT ANKARA MM MÝGROS;ÝÇ ANADOLU;1;MÝGROS;2;MM;6600;40.009228;32.901653;Baraj Mah.Beylerbeyi Sok.;6;1;ANKARA;ALTINDAÐ;9.10.2020;Evet;;964;1612;;1,3;;8049;1979;1979
MJET NÝÐDE DR SAMÝ YAÐIZ CAD;DOÐU AKDENÝZ;230;MJET;9;M-JET;6601;37.964919;34.670749;Aþaðý Kayabaþý Mah. Dr. Sami Yaðýz Cad. No:54/C;51;0;NÝÐDE;MERKEZ;30.10.2020;Hayýr;;215;408;;;;9997;1980;1980
BALAT ERGÝN CONCEPT  MM MÝGROS;GÜNEY MARMARA;1;MÝGROS;2;MM;6602;40.270048;28.934292;Ahmet Yesevi Mah. Ergin Bey Sok. 4D No:50;16;1;BURSA;NÝLÜFER;27.11.2020;Hayýr;;757;1020;;;;7159;1981;1981
FATSA DOLUNAY ORDU M MÝGROS;KARADENÝZ/KUZEYD.AND;1;MÝGROS;5;SERVÝS REYONLU M;6604;41.063761;37.469775;Dolunay Mah. Samanyolu Sok.No:1;52;6;ORDU;FATSA;18.12.2020;Hayýr;;420;597;;;;10120;1982;1982
PINARHÝSAR M MÝGROS;BATI MARMARA;1;MÝGROS;6;SELF SERVÝS M;6605;41.625207;27.515399;Dere Mah.Þehit Þeref Avar Cad. No:2;39;6;KIRKLARELÝ;PINARHÝSAR;17.12.2020;Hayýr;;368;628;;;;9826;1983;1983
MJET BANDIRMA LÝVATYA SAHÝL;GÜNEY MARMARA;230;MJET;9;M-JET;6606;40.35944;27.97442;Hacýyusuf mah.Sahil sok. No:28/1;10;3;BALIKESÝR;BANDIRMA;6.11.2020;Hayýr;;139;263;;;;8495;1984;1984
MJET GÖRÜKLE KIZILIRMAK CAD.;GÜNEY MARMARA;230;MJET;9;M-JET;6607;40.221787;28.837196;Dumlupýnar Mah. Kýzýlýrmak Cad No:47/C;16;1;BURSA;NÝLÜFER;23.10.2020;Hayýr;;226;289;;;;9672;1985;1985
MJET UNCUBOZKÖY MANÝSA;KUZEY EGE;230;MJET;9;M-JET;6608;38.60650256;27.38666296;Uncubozköy Mah. Cemal Ergün Cad. No:96A;45;17;MANÝSA;YUNUSEMRE;23.10.2020;Hayýr;;253;306;;;;9901;1986;1986
MAMAK ANKARA MMM;ÝÇ ANADOLU;1;MÝGROS;3;MMM;6609;39.894785;32.930456;Cengizhan Mah. Sultan Fatih Cad. 22/A;6;6;ANKARA;MAMAK;11.12.2020;Hayýr;;1612;1930;;3;;6473;1987;1987
TUZLA KAFKALE MM MÝGROS;DOÐU MARMARA;1;MÝGROS;2;MM;6615;40.831653;29.299034;Yayla Mah.Vatan Cad.No:2;34;24;ÝSTANBUL;TUZLA;20.11.2020;Evet;;1056;1545;;3;;10522;1990;1990
MJET CUMHURÝYET MAH. UÞAK;KUZEY EGE;230;MJET;9;M-JET;6619;38.64970955;29.38997872;Cumhuriyet Mah. 4.Akyýldýz Sok. No:1BA-1BB;64;0;UÞAK;MERKEZ;29.01.2021;Hayýr;;215;332;;3;;9951;1991;1991
MJET KIRKAÐAÇ MANÝSA;KUZEY EGE;230;MJET;9;M-JET;6620;39.105678;27.675198;Tevfikiye Mah.53 Yeni Sok.No:196/A;45;7;MANÝSA;KIRKAÐAÇ;29.01.2021;Hayýr;;271;740;;;;10087;1992;1992
MJET YOMRA TRABZON;DOÐUKARDENZ/KUZEYDÐU;230;MJET;9;M-JET;6621;40.956672;39.855575;Sancak Mah.Trabzon Cad.No:153A;61;17;TRABZON;YOMRA;28.12.2020;Hayýr;;237;534;;;;10045;1993;1993
TOPTAN TRABZON;KARADENÝZ/KUZEYD.AND;231;TOPTAN SATIÞ;230;TOPTAN SATIÞ;6622;40.956672;39.855575;Sancak Mah.Trabzon Cad. No:153A;61;17;TRABZON;YOMRA;28.12.2020;Hayýr;;660;890;;;;10124;1994;1994
MJET YENÝCE MAHALLESÝ ISPARTA;BATI AKDENÝZ;230;MJET;9;M-JET;6624;37.755593;30.535882;Yenice Mah. 2536 Sokak No:6/25;32;0;ISPARTA;MERKEZ;18.12.2020;Hayýr;;206;281;;;;9442;1995;1995
MJET KÖÞK AYDIN;GÜNEY EGE;230;MJET;9;M-JET;6625;37.8568;28.0515;Çarþý Mahallesi Gazi Mustafa Kemal Caddesi 54/A;9;10;AYDIN;KÖÞK;29.01.2021;Hayýr;;356;1011;;;;9666;1996;1996
ATAÞEHÝR WYNHOUSE MACROCENTER;DOÐU MARMARA;4;MACROCENTER;9;MACROCENTER;6628;40.987908;29.103864;Barbaros Mah. Halk Cad. A Blok No:85;34;34;ÝSTANBUL;ATAÞEHÝR;28.12.2020;Evet;;990;1340;;;;9876;1997;1997
MJET ERZÝNCAN ADLÝYE PO;KARADENÝZ/KUZEYD.AND;230;MJET;255;MJET-ÝSTASYON;6629;39.744572;39.500353;Karaaðaç Mah. 790. Sokak. No:1;24;0;ERZÝNCAN;MERKEZ;30.11.2020;Hayýr;;80;100;;;;;1998;1998
MJET KADIKÖY YOÐURTÇU PARKI;DOÐU MARMARA;230;MJET;9;M-JET;6630;40.986987;29.033183;Osmanaða Mah. Yoðurtçu Parký Cad. No:14/A;34;16;ÝSTANBUL;KADIKÖY;1.12.2020;Hayýr;;110;265;;;;10207;1999;1999
HÝLMÝPAÞA KOZYATAÐI MACROKIOSK;DOÐU MARMARA;235;MACROKIOSK;243;MACROKIOSK;6631;40.96843;29.08806;19 Mayýs Mah. Hilmipaþa Sok. No:3/A;34;16;ÝSTANBUL;KADIKÖY;9.12.2020;Hayýr;;104;131;;;;9808;2000;2000
KURTULUÞ CAD.GÖRÜKLE BURSA M;GÜNEY MARMARA;1;MÝGROS;6;SELF SERVÝS M;6632;40.212612;28.825175;Kurtuluþ Mah, 12. Sokak. No:11/F;16;1;BURSA;NÝLÜFER;25.12.2020;Hayýr;;567;1422;;;;10252;2001;2001
ÇAMLIK MAH. KURTKÖY PENDÝK M;DOÐU MARMARA;1;MÝGROS;6;SELF SERVÝS M;6633;40.924385;29.283855;Çamlýk Mah.Yahya Kemal Beyatlý Cad. No:9 B/5;34;21;ÝSTANBUL;PENDÝK;29.12.2020;Hayýr;;590;951;;;;;2002;2002
KRD EREÐLÝ ÖZDEMÝRPARK AVM MM;ÝÇ ANADOLU;1;MÝGROS;2;MM;6634;41.275742;31.43145;Baðlýk Mah.Erdemir Cad. No:93 /A2;67;4;ZONGULDAK;EREÐLÝ;22.12.2020;Hayýr;;1010;1400;;;;10052;2003;2003
MARÝNA MERSÝN MACROCENTER;DOÐU AKDENÝZ;4;MACROCENTER;9;MACROCENTER;6635;36.770685;34.567811;Eðriçam Mah. Adnan Menderes Bulv. No:33/F;33;13;MERSÝN;YENÝÞEHÝR;22.12.2020;Evet;;655;792;;;3585;;2004;2004
MJET FATÝH MAH. UÞAK;KUZEY EGE;230;MJET;9;M-JET;6636;38.648204;29.404042;Fatih Mah. Ova Cad. NO:127/A;64;0;UÞAK;MERKEZ;29.01.2021;Hayýr;;329;444;;;;9954;2005;2005
ADALET MAH. DENÝZLÝ MM MÝGROS;GÜNEY EGE;1;MÝGROS;2;MM;6637;37.7789;29.0198;Adalet Mah. Hasan Gönüllü Bulvarý No.62A 62B;20;20;DENÝZLÝ;MERKEZEFENDÝ;5.02.2021;Hayýr;;894;1238;;3;;5976;2006;2006
MJET ÝSMETPAÞA ÇANAKKALE;GÜNEY MARMARA;230;MJET;9;M-JET;6638;40.149418;26.447072;Ýsmetpaþa Mah. Ýzmir Cad. No:35;17;0;ÇANAKKALE;MERKEZ;22.01.2021;Hayýr;;250;382;;;;9432;2007;2007
SÝLÝFKE M MÝGROS;DOÐU AKDENÝZ;1;MÝGROS;5;SERVÝS REYONLU M;664;36.380471;33.929054;Göksu Mah.Atatürk Cad.Özdil Apt.Zemin Kat;33;8;MERSÝN;SÝLÝFKE;8.12.1998;Hayýr;;840;1310;;59;;;2008;2008
ATATÜRK BLV EREÐLÝ ZONGULDAK M;ÝÇ ANADOLU;1;MÝGROS;5;SERVÝS REYONLU M;6640;41.283684;31.414369;Orhanlar Mah. Atatürk Blv. No:40 AA;67;4;ZONGULDAK;EREÐLÝ;29.12.2020;Hayýr;;357;522;;;;9819;2009;2009
TUZLA PORT ÝSTANBUL MM MÝGROS;DOÐU MARMARA;1;MÝGROS;2;MM;6653;40.817127;29.299512;Postane Mah. Cumhuriyet Cad. TRC Apt No:5 TB/1;34;24;ÝSTANBUL;TUZLA;18.12.2020;Hayýr;;844;1145;;3;;10458;2010;2010
KEPEZ MEHMET ATAY M MÝGROS;BATI AKDENÝZ;1;MÝGROS;6;SELF SERVÝS M;6654;36.924115;30.73305;Güneþ Mah.Ömer Buyrukçu Cad.No:60;7;17;ANTALYA;KEPEZ;29.12.2020;Hayýr;;347;992;;;;9847;2011;2011
BAÐLARBAÞI MALTEPE  M MÝGROS;DOÐU MARMARA;1;MÝGROS;6;SELF SERVÝS M;6655;40.923848;29.134402;Feyzullah Cad. Selahattin Bey Sok. Feyzullah Apt;34;20;ÝSTANBUL;MALTEPE;31.12.2020;Hayýr;;362;490;;;;10277;2012;2012
MJET BAHARÝYE KADIKÖY;DOÐU MARMARA;230;MJET;9;M-JET;6656;40.987353;29.027149;Caferaða Mah. Sakýz Gülü Sok. NO:31/B;34;16;ÝSTANBUL;KADIKÖY;30.12.2020;Hayýr;;156;481;;;;10254;2013;2013
MJET SANAYÝ ERZÝNCAN PO;KARADENÝZ/KUZEYD.AND;230;MJET;255;MJET-ÝSTASYON;6660;39.734506;39.533578;Fatih Mah. 706. Sokak No:36;24;0;ERZÝNCAN;MERKEZ;25.12.2020;Hayýr;;80;92;;;;10630;2015;2015
ORTAKÖY ÝSTANBUL MACROKIOSK;BATI MARMARA;235;MACROKIOSK;243;MACROKIOSK;6661;41.0491106;29.02596117;Mecidiye Mah.Muvakkit Sok.No:24;34;7;ÝSTANBUL;BEÞÝKTAÞ;28.12.2020;Hayýr;;79;178;;;;;2016;2016
MJET SUM.YOLU KADÝRLÝ OSMANÝYE;DOÐU AKDENÝZ;230;MJET;9;M-JET;6667;37.365945;36.075517;Þehit Kansu Küçükateþ Mah.Tevfik Pampal Cad. No:25;80;4;OSMANÝYE;KADÝRLÝ;16.03.2021;Hayýr;;355;737;;;;10896;2019;2019
BAHÇELÝEVLER MAH SAKARYA M;GÜNEY MARMARA;1;MÝGROS;6;SELF SERVÝS M;6668;40.758528;30.367583;Bahçelievler Mah.Baðlar Cad.No:117;54;16;SAKARYA;SERDÝVAN;16.02.2021;Hayýr;;505;625;;;;7546;2020;2020
MURATPAÞA RAUF DENKTAÞ M;BATI AKDENÝZ;1;MÝGROS;5;SERVÝS REYONLU M;6669;36.861881;30.795422;Güzeloba Mah.Rauf Denktaþ Cad No:30/A;7;19;ANTALYA;MURATPAÞA;26.02.2021;Hayýr;;446;1314;;;;10498;2021;2021
DELÝKLÝTAÞ ESKÝÞEHÝR M MÝGROS;ÝÇ ANADOLU;1;MÝGROS;5;SERVÝS REYONLU M;6670;39.767339;30.52437;Deliklitaþ Mah.Dr. Hilmi Sok. No:3;26;13;ESKÝÞEHÝR;ODUNPAZARI;3.02.2021;Hayýr;;539;715;;;;10221;2022;2022
K. DEMÝRCÝOÐLU CAD.KASTAMONU M;ÝÇ ANADOLU;1;MÝGROS;5;SERVÝS REYONLU M;6671;41.42709;33.77461;Kuzeykent Mah. Kamil Demircioðlu Cad. No:4 BA;37;0;KASTAMONU;MERKEZ;18.03.2021;Hayýr;;514;813;;;;8104;2023;2023
MJET YALOVA BAHÇELIEVLER MAH.;GÜNEY MARMARA;230;MJET;9;M-JET;6672;40.654964;29.256304;Bahçelievler Mah. Marmara Cad. No:13/A;77;0;YALOVA;MERKEZ;28.01.2021;Hayýr;;308;424;;;;9750;2024;2024
MJET ÞAHÝNBEY GAZÝANTEP;DOÐU AKDENÝZ;230;MJET;9;M-JET;6673;37.057358;37.331688;Binevler Mah.14 Nolu Cadde Kapý No 4/A;27;1;GAZÝANTEP;ÞAHÝNBEY;3.03.2021;Hayýr;;290;368;;;;10326;2025;2025
ÞEHÝTKAMÝL GAZÝANTEP M MÝGROS;DOÐU AKDENÝZ;1;MÝGROS;6;SELF SERVÝS M;6674;37.066208;37.330722;Osmangazi Mah. 56073 Nolu Cad. No 7/A;27;2;GAZÝANTEP;ÞEHÝTKAMÝL;11.03.2021;Hayýr;;384;583;;;;10325;2026;2026
ESKÝ KÖY HÝZ. GAZÝANTEP M;DOÐU AKDENÝZ;1;MÝGROS;5;SERVÝS REYONLU M;6675;37.083817;37.346462;Güvenevler Mah. 29023 Nolu Cad. A Blok 8-9-10;27;2;GAZÝANTEP;ÞEHÝTKAMÝL;11.03.2021;Hayýr;;443;837;;;;10545;2027;2027
YUNUSELÝ MAH. BURSA M MÝGROS;GÜNEY MARMARA;1;MÝGROS;6;SELF SERVÝS M;6676;40.239857;29.01469;Yunuseli Mah Yunuseli Bulvarý NO:40/A;16;2;BURSA;OSMANGAZÝ;12.05.2021;Hayýr;;384;458;;;;8164;2028;2028
MJET KUÞDÝLÝ KADIKÖY ÝSTANBUL;DOÐU MARMARA;230;MJET;9;M-JET;6678;40.988261;29.033267;Osmanaða Mah. Kuþdili Cad. No:60;34;16;ÝSTANBUL;KADIKÖY;29.01.2021;Hayýr;;171;259;;;;10408;2029;2029
MJET KADIKÖY RASIMPAÞA ÝSTANBU;DOÐU MARMARA;230;MJET;9;M-JET;6679;40.994217;29.024983;Rasimpaþa Mah.Rýhtým Cad.No:50/6;34;16;ÝSTANBUL;KADIKÖY;2.02.2021;Hayýr;;234;299;;;;10364;2030;2030
HUNAT MAH KAYSERÝ MM MÝGROS;DOÐU AKDENÝZ;1;MÝGROS;2;MM;668;38.7217;35.49168;Hunat Mahallesi Postalar Geçidi Sokak No:9;38;2;KAYSERÝ;MELÝKGAZÝ;5.02.1999;Hayýr;;960;1685;;59;;;2031;2031
KÖPRÜ MEZÝTLÝ MERSÝN MM MÝGROS;DOÐU AKDENÝZ;1;MÝGROS;2;MM;6680;36.751776;34.532209;Yeni Mah.  Gazi Mustafa Kemal Blv. No:744;33;11;MERSÝN;MEZÝTLÝ;15.03.2021;Hayýr;;886;1173;;;;10416;2032;2032
MJET C.PAÞA KADÝRLÝ OSMANÝYE;DOÐU AKDENÝZ;230;MJET;9;M-JET;6681;37.374284;36.078612;Cemalpaþa Mah. 1635. Sokak;80;4;OSMANÝYE;KADÝRLÝ;16.03.2021;Hayýr;;323;410;;;;10700;2033;2033
SÝLÝFKE ÇARÞI MERSÝN M MÝGROS;DOÐU AKDENÝZ;1;MÝGROS;5;SERVÝS REYONLU M;6682;36.376938;33.925545;Pazarkaþý Mah.  Menderes Cd. No:52;33;8;MERSÝN;SÝLÝFKE;30.03.2021;Hayýr;;435;766;;;;10595;2034;2034
MJET YAKAKENT YAKACIK ÝSTANBUL;DOÐU MARMARA;230;MJET;9;M-JET;6683;40.919328;29.222814;Yakacýk Yeni Mah.Yakakent Cad. No:14;34;18;ÝSTANBUL;KARTAL;5.02.2021;Hayýr;;185;220;;;;10058;2035;2035
MAJOR KURTKÖY ÝSTANBUL M;DOÐU MARMARA;1;MÝGROS;6;SELF SERVÝS M;6684;40.923738;29.296135;Yeniþehir Mah. Ekin Sok.No: 2/EA;34;21;ÝSTANBUL;PENDÝK;16.02.2021;Hayýr;;432;695;;;;10621;2036;2036
ARDAHAN HASTANE M MÝGROS;KARADENÝZ/KUZEYD.AND;1;MÝGROS;5;SERVÝS REYONLU M;6685;41.107619;42.694723;Ýnönü Mah. Koca Mustafa Paþa Cad. No:99;75;0;ARDAHAN;MERKEZ;18.02.2021;Hayýr;;575;846;;;;10816;2037;2037
MJET M.EREÐLÝ MERKEZ TEKÝRDAÐ;BATI MARMARA;230;MJET;9;M-JET;6686;40.970823;27.948632;Bahçelievler Mah.Atatürk Blv.No:10;59;5;TEKÝRDAÐ;MARMARAEREÐLÝSÝ;18.02.2021;Hayýr;;164;354;;;;10615;2038;2038
SOÐUKKUYU MAH. BURSA M;GÜNEY MARMARA;1;MÝGROS;6;SELF SERVÝS M;6687;40.217004;29.00738;Soðukkuyu Mah. Site Cad. No:13;16;2;BURSA;OSMANGAZÝ;19.02.2021;Hayýr;;432;748;;;;7993;2039;2039
ÝHSANÝYE GÖLCÜK KOCAELÝ  M;DOÐU MARMARA;1;MÝGROS;6;SELF SERVÝS M;6688;40.704018;29.839206;Çiftlik Mah. Balabanlar Sok. No:13G;41;2;KOCAELÝ;GÖLCÜK;18.02.2021;Hayýr;;453;777;;;;7240;2040;2040
MJET BARAJYOLU ADANA;DOÐU AKDENÝZ;230;MJET;9;M-JET;6691;37.024471;35.314924;Yeni Baraj Mah. Bülent Angýn Blv. No:84/A;1;1;ADANA;SEYHAN;1.02.2021;Hayýr;;350;850;;;3035;;2042;2042
BURDUR EMEK M MÝGROS;BATI AKDENÝZ;1;MÝGROS;6;SELF SERVÝS M;6692;37.717638;30.260969;Emek Mah Nene Hatun Cad Kat:Z No:26;15;0;BURDUR;MERKEZ;11.03.2021;Hayýr;;500;678;;;;10869;2043;2043
HAYDAR BEY MAH. K.MARAÞ MM;DOÐU AKDENÝZ;1;MÝGROS;2;MM;6693;37.586088;36.861195;Yirmiikigün Mah. Þehit Polis Ali Mülazýmoðlu Cad.;46;11;KAHRAMANMARAÞ;ONÝKÝÞUBAT;24.03.2021;Hayýr;;910;2897;;;;10443;2044;2044
MJET MERSÝN ÇEÞMELÝ;DOÐU AKDENÝZ;230;MJET;9;M-JET;6695;36.675667;34.433116;Çeþmeli Mah.Sahil Cad. No:6;33;5;MERSÝN;ERDEMLÝ;31.03.2021;Hayýr;;205;300;Evet;;;10717;2046;2046
ÇATALCA CADDE M MÝGROS;BATI MARMARA;1;MÝGROS;5;SERVÝS REYONLU M;6696;41.13261;28.471489;FERHATPAÞA MH. ÇATALCA YOLU CD. N0:13 A;34;29;ÝSTANBUL;ÇATALCA;25.06.2021;Hayýr;;567;752;;;;9823;2047;2047
NATOYOLU ANKARA MM MÝGROS;ÝÇ ANADOLU;1;MÝGROS;2;MM;6697;39.899136;32.919567;Ege Mah. Natayolu Cad. No:158/A;6;6;ANKARA;MAMAK;25.03.2021;Hayýr;;761;1112;;;;10677;2048;2048
TARSUS ÝSTASYON MERSÝN MM;DOÐU AKDENÝZ;1;MÝGROS;2;MM;6698;36.919994;34.886194;Yeni Ömerli Mah. Kardeþ Þehir Langen Blv No:18/C;33;9;MERSÝN;TARSUS;26.03.2021;Hayýr;;1030;1828;;3;;11309;2049;2049
MJET SÜLEYMANPAÞA KADIKÖY ÝST;DOÐU MARMARA;230;MJET;9;M-JET;6699;40.98919;29.02967;Osmanaða Mah. Süleyman Paþa Sok. No:13-15;34;16;ÝSTANBUL;KADIKÖY;12.03.2021;Hayýr;;97;207;;;;10796;2050;2050
CUMHURÝYET ORDU M MÝGROS;KARADENÝZ/KUZEYD.AND;1;MÝGROS;5;SERVÝS REYONLU M;6700;40.980877;37.944801;Cumhuriyet Mah. Mimar Sinan Blv. No:65;52;19;ORDU;ALTINORDU;24.03.2021;Hayýr;;656;1106;;;;11052;2051;2051
ALAÇAM CADDESÝ SAMSUN M MÝGROS;KARADENÝZ/KUZEYD.AND;1;MÝGROS;6;SELF SERVÝS M;6701;41.318268;36.302569;Yeþildere Mah. Alaçam Cad. No: 94/A;55;15;SAMSUN;ATAKUM;8.03.2021;Hayýr;;249;431;;;;10821;2052;2052
MJET HULUSÝ BEHÇET GÖZTEPE;DOÐU MARMARA;230;MJET;9;M-JET;6702;40.97016;29.05958;Caddebostan Mah.Prof. Dr. Hulusi Behçet Cad. No:16;34;16;ÝSTANBUL;KADIKÖY;5.03.2021;Hayýr;;234;395;;;;10865;2053;2053
GALA SOKAÐI ANKARA MM;ÝÇ ANADOLU;1;MÝGROS;2;MM;6703;39.959877;32.713422;Ergazi Mah. Cengiz Aytmatov Cad. No:19-A;6;8;ANKARA;YENÝMAHALLE;24.03.2021;Hayýr;;923;2154;;1;;9909;2054;2054
ÞEHÝT ABDULLAH ÇAVUÞ MAH. M;DOÐU AKDENÝZ;1;MÝGROS;5;SERVÝS REYONLU M;6704;37.58255;36.883385;Þehit Abdullah Çavuþ Mah. 66052 Sokak A Blok;46;11;KAHRAMANMARAÞ;ONÝKÝÞUBAT;9.04.2021;Hayýr;;535;1127;;;;10441;2055;2055
TERMÝNAL ERZURUM M MÝGROS;KARADENÝZ/KUZEYD.AND;1;MÝGROS;6;SELF SERVÝS M;6706;39.909004;41.254338;Lalapaþa Mah. 1.Kazým Karabekir Cad. Akgün Sitesi;25;21;ERZURUM;YAKUTÝYE;18.03.2021;Hayýr;;398;1177;;;4216;;2056;2056
MJET TAÞUCU SAHÝL MERSIN;DOÐU AKDENÝZ;230;MJET;9;M-JET;6707;36.317975;33.883989;Taþucu Mah. 201 Sokak No:4A;33;8;MERSÝN;SÝLÝFKE;30.03.2021;Hayýr;;244;628;;;;10789;2057;2057
MJET FORUM KONYA;ÝÇ ANADOLU;230;MJET;9;M-JET;6708;38.016554;32.517652;Bosna Hersek Mah. Yeni Ýstanbul Cad. No:250;42;3;KONYA;SELÇUKLU;26.08.2021;Hayýr;;337;449;;;;9820;2058;2058
TOPTAN SÝVAS;KARADENÝZ/KUZEYD.AND;231;TOPTAN SATIÞ;230;TOPTAN SATIÞ;6709;39.756849;37.047671;Þeyhþamil Mah. Kazým Karabekir Cad. No: 62C;58;0;SÝVAS;MERKEZ;31.03.2021;Hayýr;;400;422;;;;10840;2059;2059
NUSAYBÝN AVM MARDÝN M;DOÐU/G.DOÐU ANADOLU;1;MÝGROS;5;SERVÝS REYONLU M;6710;37.0695538;41.21307443;Zeynelabidin Mah. Lozan Cad. No:2;47;6;MARDÝN;NUSAYBÝN;1.04.2021;Hayýr;;585;757;;;;11029;2060;2060
MJET ISPARTA GÜLKENT PO;BATI AKDENÝZ;230;MJET;255;MJET-ÝSTASYON;6713;37.775934;30.54912;Modern Evler Mah. Süleyman Demirel Cad. No:62;32;0;ISPARTA;MERKEZ;26.03.2021;Hayýr;;140;155;;;;11044;2061;2061
SILIVRI KIPTAÞ 3 M MÝGROS;BATI MARMARA;1;MÝGROS;6;SELF SERVÝS M;6714;41.084217;28.194005;Mimar Sinan Mah.Fatih Sultan Mehmet Cad. No:23;34;30;ÝSTANBUL;SÝLÝVRÝ;17.06.2021;Hayýr;;384;503;;;;9941;2062;2062
ÇATALCA FERHATPAÞA M;BATI MARMARA;1;MÝGROS;5;SERVÝS REYONLU M;6715;41.140196;28.464236;Ferhatpaþa Mah. Tahta Köprü Sokaðý No:14;34;29;ÝSTANBUL;ÇATALCA;25.05.2021;Hayýr;;413;1006;;;;10978;2063;2063
TAÞKENT ÇORLU M MÝGROS;BATI MARMARA;1;MÝGROS;6;SELF SERVÝS M;6716;41.146212;27.82212;Alipaþa Mah.Taþkent Cad. No:1;59;2;TEKÝRDAÐ;ÇORLU;21.04.2021;Hayýr;;456;652;;;;10102;2064;2064
MJET HÜRRÝYET CAD YENÝÇÝFTLÝK;BATI MARMARA;230;MJET;9;M-JET;6717;40.999745;27.838534;Yeniçiftlik Mah.Hürriyet Cad.;59;5;TEKÝRDAÐ;MARMARAEREÐLÝSÝ;20.04.2021;Hayýr;;195;404;Evet;;;10632;2065;2065
MUNZUR TUNCELÝ MM MÝGROS;KARADENÝZ/KUZEYD.AND;1;MÝGROS;2;MM;6721;39.072727;39.531662;Atatürk Mah.15 Temmuz Þehitler Bulv.No:89-91B;62;0;TUNCELÝ;MERKEZ;22.04.2021;Hayýr;;629;1477;;;;10819;2066;2066
YALI MH DEÐÝRMENDERE KOCAELÝ;DOÐU MARMARA;1;MÝGROS;2;MM;6723;40.717507;29.773245;Deðirmendere Yalý Mah.Atatürk Blv.No:106;41;2;KOCAELÝ;GÖLCÜK;31.03.2021;Hayýr;;865;1076;;;;10057;2067;2067
SUADIYE ÝSTANBUL MACROCENTER;DOÐU MARMARA;4;MACROCENTER;9;MACROCENTER;6724;40.957606;29.085886;Bostancý Mah Baðdat Cad. No : 452 1A;34;16;ÝSTANBUL;KADIKÖY;7.05.2021;Hayýr;;445;659;;2;;10527;2068;2068
MJET DÝPDAÐ DALYAN MUÐLA;GÜNEY EGE;230;MJET;9;M-JET;6725;36.8306;28.6394;Dalyan Maraþ Mah Dibdað Cad. No:12;48;9;MUÐLA;ORTACA;29.04.2021;Hayýr;;281;478;;;;9404;2069;2069
MJET OBA FABRIKA CAD.ALANYA PO;BATI AKDENÝZ;230;MJET;255;MJET-ÝSTASYON;6726;36.536795;32.043563;Oba Mah, Çevre Yolu Cad. No:59;7;2;ANTALYA;ALANYA;30.03.2021;Hayýr;;80;84;;;;11045;2070;2070
MASLAK 1453 M MÝGROS;BATI MARMARA;1;MÝGROS;6;SELF SERVÝS M;6727;41.116319;29.009615;Maslak Mah. Maslak 1453 Cad No:207;34;22;ÝSTANBUL;SARIYER;25.06.2021;Hayýr;;377;602;;;;10618;2071;2071
MJET ERENKÖY ÝSTASYON ÝSTANBUL;DOÐU MARMARA;230;MJET;9;M-JET;6729;40.97513;29.07976;Erenköy Mah. Erenköy Ýstasyon Cad. No:54;34;16;ÝSTANBUL;KADIKÖY;31.03.2021;Hayýr;;146;240;;;;10808;2072;2072
VEGA HILLS SAMSUN MM MÝGROS;KARADENÝZ/KUZEYD.AND;1;MÝGROS;2;MM;6730;41.308483;36.277383;Büyükkolpýnar Mah,1246.Cadde No:66/20A;55;15;SAMSUN;ATAKUM;29.04.2021;Hayýr;;781;1087;;;;10874;2073;2073
MJET ATATÜRK CAD. YALOVA;GÜNEY MARMARA;230;MJET;9;M-JET;6736;40.667819;29.321186;Çiftlik Mah. Atatürk Cad. Çeþme Sok NO:2;77;4;YALOVA;ÇÝFTLÝKKÖY;15.04.2021;Hayýr;;227;353;;;;11461;2074;2074
KAVAKLAR GÝRESUN M MÝGROS;KARADENÝZ/KUZEYD.AND;1;MÝGROS;5;SERVÝS REYONLU M;6738;40.911222;38.401519;Kavaklar Mah.Akçay Sok. No:11;28;0;GÝRESUN;MERKEZ;20.05.2021;Hayýr;;489;689;;;;10753;2075;2075
FARUK BAYKAL CAD BALAT BURSA M;GÜNEY MARMARA;1;MÝGROS;6;SELF SERVÝS M;6739;40.259302;28.939723;Balat Mah. Faruk Baykal Cad. No:14/A;16;1;BURSA;NÝLÜFER;30.04.2021;Hayýr;;418;747;;3;;11673;2076;2076
CADDEBOSTAN PLAJYOLU MACROCENT;DOÐU MARMARA;4;MACROCENTER;9;MACROCENTER;6741;40.966844;29.06321;Caddebostan Mah. Kiraz Çýkmazý Sok. No: 2/6B;34;16;ÝSTANBUL;KADIKÖY;14.07.2021;Hayýr;;430;890;;;;8179;2078;2078
GÜNGÖREN SANAYÝ M MÝGROS;BATI MARMARA;1;MÝGROS;6;SELF SERVÝS M;6742;41.019298;28.883845;Sanayi Mah. Samsun Sok. No:7;34;15;ÝSTANBUL;GÜNGÖREN;11.06.2021;Hayýr;;449;647;;;;11334;2079;2079
MJET BAÐDAT CAD GÖZTEPE ÝST;DOÐU MARMARA;230;MJET;9;M-JET;6747;40.97198;29.058742;Caddebostan Mah. Baðdat Cad. No:240;34;16;ÝSTANBUL;KADIKÖY;22.04.2021;Hayýr;;172;395;;;;11527;2080;2080
MJET DÖÞEMEALTI YEÞILBAYIR;BATI AKDENÝZ;230;MJET;9;M-JET;6748;36.990076;30.600375;Yeþilbayýr Mah. Atatürk Cad. No:162A;7;16;ANTALYA;DÖÞEMEALTI;21.04.2021;Hayýr;;217;336;;;;10380;2081;2081
MJET KÜÇÜK SANAYÝ BURSA;GÜNEY MARMARA;230;MJET;9;M-JET;6749;40.207766;28.941002;Beþevler Mah.Küçük Sanayi Sitesi Nilüfer 220 Cad;16;1;BURSA;NÝLÜFER;29.04.2021;Hayýr;;177;218;;;;11654;2082;2082
BAÐCILAR ATATÜRK CADDESÝ M;BATI MARMARA;1;MÝGROS;6;SELF SERVÝS M;6750;41.029486;28.828313;Baðlar Mah.Atatürk Cad. No:16;34;3;ÝSTANBUL;BAÐCILAR;28.05.2021;Hayýr;;302;372;;;;11038;2083;2083
KAPLANKAYA MACROCENTER;GÜNEY EGE;4;MACROCENTER;9;MACROCENTER;6751;37.31211965;27.40824642;Bozbük Mah. Merkez 46 Sok No:205/I;48;8;MUÐLA;MÝLAS;19.05.2021;Hayýr;;320;380;Evet;;5122;;2084;2084
MJET AYAÞ MERSÝN;DOÐU AKDENÝZ;230;MJET;9;M-JET;6752;36.506006;34.195564;Ayaþ Mah Saðlýk Sok. No:12;33;5;MERSÝN;ERDEMLÝ;9.06.2021;Hayýr;;291;548;Evet;;;10778;2085;2085
KOZLU M MÝGROS;ÝÇ ANADOLU;1;MÝGROS;5;SERVÝS REYONLU M;6753;41.437928;31.745888;Güney Mah Zonguldak Yolu Cad. No:6B;67;7;ZONGULDAK;KOZLU;4.05.2021;Hayýr;;648;916;;;;10849;2086;2086
MJET DEMRE BÜYÜKKUM;BATI AKDENÝZ;230;MJET;9;M-JET;6754;36.238438;29.989598;Büyükkum Mah. Finike Cad No:4;7;8;ANTALYA;DEMRE;15.06.2021;Hayýr;;279;527;;;;9879;2087;2087
AFYONKARAHÝSAR TRÝO MM MÝGROS;ÝÇ ANADOLU;1;MÝGROS;2;MM;6755;38.782449;30.499494;Cumhuriyet Mah.Afyon Çevre Yolu No:3030;3;0;AFYONKARAHÝSAR;MERKEZ;29.04.2021;Hayýr;;850;1671;;;;6229;2088;2088
MJET ÇEÞME ÇARÞI;KUZEY EGE;230;MJET;9;M-JET;6756;38.32562238;26.30681166;Ýsmet Ýnönü Mah. 2032 Sok. No:4/A;35;14;ÝZMÝR;ÇEÞME;15.04.2021;Hayýr;;266;350;;;4684;;2089;2089
MJET ILICA SAHÝL ÇEÞME;KUZEY EGE;230;MJET;9;M-JET;6757;38.310712;26.355042;Ilýca Mahallesi 5074 Sokak No:76;35;14;ÝZMÝR;ÇEÞME;20.04.2021;Hayýr;;460;780;;;4538;;2090;2090
BEÞÝKTAÞ TÜRKALÝ MACROKIOSK;BATI MARMARA;235;MACROKIOSK;243;MACROKIOSK;6758;41.046406;29.002615;Türkali Mah. Ihlamurdere Cad. No:73/A;34;7;ÝSTANBUL;BEÞÝKTAÞ;20.05.2021;Hayýr;;70;150;;;;11324;2091;2091
MJET SEYDÝKEMER;GÜNEY EGE;230;MJET;9;M-JET;6759;36.645379;29.363777;Cumhuriyet Mah Ýnönü Cad. No:34;48;13;MUÐLA;SEYDÝKEMER;28.05.2021;Hayýr;;227;481;;;;9399;2092;2092
MJET SARUHANLI MANÝSA;KUZEY EGE;230;MJET;9;M-JET;6760;38.731568;27.578594;Ýstasyon Mah. 7 Eylül Cad. nO:76/B;45;12;MANÝSA;SARUHANLI;30.06.2021;Hayýr;;275;542;;;;9899;2093;2093
MJET FATÝH CADDESÝ MORDOÐAN;KUZEY EGE;230;MJET;9;M-JET;6761;38.515124;26.625673;Mordoðan Mah. Fatih Cad. No:9;35;17;ÝZMÝR;KARABURUN;7.05.2021;Hayýr;;307;417;;;;10723;2094;2094
MJET EMEK CD.ALIAÐA ÝZMÝR;KUZEY EGE;230;MJET;9;M-JET;6762;38.785456;26.958421;Siteler Mah. Emek Cad. No:14;35;10;ÝZMÝR;ALÝAÐA;28.05.2021;Hayýr;;250;496;;;;10747;2095;2095
DALAMAN SANAYÝ CAD MM MÝGROS;GÜNEY EGE;1;MÝGROS;2;MM;6763;36.767251;28.801426;Merkez Mah.Sanayi Cad. No3A-3B;48;2;MUÐLA;DALAMAN;18.06.2021;Hayýr;;1030;1961;;;;6620;2096;2096
YALIKAVAK GÖKÇEBEL MACROCENTER;GÜNEY EGE;4;MACROCENTER;9;MACROCENTER;6765;37.122953;27.319038;Dirmil Mah. 6689. Sok. No: 1E Adres Yalýkavak;48;1;MUÐLA;BODRUM;28.05.2021;Hayýr;;422;614;;;;10610;2097;2097
ANAMUR OTOGAR MERSÝN MM;BATI AKDENÝZ;1;MÝGROS;2;MM;6766;36.072431;32.833734;Yeþilyurt Mah. 23 Nisan Cad. 408 Sok, 60/1;33;1;MERSÝN;ANAMUR;21.05.2021;Hayýr;;682;1363;;;;10118;2098;2098
BARIÞ MANÇO BUL. FETHÝYE M;GÜNEY EGE;1;MÝGROS;6;SELF SERVÝS M;6767;36.66251502;29.1231032;Foça Mah. Barýþ Manço Blv. No:43;48;4;MUÐLA;FETHÝYE;18.05.2021;Hayýr;;261;568;;;5948;;2099;2099
MJET OLÝMPOS KUMLUCA ANTALYA;BATI AKDENÝZ;230;MJET;9;M-JET;6768;36.38114;30.45008;Yazýr Mah.Kiliseyakasý Sok. No:113;7;12;ANTALYA;KUMLUCA;4.06.2021;Hayýr;;143;192;;;;10883;2100;2100
MJET AKSU ÇALKAYA PO;BATI AKDENÝZ;230;MJET;255;MJET-ÝSTASYON;6769;36.946297;30.859331;Çalkaya Mah. Serik Cad. No:206;7;15;ANTALYA;AKSU;7.05.2021;Hayýr;;147;155;;;;11193;2101;2101
MJET KARAHAYIT DENÝZLÝ;GÜNEY EGE;230;MJET;9;M-JET;6771;37.956269;29.106185;Karahayýt Mah. Atatürk(Fatih) Cad. No:20;20;19;DENÝZLÝ;PAMUKKALE;18.06.2021;Hayýr;;290;376;;;;5865;2102;2102
MJET ÖZDERE ÇUKURALTI;GÜNEY EGE;230;MJET;9;M-JET;6772;38.014749;27.103434;Çukuraltý Mah.  Atatürk Blv. No:12;35;21;ÝZMÝR;MENDERES;2.06.2021;Hayýr;;274;539;Evet;;;7407;2103;2103
ÇOLAKLI ÜÇTEPELER ANTALYA M;BATI AKDENÝZ;1;MÝGROS;6;SELF SERVÝS M;6774;36.81714;31.32555;Çolaklý Mah, Turizm Cad (Üçtepeler).No 11/Z01;7;13;ANTALYA;MANAVGAT;18.06.2021;Hayýr;;355;476;;;;11645;2104;2104
GÖZTEPE ÝZMÝR MACROKIOSK;KUZEY EGE;235;MACROKIOSK;243;MACROKIOSK;6777;38.397862;27.088488;Göztepe Mah. Mithatpaþa Cd. No:895/A;35;8;ÝZMÝR;KONAK;2.06.2021;Hayýr;;76;88;;;;11276;2106;2106
CÝHANGÝR MACROKIOSK;BATI MARMARA;235;MACROKIOSK;243;MACROKIOSK;6778;41.031475;28.983218;Cihangir Mah.Yeni Yuva Sok. No:31/B;34;9;ÝSTANBUL;BEYOÐLU;31.10.2022;Hayýr;;85;170;;;;11435;2107;2107
KURTULUÞ ÝSTANBUL MACROKIOSK;BATI MARMARA;235;MACROKIOSK;243;MACROKIOSK;6779;41.048401;28.980954;Bozkurt Mah. Kurtuluþ Cad. No:129;34;23;ÝSTANBUL;ÞÝÞLÝ;28.07.2021;Hayýr;;80;130;;;;11598;2108;2108
MURATPAÞA ÞÝRÝNYALI MACROKIOSK;BATI AKDENÝZ;235;MACROKIOSK;243;MACROKIOSK;6780;36.85836;30.74052;Þirinyalý Mah. Ýsmet Gökþen Cad. No:87;7;19;ANTALYA;MURATPAÞA;26.05.2021;Hayýr;;70;114;;;;11503;2109;2109
AFÞÝN KAHRAMANMARAÞ M MÝGROS;DOÐU AKDENÝZ;1;MÝGROS;5;SERVÝS REYONLU M;6782;38.242554;36.916456;Yeþilyurt Mah. Abdurahman Nazým Kaynak Cad;46;1;KAHRAMANMARAÞ;AFÞÝN;27.05.2021;Hayýr;;456;660;;;;10963;2110;2110
MJET ÝSTASYON CAD.TUZLA ÝST;DOÐU MARMARA;230;MJET;9;M-JET;6783;40.823703;29.317621;Ýstasyon Mah. Ýstasyon Cad. No:103;34;24;ÝSTANBUL;TUZLA;2.07.2021;Hayýr;;225;274;;;;11241;2111;2111
MJET ENEZ MERKEZ;BATI MARMARA;230;MJET;9;M-JET;6785;40.724312;26.083796;Gaziömerbey Mah, Abdullah Bostancý Sok. No:28;22;1;EDÝRNE;ENEZ;9.06.2021;Hayýr;;275;330;;;;11843;2112;2112
KOZYATAÐI ÝNÖNÜ CAD.MACROKIOSK;DOÐU MARMARA;235;MACROKIOSK;243;MACROKIOSK;6786;40.979326;29.089911;19 Mayýs Mah. Ýnönü Cad. No: 73A;34;16;ÝSTANBUL;KADIKÖY;2.06.2021;Hayýr;;100;220;;;;11949;2113;2113
MALTEPE YALI CAD..MACROKIOSK;DOÐU MARMARA;235;MACROKIOSK;243;MACROKIOSK;6787;40.91766;29.136074;Yalý Mah.Mareþal Fevzi Çakmak Cad.nO:42;34;20;ÝSTANBUL;MALTEPE;13.08.2021;Hayýr;;75;141;;;;11683;2114;2114
ÇEÞME ILICA MACROCENTER;KUZEY EGE;4;MACROCENTER;9;MACROCENTER;6789;38.305736;26.362439;Ilýca Mah. 5076 Sok. 14. Blok No: 10/E-10/F;35;14;ÝZMÝR;ÇEÞME;16.07.2021;Hayýr;;301;626;Evet;;;10760;2116;2116
MJET ENEZ BÜYÜKEVREN;BATI MARMARA;230;MJET;9;M-JET;6790;40.649865;26.230028;Enez Keþan Yolu ,22750 Büyükevren Köyü Mah;22;1;EDÝRNE;ENEZ;27.05.2022;Hayýr;;255;344;Evet;;;11845;2117;2117
ÇEÞME ARDIÇ MACROCENTER;KUZEY EGE;4;MACROCENTER;9;MACROCENTER;6791;38.31932;26.38729;Ardýç Mah. 5438 Sokak No:3;35;14;ÝZMÝR;ÇEÞME;1.07.2021;Hayýr;;510;1047;;;1031;;2118;2118
ÇEÞME MACROCENTER;KUZEY EGE;4;MACROCENTER;9;MACROCENTER;6792;38.315532;26.305668;Musalla Mah. 1060 Sokak No:2;35;14;ÝZMÝR;ÇEÞME;1.07.2021;Hayýr;;987;1259;;;4872;;2119;2119
MJET GÜNDOÐAN DÝYARBAKIR PO;DOÐU/G.DOÐU ANADOLU;230;MJET;255;MJET-ÝSTASYON;6794;37.933883;40.194692;Þanlýurfa Bulvarý Gündoðan Petro;21;15;DÝYARBAKIR;KAYAPINAR;25.06.2021;Hayýr;;81;85;;;;11779;2121;2121
ATAKUM SAHÝL MACROKIOSK;KARADENÝZ/KUZEYD.AND;235;MACROKIOSK;243;MACROKIOSK;6795;41.336915;36.274364;Mimarsinan Mah. Adnan Menderes Blv. No:243/A;55;15;SAMSUN;ATAKUM;1.07.2021;Hayýr;;130;176;;;;11387;2122;2122
FEVZI ÇAKMAK MH.TORBALI M;GÜNEY EGE;1;MÝGROS;6;SELF SERVÝS M;6796;38.237513;27.285411;Fevzi Çakmak Mah. Ýzmir Aydýn Cad. No:16/1A1B-1C;35;27;ÝZMÝR;TORBALI;30.06.2021;Hayýr;;451;769;;;;11442;2123;2123
CENGÝZ TOPEL CAD. BALIKESÝR M;GÜNEY MARMARA;1;MÝGROS;6;SELF SERVÝS M;6797;39.641041;27.898;1. Gündoðan Mah. Cengiz Topel Cad. No:110;10;19;BALIKESÝR;ALTIEYLÜL;10.08.2021;Hayýr;;633;814;;3;;7296;2124;2124
DATÇA PALAMUTBÜKÜ MACROKIOSK;GÜNEY EGE;235;MACROKIOSK;243;MACROKIOSK;6799;36.673199;27.506821;Yaka Mah. Palamutbükü Küme Evleri No:87;48;3;MUÐLA;DATÇA;23.06.2021;Hayýr;;108;218;;;;8912;2125;2125
KONYAALTI YALI MACROKIOSK;BATI AKDENÝZ;235;MACROKIOSK;243;MACROKIOSK;6800;36.849623;30.61849;Liman Mah. 21. Sokak. No:4/A-B;7;18;ANTALYA;KONYAALTI;10.06.2021;Hayýr;;109;208;;;;11875;2126;2126
SÝLVAN DÝYARBAKIR M MIGROS;DOÐUAKDENZ/GÜNEYDOÐU;1;MÝGROS;5;SERVÝS REYONLU M;6802;38.148553;41.003492;Kale Mah. Diyarbakýr Cad. No 51/3A;21;13;DÝYARBAKIR;SÝLVAN;14.07.2021;Hayýr;;669;1038;;;;11719;2128;2128
MJET KULA;KUZEY EGE;230;MJET;9;M-JET;6805;38.54527;28.645163;Camicedit Mah.Yunus Emre Cad.No:81/A 81/B 81/C;45;9;MANÝSA;KULA;26.11.2021;Hayýr;;235;335;;;;11152;2129;2129
GAZÝ CADDESÝ ELAZIÐ MM;DOÐUAKDENZ/GÜNEYDOÐU;1;MÝGROS;2;MM;6809;38.669617;39.185839;Sürsürü Mah. Malatya Cad. No:7/A;23;0;ELAZIÐ;MERKEZ;14.07.2021;Hayýr;;1105;1506;;;;;2130;2130
ÝZZET PAÞA ELAZIÐ M MÝGROS;DOÐUAKDENZ/GÜNEYDOÐU;1;MÝGROS;5;SERVÝS REYONLU M;6810;38.676451;39.221446;Ýzzet Paþa Mah. Mimar Faruk Cad. No:20;23;0;ELAZIÐ;MERKEZ;29.06.2021;Hayýr;;777;1370;;;;;2131;2131
ÝSMET PAÞA CAD. MALATYA  M;DOÐU/G.DOÐU ANADOLU;1;MÝGROS;5;SERVÝS REYONLU M;6812;38.339233;38.307819;Ataköy Mah.(HaciAbdiMah) Ýsmet Paþa Mah.No:46/A;44;4;MALATYA;BATTALGAZÝ;24.06.2021;Hayýr;;720;979;;;;;2132;2132
TURGUT ÖZAL BULVARI MALATYA M;DOÐU/G.DOÐU ANADOLU;1;MÝGROS;5;SERVÝS REYONLU M;6814;38.347168;38.285045;Özalper Mah. Turgut Özal Bulv.NO:3/A;44;13;MALATYA;YEÞÝLYURT;14.07.2021;Hayýr;;645;2000;;;;;2133;2133
ÇÖÞNÜK MALATYA M MÝGROS;DOÐU/G.DOÐU ANADOLU;1;MÝGROS;5;SERVÝS REYONLU M;6815;38.348145;38.354136;Çöþnük Mah. Mehmet Buyruk Cad. No:87;44;4;MALATYA;BATTALGAZÝ;23.06.2021;Hayýr;;900;1276;;;;;2134;2134
NÝNOVAPARK AVM DÝYARBAKIR MM;DOÐU/G.DOÐU ANADOLU;1;MÝGROS;2;MM;6816;37.934923;40.202182;Selahattin Eyyubi Mah. Urfa Bulv.Ninoca Blok No:13;21;14;DÝYARBAKIR;BAÐLAR;14.07.2021;Hayýr;;1097;1293;;;;;2135;2135
TEPEBAÞI KIZILTEPE MARDÝN MM;DOÐU/G.DOÐU ANADOLU;1;MÝGROS;2;MM;6817;37.194396;40.590872;Tepebaþý Mah.Mardin Cad. Zeran Sit. A-B-C-D Blok;47;3;MARDÝN;KIZILTEPE;14.07.2021;Hayýr;;1200;2983;;;;;2136;2136
KAYAPINAR DÝYARBAKIR MM;DOÐU/G.DOÐU ANADOLU;1;MÝGROS;2;MM;6818;37.946052;40.175773;Diclekent Mah. Kayapýnar Cad. AVM Blok No:59;21;15;DÝYARBAKIR;KAYAPINAR;14.07.2021;Hayýr;;1341;2356;;;;;2137;2137
ÝSTASYON CAD.DÝYARBAKIR MM;DOÐU/G.DOÐU ANADOLU;1;MÝGROS;2;MM;6819;37.909762;40.215851;Þehitlik Mah. Mehmet Akif Ersoy Cad. No:12;21;17;DÝYARBAKIR;YENÝÞEHÝR;14.07.2021;Hayýr;;1500;2718;;;;;2138;2138
MARDÝAN MALL MARDÝN MM;DOÐU/G.DOÐU ANADOLU;1;MÝGROS;2;MM;6820;37.321591;40.723799;Yeniþehir Mah. Vali Ozan Cad. No:51 Arasta AVM;47;10;MARDÝN;ARTUKLU;28.07.2021;Hayýr;;1459;2301;;;;;2139;2139
MÝDYAT SEYÝTLER MAH.MARDÝN MM;DOÐU/G.DOÐU ANADOLU;1;MÝGROS;2;MM;6821;37.419735;41.353086;Cumhuriyet Bulvarý Leventoðlu Apt. No:2/179;47;5;MARDÝN;MÝDYAT;14.07.2021;Hayýr;;950;1151;;;;;2140;2140
DÝYARBAKIR MAHABAD BUL. M;DOÐUAKDENZ/GÜNEYDOÐU;1;MÝGROS;5;SERVÝS REYONLU M;6823;37.923554;40.148056;Fýrat Mah. Mahabad Bulvarý No: 100/1 /Z01;21;15;DÝYARBAKIR;KAYAPINAR;30.06.2021;Hayýr;;670;815;;;;;2142;2142
DÜNYA KAVÞAK DÝYARBAKIR M;DOÐUAKDENZ/GÜNEYDOÐU;1;MÝGROS;5;SERVÝS REYONLU M;6824;37.952674;40.166981;"Mahabat Bulvarý Peyas Mah.Pek-Yil Petrol  No; 36";21;15;DÝYARBAKIR;KAYAPINAR;30.06.2021;Hayýr;;583;1117;;;;;2143;2143
SANAT DÝYARBAKIR MACROKIOSK;DOÐU/G.DOÐU ANADOLU;235;MACROKIOSK;243;MACROKIOSK;6825;37.921243;40.222207;Kooperatifler Mah. Sanat Sok. NO:22A;21;17;DÝYARBAKIR;YENÝÞEHÝR;21.09.2021;Hayýr;;137;482;;;;;2144;2144
N.HÝKMET CD D.BAKIR MACROKIOSK;DOÐU/G.DOÐU ANADOLU;235;MACROKIOSK;243;MACROKIOSK;6826;37.929313;40.148892;Fýrat Mah. Nazým Hikmet Cad. NO:26CA;21;15;DÝYARBAKIR;KAYAPINAR;21.09.2021;Hayýr;;132;420;;;;;2145;2145
LUNAPARK D.BAKIR MACROKIOSK;DOÐU/G.DOÐU ANADOLU;235;MACROKIOSK;243;MACROKIOSK;6827;37.932355;40.153983;Fýrat Mah. Mahabad Bul. NO:67AA;21;15;DÝYARBAKIR;KAYAPINAR;21.09.2021;Hayýr;;160;293;;;;;2146;2146
MJET Þ.URFA SÝVEREK OFÝS MAH;DOÐU/G.DOÐU ANADOLU;230;MJET;9;M-JET;6828;37.751388;39.333028;Ofis Mah. Mustafa Remzi Bucak Bulv.NO:24-A;63;8;ÞANLIURFA;SÝVEREK;29.06.2021;Hayýr;;320;655;;;;;2147;2147
PRÝME MALL AVM ANTAKYA MM;DOÐU AKDENÝZ;1;MÝGROS;2;MM;6829;36.229515;36.136639;"Akasya Mah. Þükrü Balcý Cad. No;167/1";31;12;HATAY;ANTAKYA;25.06.2021;Hayýr;;1640;2450;;;;;2148;2148
ÝSKENDERUN MUSTAFA KEMAL MH.M;DOÐU AKDENÝZ;1;MÝGROS;5;SERVÝS REYONLU M;6830;36.563418;36.15101;Mustafa Kemal Mah ,Mimar Sinan Bulvarý No 3/2A;31;6;HATAY;ÝSKENDERUN;18.06.2021;Hayýr;;422;700;;;;;2149;2149
Þ.PAMÝR ÝSKENDERUN MACROKIOSK;DOÐU AKDENÝZ;235;MACROKIOSK;243;MACROKIOSK;6832;36.59106;36.171415;Savaþ Mah. Þehit Pamir Cad. No:6/B;31;6;HATAY;ÝSKENDERUN;31.08.2021;Hayýr;;134;313;;;;;2150;2150
VÝRANÞEHÝR ÞANLIURFA M;DOÐU/G.DOÐU ANADOLU;1;MÝGROS;5;SERVÝS REYONLU M;6834;37.224767;39.753679;Yeniþehir Mah. 3 Cadde 12/A No:5;63;10;ÞANLIURFA;VÝRANÞEHÝR;6.07.2021;Hayýr;;497;790;;;;;2152;2152
MJET ÞANLIURFA POLDEM;DOÐU/G.DOÐU ANADOLU;230;MJET;9;M-JET;6835;37.169417;38.800969;Selahattin Eyyubi Mah. 218 Sokak No:14;63;12;ÞANLIURFA;HALÝLÝYE;28.06.2021;Hayýr;;376;887;;;;;2153;2153
KURTULUÞ VAN MM MÝGROS;DOÐU/G.DOÐU ANADOLU;1;MÝGROS;2;MM;6836;38.501312;43.37499;Alipaþa Mah. Kazým Karabekir Cad. No:180;65;12;VAN;ÝPEKYOLU;1.07.2021;Hayýr;;1163;1951;;;;;2154;2154
PARK AVM ERZÝNCAN MM;KARADENÝZ/KUZEYD.AND;1;MÝGROS;2;MM;6837;39.747722;39.466638;Mimar Sinan Mah. Halitpaþa Cad. no:141 B-02;24;0;ERZÝNCAN;MERKEZ;1.07.2021;Hayýr;;1050;1510;;;;;2155;2155
TATVAN YAÞAM AVM MM MÝGROS;DOÐU/G.DOÐU ANADOLU;1;MÝGROS;2;MM;6838;38.495933;42.286633;Sahil Mah.Hal Cad.Tatvan AVM No:72;13;6;BÝTLÝS;TATVAN;1.07.2021;Hayýr;;1290;1927;;;;;2156;2156
VAN AVM MMM MÝGROS;DOÐU/G.DOÐU ANADOLU;1;MÝGROS;3;MMM;6839;38.499291;43.394704;Serhat Mah.Cumhuriyet Bulv No:147 Ýç Kapý No:2BK07;65;12;VAN;ÝPEKYOLU;1.07.2021;Hayýr;;1617;2042;;;;;2157;2157
MJET ÇEKMEKÖY NÝÞANTEPE;DOÐU MARMARA;230;MJET;9;M-JET;6840;41.043688;29.259177;Niþantepe Mah. Saray Cad. No:188/8D-E-F;34;37;ÝSTANBUL;ÇEKMEKÖY;18.06.2021;Hayýr;;220;380;;;;10965;2158;2158
MJET ÝNKUM BARTIN;ÝÇ ANADOLU;230;MJET;9;M-JET;6841;41.670455;32.228667;Karasu Köyü Ýskele Köy Baðlýsý Ýskele 10 nolu Soka;74;0;BARTIN;MERKEZ;17.06.2021;Hayýr;;87;126;Evet;;;;2159;2159
MJET AVCILAR CÝHANGÝR;BATI MARMARA;230;MJET;9;M-JET;6844;40.989686;28.710412;Cihangir Mah Civa Cad. No:32A;34;2;ÝSTANBUL;AVCILAR;17.09.2021;Hayýr;;219;242;;;;11067;2162;2162
MJET BANDIRMA KEMAL ÖZAL CAD;GÜNEY MARMARA;230;MJET;9;M-JET;6846;40.344463;27.973271;Sunullah Mah. Zekeriya Özdil Sok. 65 BA/8;10;3;BALIKESÝR;BANDIRMA;16.07.2021;Hayýr;;186;223;;;;11901;2163;2163
MJET KIYI MARÝNA B.ÇEKMECE;BATI MARMARA;230;MJET;9;M-JET;6847;41.016966;28.582673;Fatih Mah.Kordonboyu Cad.No:2;34;28;ÝSTANBUL;BÜYÜKÇEKMECE;21.04.2022;Hayýr;;291;373;;;;10593;2164;2164
DÖÞEMEALTI YENIKÖY ANTALYA M;BATI AKDENÝZ;1;MÝGROS;6;SELF SERVÝS M;6850;37.03776;30.59991;Yeniköy Mah.  Atatürk Cad. No:600/A;7;16;ANTALYA;DÖÞEMEALTI;31.08.2021;Hayýr;;440;765;;;;10382;2165;2165
5M M1 AVM KONYA;ÝÇ ANADOLU;185;5M;191;5M;6851;37.950291;32.495938;Yazýr Mah. Doç.Dr. Halil Ürün Cad. No:22;42;3;KONYA;SELÇUKLU;25.06.2021;Hayýr;;3462;5133;;1,3;;;2166;2166
MJET MERSÝN ERDEMLÝ E.BULVARI;DOÐU AKDENÝZ;230;MJET;9;M-JET;6852;36.601136;34.305251;Akdeniz Mah Elçi Bey Sok. No:27;33;5;MERSÝN;ERDEMLÝ;14.07.2021;Hayýr;;272;351;;;;12146;2167;2167
MJET GAZÝANTEP GÝRAY PO;DOÐU AKDENÝZ;230;MJET;255;MJET-ÝSTASYON;6853;37.090253;37.358647;Yukarý Beylerbeyi Mareþal Fevzi Çakmak bulvarý;27;2;GAZÝANTEP;ÞEHÝTKAMÝL;18.06.2021;Hayýr;;62;68;;;;11778;2168;2168
BOZÜYÜK YEÞÝLKENT M MÝGROS;GÜNEY MARMARA;1;MÝGROS;6;SELF SERVÝS M;6855;39.889969;30.065086;Yeþilkent Mah Þehit Fikret Son Cad. No:7/14;11;1;BÝLECÝK;BOZÜYÜK;16.07.2021;Hayýr;;460;588;;;;11721;2169;2169
FSM BULVARI BURSA MACROKIOSK;GÜNEY MARMARA;235;MACROKIOSK;243;MACROKIOSK;6856;40.224501;28.979837;Ýhsaniye Mah. Tuna Cd. 171/A;16;1;BURSA;NÝLÜFER;27.08.2021;Hayýr;;107;207;;;;12207;2170;2170
ÞÝLE KUMBABA MACROKIOSK;DOÐU MARMARA;235;MACROKIOSK;243;MACROKIOSK;6857;41.166622;29.577955;Çavuþ Mah.Üsküdar Cad. No:313;34;32;ÝSTANBUL;ÞÝLE;14.07.2021;Hayýr;;155;315;;;3716;;2171;2171
PÝRÖMER EREÐLÝ MM MÝGROS;ÝÇ ANADOLU;1;MÝGROS;2;MM;6859;37.509469;34.045346;Pirömer Mah. Üçgöz Cad. NO:34A;42;17;KONYA;EREÐLÝ;3.09.2021;Hayýr;;790;1449;;;;12096;2172;2172
KAYSERÝ ERKÝLET M MÝGROS;DOÐU AKDENÝZ;1;MÝGROS;5;SERVÝS REYONLU M;6863;38.787581;35.4548;Osmangazi Mah Erkilet Bulvarý 558 A;38;1;KAYSERÝ;KOCASÝNAN;17.09.2021;Hayýr;;642;2081;;3;;11048;2173;2173
ZÜMRÜT KAYSERÝ M MÝGROS;DOÐU AKDENÝZ;1;MÝGROS;5;SERVÝS REYONLU M;6864;38.743383;35.496995;Yakut Mah, Akmescit Cad. No:20;38;1;KAYSERÝ;KOCASÝNAN;12.08.2021;Hayýr;;744;1044;;;;11807;2174;2174
ZÝLE TOKAT M MÝGROS;KARADENÝZ/KUZEYD.AND;1;MÝGROS;5;SERVÝS REYONLU M;6865;40.299667;35.890526;Dinçerler Mah. Dinçerler Cad. No:26/A;60;11;TOKAT;ZÝLE;16.07.2021;Hayýr;;337;714;;;;10898;2175;2175
SELÇUKBEY DENÝZLÝ M MÝGROS;GÜNEY EGE;1;MÝGROS;6;SELF SERVÝS M;6866;37.7889665;29.02797785;Selçukbey Mah. Þ.P.Kom.Er Mehmet Avcý Cad;20;20;DENÝZLÝ;MERKEZEFENDÝ;16.07.2021;Hayýr;;361;470;;;4284;;2176;2176
FETHÝYE CAHÝT BEÐENÇ M MÝGROS;GÜNEY EGE;1;MÝGROS;6;SELF SERVÝS M;6867;36.66747837;29.108197;Foça Mah. Cahit Begenç Bulvarý;48;4;MUÐLA;FETHÝYE;10.08.2021;Hayýr;;475;843;;;;10021;2177;2177
ALANYA CÝKCÝLLÝ BULVAR M;BATI AKDENÝZ;1;MÝGROS;6;SELF SERVÝS M;6869;36.549962;32.022649;Cikcilli Mh.Mevlüt Çavuþoðlu Bulvarý NO:10 A/A;7;2;ANTALYA;ALANYA;3.09.2021;Hayýr;;327;626;;;;12217;2178;2178
ÇERKEZKÖY CUMHURÝYET MAH M;BATI MARMARA;1;MÝGROS;6;SELF SERVÝS M;6872;41.271249;28.012715;Cumhuriyet Mah., Cengiz Topel Cad No:68;59;1;TEKÝRDAÐ;ÇERKEZKÖY;7.01.2022;Hayýr;;368;621;;;;11856;2179;2179
MJET DATÇA KAIROS MARINA;GÜNEY EGE;230;MJET;9;M-JET;6873;36.770083;27.6189;Karaköy Mah. Karaköy Küme Evleri No: 577B/8;48;3;MUÐLA;DATÇA;16.07.2021;Hayýr;;165;244;Evet;;;12055;2180;2180
MJET ADANA HASTANELER;DOÐU AKDENÝZ;230;MJET;9;M-JET;6875;37.015506;35.322368;Ziyapaþa Mah. Baraj Cad. No:6;1;1;ADANA;SEYHAN;26.08.2021;Hayýr;;247;444;;;;12199;2181;2181
DEMÝR COUNTRY MM MÝGROS;BATI MARMARA;1;MÝGROS;2;MM;6879;40.98309491;28.65759707;Kavaklý Mah. Yeþilyurt Cad. No:17/D;34;36;ÝSTANBUL;BEYLÝKDÜZÜ;10.12.2021;Hayýr;;885;1308;;;;10047;2182;2182
MJET ARAPÇEÞME GEBZE PO;DOÐU MARMARA;230;MJET;255;MJET-ÝSTASYON;6881;40.810922;29.455442;Arapçeþme Mah. Yeni Baðdat Cad. No:755;41;1;KOCAELÝ;GEBZE;6.08.2021;Hayýr;;85;100;;;;12280;2183;2183
MJET DARICA CUMHURÝYET CAD;DOÐU MARMARA;230;MJET;9;M-JET;6882;40.75911929;29.385259;Zincirlikuyu Mah.  Karaaslan Cad. No:14/A;41;9;KOCAELÝ;DARICA;13.08.2021;Hayýr;;144;240;;;;11398;2184;2184
TOPTAN TUZLA KAFKALE;DOÐU MARMARA;231;TOPTAN SATIÞ;230;TOPTAN SATIÞ;6883;40.831695;29.299031;Yayla Mah.Vatan Cad. No:6;34;24;ÝSTANBUL;TUZLA;17.09.2021;Hayýr;;478;990;;;;11039;2185;2185
5M KULE SÝTE AVM KONYA;ÝÇ ANADOLU;185;5M;191;5M;6886;37.889533;32.492358;Musalla Baðlarý Mah.Kule Cad.Kule Site AVM.No:8/47;42;3;KONYA;SELÇUKLU;27.08.2021;Hayýr;;5023;7465;;1,3;;;2186;2186
HAYALPARK  ADANA MACROKIOSK;DOÐU AKDENÝZ;235;MACROKIOSK;243;MACROKIOSK;6887;37.035733;35.296678;Toros Mah. Kasým Ener Cad 36 A;1;15;ADANA;ÇUKUROVA;20.08.2021;Hayýr;;127;312;;;;12127;2187;2187
KURTTEPE ADANA MACROKIOSK;DOÐU AKDENÝZ;235;MACROKIOSK;243;MACROKIOSK;6888;37.049964;35.279781;Yurt Mah. Kurttepe Cad. No:8/B;1;15;ADANA;ÇUKUROVA;20.08.2021;Hayýr;;133;308;;;;12126;2188;2188
KURTULUÞ ADANA MACROKIOSK;DOÐU AKDENÝZ;235;MACROKIOSK;243;MACROKIOSK;6889;36.998896;35.320928;Kurtuluþ Mah. Ziyapaþa Blv. No:25;1;1;ADANA;SEYHAN;20.08.2021;Hayýr;;120;300;;;;12200;2189;2189
HATAY ÝSKENDERUN LÝYA MARÝN;DOÐU AKDENÝZ;1;MÝGROS;5;SERVÝS REYONLU M;6892;36.585672;36.180916;Sakarya Mah Prof. Muammer Aksoy Cad. No:54/A;31;6;HATAY;ÝSKENDERUN;12.10.2021;Hayýr;;621;1421;;;;12218;2190;2190
100.YIL ADANA M MIGROS;DOÐU AKDENÝZ;1;MÝGROS;5;SERVÝS REYONLU M;6893;37.033843;35.24085;Yüzüncüyýl Mah.Fazlý Meto Bul.No:90A 4KA City D Bl;1;15;ADANA;ÇUKUROVA;7.10.2021;Hayýr;;522;1163;;;;11925;2191;2191
EREÐLÝ PARK SÝTE AVM MM MÝGROS;ÝÇ ANADOLU;1;MÝGROS;2;MM;6894;37.507346;34.049676;Sümer Mah. Eczacý Sami Cad. Park Site Avm No:5;42;17;KONYA;EREÐLÝ;19.08.2021;Hayýr;;1212;2747;;;;;2192;2192
DEMRE M MÝGROS;BATI AKDENÝZ;1;MÝGROS;6;SELF SERVÝS M;6895;36.24173581;29.9860147;Gökyazý Mah. Noel Baba Cad. No:13;7;8;ANTALYA;DEMRE;18.08.2021;Hayýr;;320;729;;;4133;;2193;2193
MJET ÞÝLE KUMBABA SAHÝL;DOÐU MARMARA;230;MJET;9;M-JET;6896;41.166622;29.577955;Kumbaba Mah. Kumbaba Cad. No:114;34;32;ÝSTANBUL;ÞÝLE;20.08.2021;Hayýr;;238;323;;;;9396;2194;2194
MJET SUADÝYE KAZIM ÖZALP;DOÐU MARMARA;230;MJET;9;M-JET;6897;40.963932;29.078111;Suadiye Mah Kazým Özalp Sok. No:3;34;16;ÝSTANBUL;KADIKÖY;27.08.2021;Hayýr;;140;154;;;;12294;2195;2195
PARKUR AVM BURSA MM MÝGROS;GÜNEY MARMARA;1;MÝGROS;2;MM;6899;40.244201;29.088614;Demirtaþ Cumhuriyat Mah. 3.Cadde No:2/1 (L Blok);16;2;BURSA;OSMANGAZÝ;24.11.2021;Hayýr;;920;1240;;;;;2196;2196
KAZIMKARABEKÝR KAYSERÝ M;DOÐU AKDENÝZ;1;MÝGROS;5;SERVÝS REYONLU M;6900;38.726885;35.443687;Kazýmkarabekir Mah. Ahmet Gazi Aydan Blv. NO:41/A;38;2;KAYSERÝ;MELÝKGAZÝ;17.09.2021;Hayýr;;590;1650;;;;11492;2197;2197
ÞEHÝTLER KARS M MÝGROS;KARADENÝZ/KUZEYD.AND;1;MÝGROS;6;SELF SERVÝS M;6902;40.592657;43.088535;Þehitler Mah. Þehitlik Cad. NO:47A;36;0;KARS;MERKEZ;16.09.2021;Hayýr;;477;1103;;;;12242;2198;2198
MJET AKÇAKOCA SAHÝL;DOÐU MARMARA;230;MJET;9;M-JET;6903;41.088527;31.125501;Osmaniye Mah. Çýnar Sok. NO:2A;81;1;DÜZCE;AKÇAKOCA;3.09.2021;Hayýr;;120;154;Evet;;;12386;2199;2199
ELYSÝUM AVM MM MÝGROS;DOÐU/G.DOÐU ANADOLU;1;MÝGROS;2;MM;6904;38.670807;39.186608;Cumhuriyet Mah. Malatya Cad. No:10;23;0;ELAZIÐ;MERKEZ;14.10.2021;Hayýr;;994;1670;;;;10973;2200;2200
KORUKENT MERSÝN M MÝGROS;DOÐUAKDENZ/GÜNEYDOÐU;1;MÝGROS;5;SERVÝS REYONLU M;6905;36.84701;34.617383;Korukent Mah. 238. Cadde NO:10 Blok D Ýç Kapý B;33;12;MERSÝN;TOROSLAR;26.10.2021;Hayýr;;604;1504;;;;12330;2201;2201
MJET BOÐAÇAYI CAD.ANTALYA;BATI AKDENÝZ;230;MJET;9;M-JET;6906;36.862128;30.598711;Hurma Mah.Boðaçay Cad. No:119;7;18;ANTALYA;KONYAALTI;13.10.2021;Hayýr;;318;526;;;;10827;2202;2202
ÞÝÞLÝ MACROKIOSK;BATI MARMARA;235;MACROKIOSK;243;MACROKIOSK;6907;41.060285;28.986867;Merkez Mah. Abide-i Hürriyet Cad No:123;34;23;ÝSTANBUL;ÞÝÞLÝ;28.10.2021;Hayýr;;80;120;;;;11924;2203;2203
AHMET PAÞA CADDESÝ KAYSERÝ M;ÝÇ ANADOLU;1;MÝGROS;5;SERVÝS REYONLU M;6909;38.728569;35.491587;Sahabiye Mah. Ahmet Paþa Cad. No:69/C-69/1A;38;1;KAYSERÝ;KOCASÝNAN;22.10.2021;Hayýr;;330;430;;;;11746;2204;2204
ÝSTASYON KONYA M MÝGROS;ÝÇ ANADOLU;1;MÝGROS;5;SERVÝS REYONLU M;6910;37.866504;32.478198;Mamuriye Mah. Ferit Paþa Cad. No:25;42;2;KONYA;MERAM;18.11.2021;Hayýr;;407;527;;;;12583;2205;2205
SAKARYA HASTANE M MÝGROS;GÜNEY MARMARA;1;MÝGROS;6;SELF SERVÝS M;6911;40.757508;30.391611;Güllük Mah. Saðlýk Cad. B2 Blok No:5/2F;54;13;SAKARYA;ADAPAZARI;8.10.2021;Hayýr;;372;479;;;;12483;2206;2206
ANAFARTALAR CADDESÝ BURSA MM;GÜNEY MARMARA;1;MÝGROS;2;MM;6912;40.223285;28.8354;Dumlupýnar Mah. Anafartalar Cad.;16;1;BURSA;NÝLÜFER;15.10.2021;Hayýr;;781;1157;;;;11720;2207;2207
AYVALIK MACROKIOSK;KUZEY EGE;235;MACROKIOSK;243;MACROKIOSK;6914;39.316986;26.691252;Fevzipaþa Vehbibey Mah. Atatürk Bulv No:116;10;1;BALIKESÝR;AYVALIK;24.09.2021;Hayýr;;119;170;;;;12413;2208;2208
MJET PAYAS HATAY;DOÐU AKDENÝZ;230;MJET;9;M-JET;6916;36.75525;36.215696;Yýldýrým Beyazýt Mah.Bayar Sok. No:1/A;31;15;HATAY;PAYAS;25.11.2021;Hayýr;;298;616;;;;12690;2209;2209
MJET MEZÝTLÝ MERSÝN;DOÐU AKDENÝZ;230;MJET;9;M-JET;6917;36.734347;34.504993;Akdeniz Mah. Cumhuriyet Cad. NO:20C-F;33;11;MERSÝN;MEZÝTLÝ;26.10.2021;Hayýr;;244;318;;;;12495;2210;2210
MJET GEMLÝK OSMANÝYE MAH.;GÜNEY MARMARA;230;MJET;9;M-JET;6920;40.43089;29.173516;Eþref Dinçer Mah Kuvayi Milliye Sok No:221/4;16;5;BURSA;GEMLÝK;28.09.2021;Hayýr;;225;300;;;;12484;2212;2212
KOMBÝNA ERZURUM M MÝGROS;KARADENÝZ/KUZEYD.AND;1;MÝGROS;6;SELF SERVÝS M;6922;39.917714;41.262174;Ömer Nasuhi Bilmen Mah. Kombina Cad. NO:28/3A;25;21;ERZURUM;YAKUTÝYE;7.10.2021;Hayýr;;389;592;;;;12666;2213;2213
LAPSEKÝ ÇANAKKALE M MÝGROS;GÜNEY MARMARA;1;MÝGROS;6;SELF SERVÝS M;6923;40.339311;26.678099;Gazi Süleyman Paþa Mah. Çanakkale Cad. No:53;17;10;ÇANAKKALE;LAPSEKÝ;22.10.2021;Hayýr;;368;576;;;;9188;2214;2214
SABIRLAR TRABZON MM MÝGROS;KARADENÝZ/KUZEYD.AND;1;MÝGROS;2;MM;6924;40.962131;39.842493;Kaþüstü Mah Trabzon Rize Yolu No:104;61;17;TRABZON;YOMRA;10.12.2021;Hayýr;;673;1254;;;;12243;2215;2215
KASTAMALL AVM MM MÝGROS;ÝÇ ANADOLU;1;MÝGROS;2;MM;6926;41.364266;33.766613;Saraçlar Mah. Su Ve Kanalizasyon Ýdaresi No:36;37;0;KASTAMONU;MERKEZ;7.10.2021;Hayýr;;866;1175;;3;;5701;2217;2217
ÝSTÝNYEPARK ÝZMÝR MACROCENTER;KUZEY EGE;4;MACROCENTER;9;MACROCENTER;6927;38.39851007;27.06847226;Bahçelerarasý Mh.Þehit Binbaþý Ali Resmi Tufan Cd.;35;1;ÝZMÝR;BALÇOVA;22.10.2021;Hayýr;;780;1005;;;;10068;2218;2218
AYVALIK MACROCENTER;KUZEY EGE;4;MACROCENTER;9;MACROCENTER;6928;39.332242;26.699428;150 Evler Mah Atatürk Blv. No:267 / 7;10;1;BALIKESÝR;AYVALIK;20.10.2021;Hayýr;;400;508;;;;10811;2219;2219
BURSA BADEMLÝ MACROKIOSK;GÜNEY MARMARA;235;MACROKIOSK;243;MACROKIOSK;6930;40.287928;28.921446;Bademli Mah. Eski Mudanya Cad. No:54;16;13;BURSA;MUDANYA;26.10.2021;Hayýr;;130;173;;;;12668;2220;2220
KUÐULUPARK MACROKIOSK;ÝÇ ANADOLU;235;MACROKIOSK;243;MACROKIOSK;6931;39.9016105;32.8616115;Barbaros Mah. Ýran Cad. No:13/14;6;2;ANKARA;ÇANKAYA;19.11.2021;Hayýr;;110;219;;;;11923;2221;2221
19 MAYIS BULVARI SAMSUN M;KARADENÝZ/KUZEYD.AND;1;MÝGROS;6;SELF SERVÝS M;6932;41.3425116;36.2367832;Yenimahalle Mah. 3417. Cad. No:102 A-B;55;15;SAMSUN;ATAKUM;21.10.2021;Hayýr;;449;657;;;;11944;2222;2222
MJET DÝYARBAKIR GAZÝLER PO;DOÐU/G.DOÐU ANADOLU;230;MJET;255;MJET-ÝSTASYON;6933;37.932153;40.163558;Fýrat Mah. Fýrat Bul. No:77A;21;15;DÝYARBAKIR;KAYAPINAR;8.10.2021;Hayýr;;75;82;;;;12782;2223;2223
E.ALÝPAÞA BOSTANCI MACROKIOSK;DOÐU MARMARA;235;MACROKIOSK;243;MACROKIOSK;6935;40.959017;29.09397;Bostancý Mah. Emin Ali Paþa Cad. 85/A;34;16;ÝSTANBUL;KADIKÖY;12.11.2021;Hayýr;;93;223;;;;12448;2224;2224
VÝTRÝN MACROCENTER;ÝÇ ANADOLU;4;MACROCENTER;9;MACROCENTER;6940;39.86466;32.710391;Beytepe Mah.5345 Sok.No:42/A-B-C-D;6;2;ANKARA;ÇANKAYA;26.11.2021;Hayýr;;663;946;;1;;9832;2225;2225
BÝTLÝS M MÝGROS;DOÐU/G.DOÐU ANADOLU;1;MÝGROS;5;SERVÝS REYONLU M;6942;38.423307;42.125923;Hüsrevpaþa Mah. Ahmet Eren Bul. NO:178A;13;0;BÝTLÝS;MERKEZ;27.10.2021;Hayýr;;510;793;;;;12228;2226;2226
MJET ACIBADEM NÝÞANTAÞI 2;DOÐU MARMARA;230;MJET;9;M-JET;6944;41.013117;29.054107;Acýbadem Mah.Palmiye Sok.No:177/A/4;34;26;ÝSTANBUL;ÜSKÜDAR;15.10.2021;Hayýr;;208;235;;;;12823;2227;2227
CUMHURÝYET MAHALLESÝ ELAZIÐ M;DOÐUAKDENZ/GÜNEYDOÐU;1;MÝGROS;5;SERVÝS REYONLU M;6945;38.670575;39.159605;Cumhuriyet Mah.Salim Hazardaðlý Cad.;23;0;ELAZIÐ;MERKEZ;11.11.2021;Hayýr;;645;999;;;;12609;2228;2228
AKSARAY TAÞPAZARI MM MÝGROS;ÝÇ ANADOLU;1;MÝGROS;2;MM;6947;38.365131;34.012116;Taþpazar Mah. Atatürk Blv. No:3;68;0;AKSARAY;MERKEZ;12.11.2021;Hayýr;;857;1394;;3;;10142;2230;2230
GAZÝANTEP MACROCENTER;DOÐU AKDENÝZ;4;MACROCENTER;9;MACROCENTER;6948;37.071449;37.339753;Abdülkadir Aksu Bulvarý Emek Mah.No:109/E B Blok;27;2;GAZÝANTEP;ÞEHÝTKAMÝL;17.12.2021;Hayýr;;900;1200;;;;11068;2231;2231
VÝZYONPARK ALANYA M MÝGROS;BATI AKDENÝZ;1;MÝGROS;6;SELF SERVÝS M;6951;36.553026;31.9933;Sugözü Mah Stad Cad. No:4;7;2;ANTALYA;ALANYA;9.11.2021;Hayýr;;380;837;;;;12358;2232;2232
CADDEBOSTAN BAÐDAT CAD MIGROS;DOÐU MARMARA;1;MÝGROS;5;SERVÝS REYONLU M;6952;40.969313;29.063299;Caddebostan Mah: Baðdat Cd. No: 272/A;34;16;ÝSTANBUL;KADIKÖY;23.12.2021;Hayýr;;360;560;;;;12646;2233;2233
OSMANGAZÝ ERZURUM M MÝGROS;KARADENÝZ/KUZEYD.AND;1;MÝGROS;6;SELF SERVÝS M;6953;39.880169;41.23357;Hüseyin Avni Ulaþ Mah. Aladað Sok. No:24B;25;20;ERZURUM;PALANDÖKEN;21.12.2021;Hayýr;;462;665;;;;11942;2234;2234
ERYAMAN EVLERÝ ANKARA MM;ÝÇ ANADOLU;1;MÝGROS;2;MM;6955;39.974494;32.623116;Eryaman Mah 285. Sokak No:5/1,2,3;6;3;ANKARA;ETÝMESGUT;24.12.2021;Hayýr;;1145;1575;;;;11063;2235;2235
MJET ATATÜRK CAD. ESKÝÞEHÝR;ÝÇ ANADOLU;230;MJET;9;M-JET;6956;39.776597;30.509986;Kýrmýzýtoprak Mah.Mustafa Kemal Atatürk Cd No:91/B;26;13;ESKÝÞEHÝR;ODUNPAZARI;3.12.2021;Hayýr;;183;280;;;;11362;2236;2236
MJET ATATÜRK BULVARI GÖLCÜK;DOÐU MARMARA;230;MJET;9;M-JET;6957;40.716575;29.817405;Yeni Mah. Atatürk Bulv. No:68;41;2;KOCAELÝ;GÖLCÜK;5.11.2021;Hayýr;;237;397;;;;12795;2237;2237
M.AKÝF ERSOY CAD SAKARYA MM;GÜNEY MARMARA;1;MÝGROS;2;MM;6958;40.78368082;30.36560612;Arabacýalaný Mah.Mehmet Akif Ersoy Cad;54;16;SAKARYA;SERDÝVAN;19.11.2021;Hayýr;;1242;2202;;3;;10044;2238;2238
MJET SEYREK MENEMEN;KUZEY EGE;230;MJET;9;M-JET;6959;38.57872;26.969653;Gazi Mustafa Kemal Mah., 4125. Sok. No:22/A;35;22;ÝZMÝR;MENEMEN;26.11.2021;Hayýr;;310;575;;;;9910;2239;2239
NÝLÜFERKÖY BURSA M MÝGROS;GÜNEY MARMARA;1;MÝGROS;6;SELF SERVÝS M;6960;40.28377353;28.93823547;Nilüferköy Mah.Kocakarayer Cad. No:17;16;2;BURSA;OSMANGAZÝ;26.11.2021;Hayýr;;336;418;;;;12100;2240;2240
BÝTEZ MACROKIOSK;GÜNEY EGE;235;MACROKIOSK;243;MACROKIOSK;6961;37.042459;27.378744;Bitez Mah. Atatürk Blv. No: 41/Z2;48;1;MUÐLA;BODRUM;30.06.2022;Hayýr;;100;198;;;;11892;2241;2241
MJET KARSIYAKA ÝMBATLI;KUZEY EGE;230;MJET;9;M-JET;6962;38.47750111;27.1067752;Ýmbatlý Mah.7402 Sokak No: 16A;35;7;ÝZMÝR;KARÞIYAKA;10.12.2021;Hayýr;;320;502;;;;10295;2242;2242
EMEK MAH SAFRANBOLU M MÝGROS;ÝÇ ANADOLU;1;MÝGROS;5;SERVÝS REYONLU M;6963;41.248288;32.677034;Emek Mah. Gül Sok. No:28/A;78;4;KARABÜK;SAFRANBOLU;26.11.2021;Hayýr;;394;540;;;;8238;2243;2243
ÇÝFTLÝK CADDESÝ SAFRANBOLU M;ÝÇ ANADOLU;1;MÝGROS;5;SERVÝS REYONLU M;6964;41.277039;32.677095;Tokatlý Köyü Merkez Mevkii Çiftlik Cad;78;4;KARABÜK;SAFRANBOLU;11.11.2021;Hayýr;;698;918;;;;9543;2244;2244
MJET ZEYBEK MAH. AYDIN;GÜNEY EGE;230;MJET;9;M-JET;6965;37.840851;27.821144;Zeybek Mah. Iþýklý Bulvarý No:20;9;17;AYDIN;EFELER;4.03.2022;Hayýr;;345;442;;;;12466;2245;2245
MJET MANDIRA CADDESÝ KADIKÖY;DOÐU MARMARA;230;MJET;9;M-JET;6966;40.987822;29.065925;Merdivenköy Mah. Mandýra Cad. No:171;34;16;ÝSTANBUL;KADIKÖY;18.02.2022;Hayýr;;298;405;;;;11150;2246;2246
URLA ÝZMÝR MACROCENTER;KUZEY EGE;4;MACROCENTER;9;MACROCENTER;6967;38.31953;26.754393;Altýntaþ Mah. Ahmet Besim Uyal Cad. No: 48;35;28;ÝZMÝR;URLA;26.05.2023;Hayýr;;945;1778;;;;10164;2247;2247
KADIKÖY BOSTANCI ÝDO M MÝGROS;DOÐU MARMARA;1;MÝGROS;6;SELF SERVÝS M;6968;40.952518;29.092885;Bostancý Mh.Çetin Emeç Blv.No:34;34;16;ÝSTANBUL;KADIKÖY;12.11.2021;Hayýr;;388;469;;;;12603;2248;2248
OSMANELÝ BÝLECÝK  M MÝGROS;GÜNEY MARMARA;1;MÝGROS;6;SELF SERVÝS M;6969;40.359622;30.017146;Haceloðlu Mah. Hürriyet Cad. No:7/1;11;4;BÝLECÝK;OSMANELÝ;25.11.2021;Hayýr;;338;419;;;;12923;2249;2249
KUMLUCA GÖDENE CADDESÝ M;BATI AKDENÝZ;1;MÝGROS;6;SELF SERVÝS M;6970;36.375996;30.288391;Merkez Mah.Gödene Cad.No:112A/112B;7;12;ANTALYA;KUMLUCA;18.02.2022;Hayýr;;329;538;;;;10768;2250;2250
FATÝH MAH. GAZÝEMÝR ÝZMÝR M;GÜNEY EGE;1;MÝGROS;5;SERVÝS REYONLU M;6971;38.30209;27.164221;Fatih Mah. Atatürk Cad. No:49A;35;5;ÝZMÝR;GAZÝEMÝR;3.12.2021;Hayýr;;500;755;;;;7648;2251;2251
EGE ÜNÝVERSÝTESÝ KAMPÜS M;KUZEY EGE;1;MÝGROS;6;SELF SERVÝS M;6972;38.457465;27.228215;Erzene Mah.Ankara Cad. E.Ü.Öðrenci Çarþýsý Blk;35;2;ÝZMÝR;BORNOVA;26.11.2021;Hayýr;;410;527;;;;12879;2252;2252
MJET BALÇIK MAH. GEBZE;DOÐU MARMARA;230;MJET;9;M-JET;6973;40.874066;29.424211;Balçýk Mah. Organize Cad. No.37/B;41;1;KOCAELÝ;GEBZE;24.11.2021;Hayýr;;315;410;;;;13334;2253;2253
AKYAKA MUÐLA MACROKIOSK;GÜNEY EGE;235;MACROKIOSK;243;MACROKIOSK;6974;37.05611;28.33696;Akyaka Mah. Ýniþdibi Cad. No:63/3;48;10;MUÐLA;ULA;1.12.2021;Hayýr;;118;143;;;;13125;2254;2254
BORNOVA ÝZMÝR MACROKIOSK;KUZEY EGE;235;MACROKIOSK;243;MACROKIOSK;6975;38.462862;27.214539;Kazým Dirik Mah. Süvari Cad. No:36A;35;2;ÝZMÝR;BORNOVA;3.12.2021;Hayýr;;73;129;;;;12778;2255;2255
TOPTAN BAYRAKLI ÝZMÝR;KUZEY EGE;231;TOPTAN SATIÞ;230;TOPTAN SATIÞ;6976;38.451;27.187288;Mansuroðlu Mah. Ankara Cad. No:81/A;35;29;ÝZMÝR;BAYRAKLI;10.12.2021;Hayýr;;379;420;;;;12595;2256;2256
ÞANLIURFA KARAKÖPRÜ AVM MM;DOÐU/G.DOÐU ANADOLU;1;MÝGROS;2;MM;6978;37.194462;38.80608;Akbayýr Mah.Yeþiloðlu Bulvarý Karaköprü Avm;63;13;ÞANLIURFA;KARAKÖPRÜ;16.12.2021;Hayýr;;729;1108;;;;12356;2257;2257
CEPA AVM ANKARA MMM MÝGROS;ÝÇ ANADOLU;1;MÝGROS;3;MMM;6981;39.909583;32.778393;Mustafa Kemal Mah. 2123 Cad. No:2C;6;2;ANKARA;ÇANKAYA;22.12.2021;Hayýr;;2202;3553;;1,3;;12663;2259;2259
ROYAL PARK BAFRA SAMSUN M;KARADENÝZ/KUZEYD.AND;1;MÝGROS;6;SELF SERVÝS M;6982;41.56837;35.908727;Ýsmetpaþa Mah. Gençlik Cad. 100/A;55;4;SAMSUN;BAFRA;30.12.2021;Hayýr;;455;595;;;;13006;2260;2260
SAPANCA KIRKPINAR MACROKIOSK;GÜNEY MARMARA;235;MACROKIOSK;243;MACROKIOSK;6983;40.692668;30.223371;Kýrkpýnar Hasanpaþa Mah Ýstasyon 3 Cad No:12/A;54;11;SAKARYA;SAPANCA;13.12.2021;Hayýr;;256;340;;;;13237;2261;2261
ACIBADEM MH KADIKÖY MACROKIOSK;DOÐU MARMARA;235;MACROKIOSK;243;MACROKIOSK;6984;41.004107;29.044258;Acýbadem Mah. Acýbadem Cad. No:101/A;34;16;ÝSTANBUL;KADIKÖY;14.12.2021;Hayýr;;95;191;;;;12841;2262;2262
MJET SPINE TOWER MASLAK;BATI MARMARA;230;MJET;256;MJET-PLAZA;6985;41.110947;29.023479;Maslak Mah Büyükdere Cad. NO:243/21;34;22;ÝSTANBUL;SARIYER;27.12.2021;Hayýr;;56;94;;;;12909;2263;2263
MJET YENÝKAPI ÝDO ÝSTANBUL;BATI MARMARA;230;MJET;256;MJET-PLAZA;6986;41.002677;28.958505;Niþanca Mah. Yenikapý Ýskesi Yolu,;34;13;ÝSTANBUL;FATÝH;1.04.2022;Hayýr;;162;200;;;;12971;2264;2264
MJET MECÝDÝYEKÖY METRO;BATI MARMARA;230;MJET;256;MJET-PLAZA;6987;41.066132;28.994585;Merkez Mah. Mecidiyeköy Metro M7 Ýstasyonu;34;23;ÝSTANBUL;ÞÝÞLÝ;28.12.2021;Hayýr;;185;205;;;;12973;2265;2265
ÖDEMÝÞ M MÝGROS;GÜNEY EGE;1;MÝGROS;5;SERVÝS REYONLU M;700;38.229074;27.971824;Akýncýlar Mah. Akdeniz Cad.17-19/A;35;23;ÝZMÝR;ÖDEMÝÞ;19.02.1999;Hayýr;;790;1650;;;;;2266;2266
NAZÝLLÝ MM MÝGROS;GÜNEY EGE;1;MÝGROS;2;MM;701;37.907599;28.314402;Yeni Sanayi Mah. Batý Denizli Bulvarý No:75;9;13;AYDIN;NAZÝLLÝ;25.02.1999;Evet;220;2000;3350;;51,59;;;2267;2267
ALANYA TÜRKLER M MÝGROS;BATI AKDENÝZ;1;MÝGROS;6;SELF SERVÝS M;7015;36.608334;31.784147;Türkler Mah. Akdeniz Bulvarý No:45/1;7;2;ANTALYA;ALANYA;17.12.2021;Hayýr;;386;801;;;;12256;2268;2268
BEYÞEHÝR KÖPRÜBAÞI M MÝGROS;ÝÇ ANADOLU;1;MÝGROS;5;SERVÝS REYONLU M;7016;37.677265;31.72133;Hacýarmaðan Mah. Köprübaþý Cad No:35A;42;8;KONYA;BEYÞEHÝR;23.12.2021;Hayýr;;416;1112;;;;12191;2269;2269
MJET ÞAÝR NEDÝM CAD BURDUR;BATI AKDENÝZ;230;MJET;9;M-JET;7017;37.716625;30.243832;Fevzi Çakmak Mah.Þair Nedim Cad.No:52A;15;0;BURDUR;MERKEZ;16.12.2021;Hayýr;;190;367;;;;12600;2270;2270
MJET ILICA MERKEZ;BATI AKDENÝZ;230;MJET;9;M-JET;7018;36.819582;31.365856;Ilýca Mah.Ilýca(Ilýca)Blv.No:28/7A;7;13;ANTALYA;MANAVGAT;28.12.2021;Hayýr;;303;559;;;;10582;2271;2271
KAVACIK KEÇÝÖREN MM MÝGROS;ÝÇ ANADOLU;1;MÝGROS;2;MM;7019;39.969561;32.864852;Kalaba Mah. Fatih Cad. No: 20/B-C-D;6;5;ANKARA;KEÇÝÖREN;24.12.2021;Hayýr;;752;1247;;;;12633;2272;2272
MJET ÜSKÜDAR KIZ KULESÝ METRO;DOÐU MARMARA;230;MJET;256;MJET-PLAZA;7022;41.025483;29.014838;Mimar Sinan Mah. Harem Sahil Yolu Cad;34;26;ÝSTANBUL;ÜSKÜDAR;22.12.2021;Hayýr;;182;210;;;;13495;2274;2274
NÝKSAR TOKAT M MÝGROS;KARADENÝZ/KUZEYD.AND;1;MÝGROS;5;SERVÝS REYONLU M;7023;40.590405;36.943751;Bengiler Mah. Atatürk Bulvarý no: 17/44-45-46-47-4;60;5;TOKAT;NÝKSAR;21.12.2021;Hayýr;;620;1010;;;;10907;2275;2275
MJET ÜSKÜDAR MEYDAN METRO;DOÐU MARMARA;230;MJET;256;MJET-PLAZA;7025;41.025522;29.013663;Mimar Sinan Mah Harem Sahilyolu Cad.;34;26;ÝSTANBUL;ÜSKÜDAR;22.12.2021;Hayýr;;149;175;;;;13496;2276;2276
MJET KARTAL HASTANE METRO;DOÐU MARMARA;230;MJET;256;MJET-PLAZA;7027;40.917213;29.175832;Cevizli Mah.D-100 Güney yanyol;34;18;ÝSTANBUL;KARTAL;30.12.2021;Hayýr;;118;142;;;;13521;2277;2277
MJET HOÞKÖY TEKÝRDAÐ;BATI MARMARA;230;MJET;9;M-JET;7028;40.714038;27.314473;Hoþköy Mah. Mürefte Barbaros Yolu;59;8;TEKÝRDAÐ;ÞARKÖY;4.03.2022;Hayýr;;322;541;;;;10793;2278;2278
MESA ÝSTANBUL MALTEPE MM;DOÐU MARMARA;1;MÝGROS;2;MM;7029;40.931897;29.127053;Feyzullah Mah. Sevinç Sok. No:3;34;20;ÝSTANBUL;MALTEPE;17.03.2022;Hayýr;;879;1261;;;;7415;2279;2279
ALTIN ORAN ANKARA MACROKIOSK;ÝÇ ANADOLU;235;MACROKIOSK;243;MACROKIOSK;7030;39.849773;32.857343;Ýlkbahar, 625. Cd. No:20/1,2;6;2;ANKARA;ÇANKAYA;24.12.2021;Hayýr;;99;121;;;;12236;2280;2280
GAZÝANTEP Þ.KAMÝL MACROKIOSK;DOÐU AKDENÝZ;235;MACROKIOSK;243;MACROKIOSK;7031;37.071514;37.332783;Batýkent Mah.Abdülkadir Ateþ Cad.No:17-B;27;2;GAZÝANTEP;ÞEHÝTKAMÝL;17.12.2021;Hayýr;;105;175;;;;12898;2281;2281
MJET KEÞAN ÇARÞI;BATI MARMARA;230;MJET;9;M-JET;7032;40.850925;26.630416;Yukarý Zaferiye Mah. Çifteyol Cad. No:13;22;4;EDÝRNE;KEÞAN;5.01.2022;Hayýr;;192;280;;;;12946;2282;2282
SANCAKTEPE MACROKIOSK;DOÐU MARMARA;235;MACROKIOSK;243;MACROKIOSK;7035;40.967397;29.235838;Akpýnar, Kanuni Cd. No:40;34;39;ÝSTANBUL;SANCAKTEPE;11.02.2022;Hayýr;;63;149;;;;12369;2284;2284
MJET KALKAN KÖRDERE MAH KAÞ;BATI AKDENÝZ;230;MJET;9;M-JET;7037;36.262616;29.427013;Bezirgan Mah..Kördere Sok.No:708B;7;9;ANTALYA;KAÞ;25.03.2022;Hayýr;;255;545;;;;10774;2285;2285
DOÐUKENT ELAZIÐ M MÝGROS;DOÐU/G.DOÐU ANADOLU;1;MÝGROS;6;SELF SERVÝS M;7038;38.679205;39.251205;Doðukent Mah.Seyda Mola Bahri Bulv.No:119/A;23;0;ELAZIÐ;MERKEZ;4.03.2022;Hayýr;;402;643;;;;13005;2286;2286
FÝRST AVENUE AVM ÝSTANBUL MMM;BATI MARMARA;1;MÝGROS;3;MMM;7042;41.019612;28.627581;Cumhuriyet Mah.Cesaret Sok.No:1A;34;28;ÝSTANBUL;BÜYÜKÇEKMECE;15.04.2022;Hayýr;;1495;1858;;;;12007;2288;2288
ATA CD.KIZILAÐAÇ BODRUM MÝGROS;GÜNEY EGE;1;MÝGROS;6;SELF SERVÝS M;7044;37.033147;27.496396;Kýzýlaðaç Mah. Ata Cad. No: 209/1-2-3;48;1;MUÐLA;BODRUM;25.02.2022;Hayýr;;432;607;;;;10490;2289;2289
MJET SEFERÝHÝSAR ÝZMÝR CAD.;KUZEY EGE;230;MJET;9;M-JET;7045;38.21052;26.83052;Çolak Ýbrahim Bey Mah. 91. Sokak No: 21A;35;24;ÝZMÝR;SEFERÝHÝSAR;31.05.2022;Hayýr;;300;445;;;;13183;2290;2290
BORNOVA MACROCENTER;KUZEY EGE;4;MACROCENTER;9;MACROCENTER;7050;38.471399;27.243909;EVKA 3 Mah. 113 Sok. No: 56A;35;2;ÝZMÝR;BORNOVA;25.03.2022;Hayýr;;315;426;;;;12963;2292;2292
BATIKENT GAZÝANTEP MACROKIOSK;DOÐU AKDENÝZ;235;MACROKIOSK;243;MACROKIOSK;7051;37.074886;37.3368;Batýkent Mah.Kürþat Tüzmen Bulv.No:16/E;27;2;GAZÝANTEP;ÞEHÝTKAMÝL;16.03.2022;Hayýr;;105;175;;;;12119;2293;2293
MEZÝTLÝ MERSÝN MACROKIOSK;DOÐU AKDENÝZ;235;MACROKIOSK;243;MACROKIOSK;7052;36.765787;34.545053;Atatürk Mah 31085. Sokak No:2;33;11;MERSÝN;MEZÝTLÝ;29.03.2022;Hayýr;;111;139;;;;13214;2294;2294
ERENKÖY KADIKÖY MACROCENTER;DOÐU MARMARA;4;MACROCENTER;9;MACROCENTER;7056;40.964113;29.073;Caddebostan Mah, Nihat Kýzýltan Sok. No:3;34;16;ÝSTANBUL;KADIKÖY;27.09.2022;Hayýr;;275;385;;;;11830;2295;2295
BOSTANCI SAHÝL MACROKIOSK;DOÐU MARMARA;235;MACROKIOSK;243;MACROKIOSK;7057;40.952677;29.096088;Bostancý Mah. Baðdat Cad.  No: 544/5;34;16;ÝSTANBUL;KADIKÖY;16.02.2022;Hayýr;;111;184;;;;13462;2296;2296
KONYAALTI CASAMAX ANTALYA M;BATI AKDENÝZ;1;MÝGROS;5;SERVÝS REYONLU M;7058;36.88886;30.63855;Akkuyu Mah. Anadolu Cad.No:154 /BE;7;18;ANTALYA;KONYAALTI;29.03.2022;Hayýr;;591;911;;;;12058;2297;2297
NARCITY MALTEPE ÝSTANBUL M;DOÐU MARMARA;1;MÝGROS;6;SELF SERVÝS M;7059;40.954968;29.167686;Baþýbüyük Mah.Emek Cad.NO:281/B;34;20;ÝSTANBUL;MALTEPE;9.02.2022;Hayýr;;391;515;;;6038;;2298;2298
LÜLEBURGAZ ÖZGÜRLÜK CADDESÝ M;BATI MARMARA;1;MÝGROS;5;SERVÝS REYONLU M;7060;41.38901;27.365653;Zafer Mah.Özgürlük Cad No:38A;39;4;KIRKLARELÝ;LÜLEBURGAZ;21.04.2022;Hayýr;;363;550;;;;12103;2299;2299
ETLÝK SANCAK ANKARA M;ÝÇ ANADOLU;1;MÝGROS;5;SERVÝS REYONLU M;7061;39.981001;32.822304;Etlik Mah. Ayvalý Cad. No:142/A-B-C 142/7-8;6;5;ANKARA;KEÇÝÖREN;4.03.2022;Hayýr;;591;786;;;;12632;2300;2300
SUSURLUK M MÝGROS;GÜNEY MARMARA;1;MÝGROS;6;SELF SERVÝS M;7065;39.917484;28.158763;Han Mah. Bandýrma Cad. No:9/C;10;18;BALIKESÝR;SUSURLUK;31.03.2022;Hayýr;;326;546;;;;13332;2303;2303
PENDORYA AVM ÝSTANBUL M MÝGROS;DOÐU MARMARA;1;MÝGROS;6;SELF SERVÝS M;7067;40.869298;29.282003;Çamçeþme Mah.Fabrika Sok. No:5;34;21;ÝSTANBUL;PENDÝK;1.03.2022;Hayýr;;629;1068;;;4423;;2304;2304
ÞÜKRÜPAÞA EDÝRNE M MÝGROS;BATI MARMARA;1;MÝGROS;6;SELF SERVÝS M;7068;41.677403;26.58494925;Þükrü Paþa Mah. Cevat Sayýn Sok No:17;22;0;EDÝRNE;MERKEZ;11.03.2022;Hayýr;;378;540;;;;13342;2305;2305
PINARBAÞI KONYAALTI M MÝGROS;BATI AKDENÝZ;1;MÝGROS;6;SELF SERVÝS M;7069;36.887877;30.648736;Pýnarbaþý Mah.758 Sok.No:19/A-B;7;18;ANTALYA;KONYAALTI;28.02.2022;Hayýr;;455;681;;;;11777;2306;2306
MJET ELAZIÐ YUNUS EMRE;DOÐU/G.DOÐU ANADOLU;230;MJET;9;M-JET;7070;38.679382;39.205852;Üniversite Mah. Yunus Emre Býlv. No:3I;23;0;ELAZIÐ;MERKEZ;4.03.2022;Hayýr;;242;377;;;;13317;2307;2307
MJET BALIKLIOVA URLA;KUZEY EGE;230;MJET;9;M-JET;7071;38.42301;26.5845;Balýklýova Mah. Balýklýova Cad, No: 74;35;28;ÝZMÝR;URLA;8.04.2022;Hayýr;;183;263;;;;12628;2308;2308
SÝLÝVRÝ YAÞAM EVLERÝ M MÝGROS;BATI MARMARA;1;MÝGROS;6;SELF SERVÝS M;7072;41.068262;28.262124;Cumhuriyet Mah. Katký Sok. No:2;34;30;ÝSTANBUL;SÝLÝVRÝ;22.07.2022;Hayýr;;270;402;;;;13066;2309;2309
ÝSTANBUL SARAYLARI M MÝGROS;BATI MARMARA;1;MÝGROS;6;SELF SERVÝS M;7073;41.04333716;28.76324737;Atakent Mah.220.Sok.No:328/6;34;19;ÝSTANBUL;KÜÇÜKÇEKMECE;1.03.2022;Hayýr;;312;429;;;6248;;2310;2310
53.CADDE RÝZE MM MÝGROS;KARADENÝZ/KUZEYD.AND;1;MÝGROS;2;MM;7078;41.027731;40.546889;Gülbahar Mah. Menderes Bulv. No:366-2;53;0;RÝZE;MERKEZ;31.03.2022;Hayýr;;755;978;;3;;13664;2312;2312
ABDÝ ÝPEKÇÝ CAD. ANTALYA  M;BATI AKDENÝZ;1;MÝGROS;6;SELF SERVÝS M;7079;36.893327;30.701518;Kýzýlsaray Mah.Þarampol Cad.Burçak Apt.No:123 A;7;19;ANTALYA;MURATPAÞA;18.03.2022;Hayýr;;249;347;;;;13310;2313;2313
PAZARCIK KAHRAMANMARAÞ M;DOÐU AKDENÝZ;1;MÝGROS;5;SERVÝS REYONLU M;7080;37.493592;37.300442;Þehit Nurettin Ademoðlu Mah Kartalkaya Bulv;46;8;KAHRAMANMARAÞ;PAZARCIK;31.03.2022;Hayýr;;406;790;;;;13517;2314;2314
YENÝÞAFAK BULVAR DENÝZLÝ M;GÜNEY EGE;1;MÝGROS;6;SELF SERVÝS M;7082;37.796806;29.032973;Yeniþafak Mah. Alparslan Türkeþ Bulvarý No: 52/A;20;20;DENÝZLÝ;MERKEZEFENDÝ;6.04.2022;Hayýr;;454;581;;;;12748;2316;2316
ATATÜRK CAD OSMANÝYE M MÝGROS;DOÐU AKDENÝZ;1;MÝGROS;6;SELF SERVÝS M;7083;37.05932;36.235616;Adnan Mebderes MAh. Atatürk Cad. No:506/5B-5C;80;0;OSMANÝYE;MERKEZ;18.05.2022;Hayýr;;518;684;;;;13181;2317;2317
ÜMRANÝYE ÞERÝFALÝ VOLONY M;DOÐU MARMARA;1;MÝGROS;5;SERVÝS REYONLU M;7084;41.001925;29.138596;Tatlýsu Mah. Göksu Cad. No:69A;34;25;ÝSTANBUL;ÜMRANÝYE;25.03.2022;Hayýr;;577;839;;;;13602;2318;2318
MJET OSMANLI PARK  ELAZIÐ;DOÐU/G.DOÐU ANADOLU;230;MJET;9;M-JET;7085;38.690903;39.170972;Çaydaçýra Mah.Þehit Polis Oral Engin Sok.NO:175/AB;23;0;ELAZIÐ;MERKEZ;25.03.2022;Hayýr;;368;491;;;;13405;2319;2319
GÜZELYALI  ADANA MACROKIOSK;DOÐU AKDENÝZ;235;MACROKIOSK;243;MACROKIOSK;7087;37.0522588;35.2943901;Güzelyalý Mah. Süleyman Demirel Blv. No:13;1;15;ADANA;ÇUKUROVA;29.03.2022;Hayýr;;104;146;;;;13314;2320;2320
MJET TECE PLAJ CADDESÝ MERSÝN;DOÐU AKDENÝZ;230;MJET;9;M-JET;7088;36.692835;34.445725;Deniz Mah. Plaj Cad. No: 9 A-6;33;11;MERSÝN;MEZÝTLÝ;25.03.2022;Hayýr;;325;428;;;;13406;2321;2321
BULVAR SANDIKLI AFYON M MÝGROS;ÝÇ ANADOLU;1;MÝGROS;5;SERVÝS REYONLU M;7092;38.461675;30.261198;Çakýr Mah. M.Kemal Cad. No:28A;3;14;AFYONKARAHÝSAR;SANDIKLI;30.03.2022;Hayýr;;393;877;;;;12689;2323;2323
KOCAYOL CADDESÝ M MÝGROS;DOÐU MARMARA;1;MÝGROS;5;SERVÝS REYONLU M;7093;40.961291;29.094731;Kozyataðý Mah.Kocayol Cad. 9 B;34;16;ÝSTANBUL;KADIKÖY;10.06.2022;Hayýr;;384;819;;;;13089;2324;2324
GEYÝKLÝ ÝSKELE M MÝGROS;GÜNEY MARMARA;1;MÝGROS;6;SELF SERVÝS M;7094;39.82006355;26.16482047;Geyikli Beldesi Cumhuriyet Mah. Ege Sokak No: 31/1;17;7;ÇANAKKALE;EZÝNE;29.04.2022;Hayýr;;313;420;;;;12399;2325;2325
MJET ORDU ÜNYE GÖLEVÝ;KARADENÝZ/KUZEYD.AND;230;MJET;9;M-JET;7095;41.14222;37.240598;Gölevi Mah. Anadolu Öðretmen Lisesi 2. Sokak;52;18;ORDU;ÜNYE;1.04.2022;Hayýr;;355;463;;;;13609;2326;2326
SALI PAZARI KASTAMONU MM;ÝÇ ANADOLU;1;MÝGROS;2;MM;7097;41.395425;33.785229;Mehmet Akif Ersoy Mah.Rauf Denktaþ Cad.No:84;37;0;KASTAMONU;MERKEZ;27.04.2022;Hayýr;;753;1480;;;;12858;2327;2327
OLTU ERZURUM M MÝGROS;KARADENÝZ/KUZEYD.AND;1;MÝGROS;5;SERVÝS REYONLU M;7098;40.542726;41.98871;Yasin Haþimoðlu Mah Cumhuriyet Blv. No:222;25;11;ERZURUM;OLTU;15.04.2022;Hayýr;;765;1312;;;;14174;2328;2328
FULYA BEÞÝKTAÞ MACROCENTER;BATI MARMARA;4;MACROCENTER;9;MACROCENTER;7099;41.058267;29.002575;Dikilitaþ Mah. Ayazmadere Cad No:10A;34;7;ÝSTANBUL;BEÞÝKTAÞ;28.04.2022;Hayýr;;460;560;;;;11419;2329;2329
5M ANKARA;ÝÇ ANADOLU;185;5M;191;5M;710;39.950288;32.831118;Gazi Mah. Konya Devlet Yolu Akköprü mevkii;6;8;ANKARA;YENÝMAHALLE;27.08.1999;Evet;;6685;9614;;1,21,3,9;;;2330;2330
BUSE ESKÝÞEHÝR MM MÝGROS;ÝÇ ANADOLU;1;MÝGROS;2;MM;7100;39.79484;30.442836;Batýkent Mah.Org.Kývrýkoðlu Cad.No:69/A-B-1A-1B;26;14;ESKÝÞEHÝR;TEPEBAÞI;28.04.2022;Hayýr;;752;1002;;;;12711;2331;2331
YENÝMAHALLE MERSÝN M;DOÐU AKDENÝZ;1;MÝGROS;6;SELF SERVÝS M;7101;36.759036;34.5316;Yeni Mah. Ýsmet Ýnönü Bulv. No:72/A;33;11;MERSÝN;MEZÝTLÝ;1.04.2022;Hayýr;;551;844;;;4483;;2332;2332
HAMDÝBEY BÝGA ÇANAKKALE M;GÜNEY MARMARA;1;MÝGROS;6;SELF SERVÝS M;7102;40.233505;27.236638;Hamdibey Mah.Sümbül Sok.No:1-3 Ýç Kapý No:1-2;17;3;ÇANAKKALE;BÝGA;1.04.2022;Hayýr;;311;1003;;;6402;;2333;2333
MJET MEYDAN YALVAÇ ISPARTA;BATI AKDENÝZ;230;MJET;9;M-JET;7104;38.298083;31.176319;Kaþyukarý Mah.Hastane Cad.Fatih Sok.No:14 A/B;32;11;ISPARTA;YALVAÇ;8.04.2022;Hayýr;;250;554;;;;12507;2335;2335
MJET KEMER ÇAMARASI CADDESI;BATI AKDENÝZ;230;MJET;9;M-JET;7105;36.58933;30.53235;Arslanbucak Mah.Çamarasý Cad.No:39 A;7;10;ANTALYA;KEMER;29.04.2022;Hayýr;;178;355;;;;11022;2336;2336
NOVADA SÖKE MMM MÝGROS;GÜNEY EGE;1;MÝGROS;3;MMM;7106;37.767583;27.426297;Atatürk Mah.Aydýn Cad.No:216-C;9;14;AYDIN;SÖKE;29.04.2022;Hayýr;;2509;4194;;3;6084;;2337;2337
MASLAK DARKKÝTCHEN MACROCENTER;BATI MARMARA;4;MACROCENTER;246;E-TÝCARET;7107;41.117225;29.014952;Maslak Mah. Sanatkarlar Sok. 2F/5;34;22;ÝSTANBUL;SARIYER;15.04.2022;Hayýr;;10;10;;;;;2338;2338
MJET ÝNÖNÜ CADDESÝ KADIKÖY;DOÐU MARMARA;230;MJET;9;M-JET;7108;40.979753;29.083065;Sahrayý Cedit Mah. Ýnönü Cad. No:35;34;16;ÝSTANBUL;KADIKÖY;29.04.2022;Hayýr;;201;355;;;;11741;2339;2339
TOPÇULAR KOCAELÝ MM;DOÐU MARMARA;1;MÝGROS;2;MM;7109;40.717048;29.803007;Topçular Mah.Yahya Çavuþ Cad.No:15;41;2;KOCAELÝ;GÖLCÜK;27.05.2022;Hayýr;;706;915;;;;12851;2340;2340
BUCA ÝZMÝR MMM MÝGROS;GÜNEY EGE;1;MÝGROS;3;MMM;711;38.389784;27.164203;Ýnönü Mah.Menderes Cad.Buca Belediye Sarayý Altý;35;3;ÝZMÝR;BUCA;14.04.1999;Evet;;1750;3075;;3,29;;;2341;2341
GÜMBET AYAZ CAD. BODRUM M;GÜNEY EGE;1;MÝGROS;6;SELF SERVÝS M;7110;37.03313;27.40336;Gümbet Mah.Ayaz Cad.Bina No:7 Ýç Kapý No:A-B-1;48;1;MUÐLA;BODRUM;29.04.2022;Hayýr;;334;538;Evet;;;13566;2342;2342
KEMALPAÞA ÝZMÝR CADDESÝ MM;KUZEY EGE;1;MÝGROS;2;MM;7111;38.43089;27.40877;Sekiz Eylül Mah.Ýzmir Cad.No:70B;35;18;ÝZMÝR;KEMALPAÞA;10.06.2022;Hayýr;;825;1267;;;;13659;2343;2343
GÖRÜKLE SAKARYA MAHALLESÝ M;GÜNEY MARMARA;1;MÝGROS;6;SELF SERVÝS M;7112;40.22752127;28.84819365;Görükle Mah.Kýþlalar Sok.No:2;16;1;BURSA;NÝLÜFER;27.04.2022;Hayýr;;451;664;;;;13724;2344;2344
YALIKAVAK GERÝÞ MACROCENTER S;GÜNEY EGE;4;MACROCENTER;236;MACROCENTER S;7113;37.09584;27.26974;Geriþ Mah.Hacý Yeri Cad.No: 5/1;48;1;MUÐLA;BODRUM;29.04.2022;Hayýr;;203;309;;2;;13568;2345;2345
BODRUM KÜÇÜKBÜK MACROCENTER;GÜNEY EGE;4;MACROCENTER;9;MACROCENTER;7114;37.1398704;27.35710881;Küçükbük Mah. Fevzi Çakmak  Paþa Cad. NO:14/A-14/B;48;1;MUÐLA;BODRUM;15.06.2022;Hayýr;;332;432;;;;13232;2346;2346
MJET FETHÝYE YENÝMAHALLE;GÜNEY EGE;230;MJET;9;M-JET;7115;36.660462;29.133009;Yeni Mah.Turgut Özal Bulv.No:19/ D-E-F-G-H;48;4;MUÐLA;FETHÝYE;29.04.2022;Hayýr;;343;439;;;;13511;2347;2347
ERDEK YALI MAHALLESÝ M MÝGROS;GÜNEY MARMARA;1;MÝGROS;6;SELF SERVÝS M;7116;40.398183;27.793022;Yalý Mah.Adnan Menderes Cad.No:18;10;8;BALIKESÝR;ERDEK;15.04.2022;Hayýr;;352;873;;;;14058;2348;2348
TEMA KONYA M MÝGROS;ÝÇ ANADOLU;1;MÝGROS;6;SELF SERVÝS M;7117;37.850218;32.476064;Yenice Mah.Þehit Resul Coþkun Cad NO:13/A_B_C_D;42;2;KONYA;MERAM;12.04.2022;Hayýr;;385;785;;;;;2349;2349
MJET ESKÝÞEHÝR KIZILCIKLI CAD;ÝÇ ANADOLU;230;MJET;9;M-JET;7118;39.777739;30.511942;Hoþnudiye Mah.Kýzýlcýklý Mahmut Pehlivan Cad.No:21;26;14;ESKÝÞEHÝR;TEPEBAÞI;29.04.2022;Hayýr;;292;374;;;;13735;2350;2350
MJET VEYSEL KARANÝ CAD. KONYA;ÝÇ ANADOLU;230;MJET;9;M-JET;7119;37.981709;32.521276;Kosova Mah.Veysel Karani Cad.Sancaklife 6.Giriþ;42;3;KONYA;SELÇUKLU;28.04.2022;Hayýr;;269;410;;;;;2351;2351
MEYDAN AVM ISPARTA MM MÝGROS;BATI AKDENÝZ;1;MÝGROS;2;MM;7120;37.765299;30.550373;Yayla Mah.118 Cad. No:27R/46-47-48-49-50;32;0;ISPARTA;MERKEZ;23.04.2022;Hayýr;;1225;2280;;;;13318;2352;2352
MJET KASABA MAH CÝDE;ÝÇ ANADOLU;230;MJET;9;M-JET;7121;41.891671;32.998935;Kasaba Mah.Prof. Dr. Bahri Gökçebay Cad.No:3;37;6;KASTAMONU;CÝDE;31.05.2022;Hayýr;;371;647;;;;11870;2353;2353
BODRUM ÇAMLIK MACROCENTER;GÜNEY EGE;4;MACROCENTER;9;MACROCENTER;7122;37.08358036;27.54516911;Kumköy Mah.Ýrmene Küme Evler Sok.No:114/4;48;1;MUÐLA;BODRUM;16.05.2022;Hayýr;;520;650;;;;13378;2354;2354
ALÝAÐA ÝZMÝR MM MÝGROS;KUZEY EGE;1;MÝGROS;2;MM;7123;38.79104;26.96569;Siteler Mah.444 Sk. No: 2A-2B-2C;35;10;ÝZMÝR;ALÝAÐA;14.06.2022;Hayýr;;785;1065;;;;13382;2355;2355
PRESTÝJ PARK ESENYURT ÝST M;BATI MARMARA;1;MÝGROS;6;SELF SERVÝS M;7124;41.01292064;28.68574688;Zafer Mah.Haramidere Yolu Cad. Lokal Apt No:20 Af;34;38;ÝSTANBUL;ESENYURT;19.04.2022;Hayýr;;544;736;;;5712;;2356;2356
MJET KABAAÐAÇ CAD. BURHANÝYE;KUZEY EGE;230;MJET;9;M-JET;7125;39.47522;26.91314;ÝSKELE MAHALLESÝ 584. CADDE NO:18/7A;10;5;BALIKESÝR;BURHANÝYE;29.04.2022;Hayýr;;170;319;;;;12830;2357;2357
HASTANE YALOVA M MÝGROS;GÜNEY MARMARA;1;MÝGROS;6;SELF SERVÝS M;7126;40.663929;29.30698;Rüstempaþa Mah.125/1 Sok.No:38;77;0;YALOVA;MERKEZ;13.04.2022;Hayýr;;423;559;;;5307;;2358;2358
ÇARÞI YALOVA M MÝGROS;GÜNEY MARMARA;1;MÝGROS;6;SELF SERVÝS M;7127;40.655561;29.269849;Rüstempaþa Mah.Çeþme Sok.No:8/A;77;0;YALOVA;MERKEZ;19.04.2022;Hayýr;;400;625;;;6419;;2359;2359
BAHÇELÝEVLER ÝSTANBUL M MÝGROS;BATI MARMARA;1;MÝGROS;6;SELF SERVÝS M;7128;41.00101;28.86619;Talatpaþa Cad.No:23/1-2;34;4;ÝSTANBUL;BAHÇELÝEVLER;22.04.2022;Hayýr;;300;522;;;3303;;2360;2360
AVASKÖY BAYRAMPAÞA M MÝGROS;BATI MARMARA;1;MÝGROS;6;SELF SERVÝS M;7129;41.0606181;28.8948972;Kartaltepe Mah.Avasköy Yolu Cad.No:43/A;34;6;ÝSTANBUL;BAYRAMPAÞA;29.04.2022;Hayýr;;323;426;;;5069;;2361;2361
MASLAK ECLÝPSE M MÝGROS;BATI MARMARA;1;MÝGROS;6;SELF SERVÝS M;7130;41.1160084;29.01476901;Maslak Mah.Atatürk Oto Sanayi Sit. 13.Sok No:5;34;22;ÝSTANBUL;SARIYER;26.04.2022;Hayýr;;508;1013;;3;4420;;2362;2362
DUMANKAYA KONSEPT ÝSTANBUL M;BATI MARMARA;1;MÝGROS;6;SELF SERVÝS M;7131;41.03970903;28.76930312;Atakent Mah.241.Sok.No:5G/4;34;19;ÝSTANBUL;KÜÇÜKÇEKMECE;19.04.2022;Hayýr;;358;760;;;5073;;2363;2363
ULUS ÝSTANBUL M MÝGROS;BATI MARMARA;1;MÝGROS;6;SELF SERVÝS M;7132;41.06863;29.02922;Ulus Mah. Ahmet Adnan Saygun Cad. Kelaynak Sok;34;7;ÝSTANBUL;BEÞÝKTAÞ;10.05.2022;Hayýr;;240;330;;;261;;2364;2364
SELÝMPAÞA M MÝGROS;BATI MARMARA;1;MÝGROS;6;SELF SERVÝS M;7133;41.056171;28.367799;Selimpaþa Mah Kadir Has Cad  No:1;34;30;ÝSTANBUL;SÝLÝVRÝ;19.04.2022;Hayýr;;255;470;;;3823;;2365;2365
KUMBURGAZ M MÝGROS;BATI MARMARA;1;MÝGROS;6;SELF SERVÝS M;7134;41.031392;28.453313;Merkez Mah.Londra Bulvasý Belediye Altý;34;28;ÝSTANBUL;BÜYÜKÇEKMECE;19.04.2022;Hayýr;;203;350;;;255;;2366;2366
MÝLLET MAH.BURSA M MÝGROS;GÜNEY MARMARA;1;MÝGROS;6;SELF SERVÝS M;7135;40.214996;29.0948928;Millet Mah.Derya Cad.No:105/A;16;3;BURSA;YILDIRIM;29.04.2022;Hayýr;;366;826;;;6077;;2367;2367
FLORYA ÝSTANBUL M MÝGROS;BATI MARMARA;1;MÝGROS;6;SELF SERVÝS M;7136;40.981435;28.794313;Þenlikköy Mah.Avcýlar Sok Florya Çarþý içi NO:5;34;5;ÝSTANBUL;BAKIRKÖY;26.04.2022;Hayýr;;394;630;;;3105;;2368;2368
BAKIRKÖY CÝTY ÝSTANBUL M;BATI MARMARA;1;MÝGROS;6;SELF SERVÝS M;7137;40.98758091;28.88268047;Kartaltepe Mah.Koþuyolu Cad.C Blok No:47 / 6-7-8-9;34;5;ÝSTANBUL;BAKIRKÖY;27.04.2022;Hayýr;;375;570;;;5110;;2369;2369
HALKALI AVRUPA KONUTLARI M;BATI MARMARA;1;MÝGROS;6;SELF SERVÝS M;7138;41.04117184;28.79926081;Halkalý Merkez Mah.1214 Sok.No:1/15;34;19;ÝSTANBUL;KÜÇÜKÇEKMECE;19.04.2022;Hayýr;;330;629;;;6051;;2370;2370
ATAKENT AVRUPA KONUTLARI M;BATI MARMARA;1;MÝGROS;6;SELF SERVÝS M;7139;41.05046052;28.78878143;Atakent Mah.222.Cad.No:2/1;34;19;ÝSTANBUL;KÜÇÜKÇEKMECE;19.04.2022;Hayýr;;285;580;;;6042;;2371;2371
MURATPAÞA MEYDANKAVAÐI  M;BATI AKDENÝZ;1;MÝGROS;6;SELF SERVÝS M;7140;36.885336;30.736026;Meydankavaðý Mah.1595.Sok.No:30/A-B;7;19;ANTALYA;MURATPAÞA;27.05.2022;Hayýr;;339;550;;;;13082;2372;2372
BESTEKAR SOKAK ANKARA M MÝGROS;ÝÇ ANADOLU;1;MÝGROS;6;SELF SERVÝS M;7142;39.906055;32.860335;R.Oðuz Arýk Mah.Bestekar Cad.No:63;6;2;ANKARA;ÇANKAYA;26.04.2022;Hayýr;;360;522;;;6665;10407;2373;2373
YÜKSEL YANCI CAD. SÝVAS;KARADENÝZ/KUZEYD.AND;1;MÝGROS;6;SELF SERVÝS M;7143;39.724744;37.044417;Eðriköprü Mah. Yüksel Yancý Cad. No:3/A;58;0;SÝVAS;MERKEZ;10.05.2022;Hayýr;;423;612;;;5677;;2374;2374
FÝKÝRTEPE ELÝTE MACROKIOSK;DOÐU MARMARA;235;MACROKIOSK;243;MACROKIOSK;7144;40.995531;29.054792;Fikirtepe Mah. Özen  Sok. Elite Concept A3 BLOK;34;16;ÝSTANBUL;KADIKÖY;29.04.2022;Hayýr;;93;112;;;6627;9892;2375;2375
TURGUTREÝS MM MÝGROS;GÜNEY EGE;1;MÝGROS;2;MM;715;37.00665;27.25863;Mehmet Hilmi Cad. Jandarma Yaný Turgutreis Mah;48;1;MUÐLA;BODRUM;25.05.1999;Evet;53;1000;3170;;1,3;;;2376;2376
MJET GAZÝ OSMAN PAÞA KIRÞEHÝR;ÝÇ ANADOLU;230;MJET;9;M-JET;7151;39.135261;34.159348;Yenice Mah.Gazi Osman Paþa Bulv.No:50/A-B;40;0;KIRÞEHÝR;MERKEZ;29.04.2022;Hayýr;;250;316;;;;13961;2377;2377
YÜZÜNCÜYIL BURSA M MÝGROS;GÜNEY MARMARA;1;MÝGROS;6;SELF SERVÝS M;7152;40.2205277;28.8987899;Yüzüncüyýl Mah.Uður Mumcu Bulv.No:108/D;16;1;BURSA;NÝLÜFER;12.05.2022;Hayýr;;632;908;;;4316;;2378;2378
ERDAL ÝNÖNÜ CAD ÖZLÜCE BURSA M;GÜNEY MARMARA;1;MÝGROS;6;SELF SERVÝS M;7153;40.2262357;28.9068852;Yüzüncüyýl Mah.Zambak(360)Sok.No:4/!;16;1;BURSA;NÝLÜFER;28.04.2022;Hayýr;;340;465;;;5273;;2379;2379
HASANAÐA BURSA M MÝGROS;GÜNEY MARMARA;1;MÝGROS;6;SELF SERVÝS M;7154;40.204312;28.80519;Kýzýlcýklý Mah.Orhangazi(600)Cad.No:18/1;16;1;BURSA;NÝLÜFER;26.04.2022;Hayýr;;400;546;;;6845;10253;2380;2380
TAÞDELEN PARK M MÝGROS;DOÐU MARMARA;1;MÝGROS;6;SELF SERVÝS M;7155;41.03361415;29.23307417;Taþdelen Mah.Atabey Cad.No:4;34;37;ÝSTANBUL;ÇEKMEKÖY;26.04.2022;Hayýr;;449;825;;;4467;;2381;2381
DÜZCE M MÝGROS;GÜNEY MARMARA;1;MÝGROS;6;SELF SERVÝS M;7156;40.840251;31.153858;Camýkebir Mah.Ýstanbul Cad.No:49/A;81;0;DÜZCE;MERKEZ;29.04.2022;Hayýr;;666;1025;;;3487;;2382;2382
AKÞEHÝR KONYA M MÝGROS;ÝÇ ANADOLU;1;MÝGROS;6;SELF SERVÝS M;7157;38.35695;31.416561;Nasreddin Hoca Mah. 32501. Sokak  No:4A;42;6;KONYA;AKÞEHÝR;29.04.2022;Hayýr;;393;599;;;4503;;2383;2383
ÞIRNAK MM MÝGROS;DOÐU/G.DOÐU ANADOLU;1;MÝGROS;2;MM;7158;37.516597;42.46398;Yeþilyurt Mah.Uludere Cad.No:2;73;0;ÞIRNAK;MERKEZ;27.04.2022;Hayýr;;820;1225;;;;12181;2384;2384
MJET ALTINOVA AYVALIK;KUZEY EGE;230;MJET;9;M-JET;7159;39.2221261;26.78283267;ALTINOVA Mah. ÝSMET ÝNÖNÜ Cad. No: 62 A;10;1;BALIKESÝR;AYVALIK;3.06.2022;Hayýr;;299;518;;;;10639;2385;2385
MJET DEÐÝRMEN SK VÝZE;BATI MARMARA;230;MJET;9;M-JET;7160;41.57147952;27.76408871;Devlet Mah.Deðirmen Sok.No:76;39;7;KIRKLARELÝ;VÝZE;13.06.2022;Hayýr;;280;453;;;;12315;2386;2386
MJET GÖKÇEADA ÇANAKKALE PO;GÜNEY MARMARA;230;MJET;255;MJET-ÝSTASYON;7161;40.199428;25.917351;Yeni Mah.Kýzýlay Cad.;17;9;ÇANAKKALE;GÖKÇEADA;29.04.2022;Hayýr;;65;77;;;;13936;2387;2387
ÇAYYOLU GAZÝ M MÝGROS;ÝÇ ANADOLU;1;MÝGROS;6;SELF SERVÝS M;7162;39.870745;32.664633;Yaþamkent Mah.3061 Cad.No:5/E-F;6;2;ANKARA;ÇANKAYA;27.04.2022;Hayýr;;415;615;;;4896;;2388;2388
KEMALPAÞA PARK M MÝGROS;KUZEY EGE;1;MÝGROS;6;SELF SERVÝS M;7163;38.42898745;27.41607027;Sekiz Eylül Mah.Kemalpaþa Stadý No:13/A;35;18;ÝZMÝR;KEMALPAÞA;26.04.2022;Hayýr;;550;850;;;4720;;2389;2389
BEYTEPE MAH ÇANKAYA ANKARA M;ÝÇ ANADOLU;1;MÝGROS;6;SELF SERVÝS M;7164;39.862506;32.711448;Beytepe Mah.5387.Cad.No:27/C2-3-4-5;6;2;ANKARA;ÇANKAYA;27.04.2022;Hayýr;;385;920;;;5055;;2390;2390
MJET FAZLI METO BULVARI ADANA;DOÐU AKDENÝZ;230;MJET;9;M-JET;7165;37.03556;35.252127;Yüzüncüyýl Mah.Fazlý Meto Bulv.No:18;1;15;ADANA;ÇUKUROVA;28.04.2022;Hayýr;;323;756;;;;13553;2391;2391
MJET HEKÝMKÖY BULVARI ADANA;DOÐU AKDENÝZ;230;MJET;9;M-JET;7166;37.069952;35.379274;Çarkýpare Mah.Hekimköy Blv No:14/1D B Blok;1;14;ADANA;SARIÇAM;13.05.2022;Hayýr;;222;499;;;;13622;2392;2392
ÝKEBANA EVLERÝ BAHÇELÝEVLER M;BATI MARMARA;1;MÝGROS;6;SELF SERVÝS M;7167;41.014555;28.830383;Yenibosna Mah.Atatürk Cad.Ýkebana Evleri H Blok;34;4;ÝSTANBUL;BAHÇELÝEVLER;29.04.2022;Hayýr;;288;595;;;3819;;2393;2393
MJET ÜMRANÝYE SÝNPAÞ GÖKORMAN;DOÐU MARMARA;230;MJET;9;M-JET;7169;41.030507;29.167494;Aþaðý Dudullu Mah.Saray Bosna Cad.No:67;34;25;ÝSTANBUL;ÜMRANÝYE;13.05.2022;Hayýr;;233;472;;;;12882;2394;2394
T.EMLAK KONUTLARI ÇERKEZKÖY M;BATI MARMARA;1;MÝGROS;6;SELF SERVÝS M;7170;41.265295;28.027354;Cumhuriyet Mah.Cengiz Topel Cad.Çaðlayan Sok.;59;1;TEKÝRDAÐ;ÇERKEZKÖY;27.04.2022;Hayýr;;439;654;;;6018;;2395;2395
MJET MURADÝYE MANÝSA;KUZEY EGE;230;MJET;9;M-JET;7171;38.64624094;27.35372883;Muradiye Mah. 2. Sokak No:39D-39/1;45;17;MANÝSA;YUNUSEMRE;18.05.2022;Hayýr;;270;350;;;;12822;2396;2396
ALYAPARK ÝSTANBUL M MÝGROS;DOÐU MARMARA;1;MÝGROS;6;SELF SERVÝS M;7173;40.892825;29.241888;Çýnardere Mah. Babyiðit Sok No:5;34;21;ÝSTANBUL;PENDÝK;29.04.2022;Hayýr;;602;896;;;5291;;2398;2398
ADLÝYE KAYSERÝ M MÝGROS;ÝÇ ANADOLU;1;MÝGROS;5;SERVÝS REYONLU M;7174;38.734273;35.48022;Barbaros Mah.Erkilet Bulvarý No:13/A;38;1;KAYSERÝ;KOCASÝNAN;9.06.2022;Hayýr;;547;687;;;;11498;2399;2399
ÇÝFTLÝK MH. YALOVA M MÝGROS;GÜNEY MARMARA;1;MÝGROS;6;SELF SERVÝS M;7175;40.661228;29.32430258;Çiftlik Mah. Çýkmaz Sok.No:21/1;77;4;YALOVA;ÇÝFTLÝKKÖY;27.05.2022;Hayýr;;363;490;;;;13859;2400;2400
MJET BAYRAMOÐLU KOCAELÝ;DOÐU MARMARA;230;MJET;9;M-JET;7176;40.790333;29.338154;Bayramoðlu Mah. Plaj Cad. No:33;41;9;KOCAELÝ;DARICA;30.06.2022;Hayýr;;195;239;Evet;;;12594;2401;2401
MÜFTÜ MAH EREÐLÝ ZONGULDAK M;ÝÇ ANADOLU;1;MÝGROS;6;SELF SERVÝS M;7177;41.272226;31.4327;Müftü Mah. Þehit Ömer Halisdemir Bulvarý NO:26/B;67;4;ZONGULDAK;EREÐLÝ;12.05.2022;Hayýr;;428;859;;;5802;;2402;2402
MJET BOZYAZI MERKEZ;BATI AKDENÝZ;230;MJET;9;M-JET;7178;36.102144;32.975955;Merkez Mah.Atatürk Bulv.No:29/G-H-I-J-K-L-M-P-R-S-;33;3;MERSÝN;BOZYAZI;27.05.2022;Hayýr;;220;370;;;;12299;2403;2403
MJET KOCAELÝ ÝZMÝT KURUÇEÞME;DOÐU MARMARA;230;MJET;9;M-JET;7179;40.76901707;29.86665715;Kuruçeþme Fatih Mah. 33.Sokak No:25/A;41;11;KOCAELÝ;ÝZMÝT;12.05.2022;Hayýr;;219;302;;;;13587;2404;2404
KAÐIZMAN KARS M MÝGROS;KARADENÝZ/KUZEYD.AND;1;MÝGROS;6;SELF SERVÝS M;7180;40.140053;43.117787;Þahindere Mah.Ýstiklal Cad.No:10;36;4;KARS;KAÐIZMAN;14.06.2022;Hayýr;;457;763;;;;14173;2405;2405
NOKTA ANKARA MACROCENTER;ÝÇ ANADOLU;4;MACROCENTER;9;MACROCENTER;7182;39.902141;32.692488;Ümit Mah. 2479. Cadde No:2 Ýç Kapý No:40;6;2;ANKARA;ÇANKAYA;21.06.2022;Hayýr;;680;1180;;;;6315;2407;2407
ÖÐRETMENLER MH BURHANÝYE M;KUZEY EGE;1;MÝGROS;5;SERVÝS REYONLU M;7183;39.492092;26.934259;Öðretmenler mh.Muhammer Aksoy No: 95/A;10;5;BALIKESÝR;BURHANÝYE;17.05.2022;Hayýr;;686;1082;;;6460;11588;2408;2408
MJET ÜRGÜP;DOÐU AKDENÝZ;230;MJET;9;M-JET;7184;38.632268;34.917602;Cumhuriyet Mah.Atatürk Bulv.No:70/2;50;7;NEVÞEHÝR;ÜRGÜP;8.06.2022;Hayýr;;178;384;;;;13764;2409;2409
EROL KAYA CAD PENDÝK M MÝGROS;DOÐU MARMARA;1;MÝGROS;6;SELF SERVÝS M;7185;40.8768244;29.2254272;Batý Mah.Erol Kaya Cad.No:32;34;21;ÝSTANBUL;PENDÝK;22.07.2022;Hayýr;;450;610;;;;13486;2410;2410
ALANYA KARGICAK TERAS M MÝGROS;BATI AKDENÝZ;1;MÝGROS;6;SELF SERVÝS M;7186;36.46454;32.12079;Kargýcak Mah.Gazipaþa Cad.No:25 AA/AB/AC/AD/AE/AF;7;2;ANTALYA;ALANYA;17.06.2022;Hayýr;;360;666;;;;14075;2411;2411
BOÐAZÝÇÝ SÝTELER M MÝGROS;GÜNEY EGE;1;MÝGROS;6;SELF SERVÝS M;7188;37.18583;27.55688;Boðaziçi Mah.Yazlýk Siteler Sok.Bina No:72;48;8;MUÐLA;MÝLAS;10.06.2022;Hayýr;;452;634;Evet;;;12771;2412;2412
KADIKÖY ERENKÖY ETHEMEFENDI MM;DOÐU MARMARA;1;MÝGROS;2;MM;7189;40.97805;29.076984;Erenköy Mah.Ethem Efendi Cad.No:123;34;16;ÝSTANBUL;KADIKÖY;23.09.2022;Hayýr;;600;898;;;;11946;2413;2413
KÜLTÜR MAH. NÝLÜFER M MÝGROS;GÜNEY MARMARA;1;MÝGROS;6;SELF SERVÝS M;7190;40.19876396;28.9697952;Kültür Mah. Gültekin Cad. No:66 A-B-C;16;1;BURSA;NÝLÜFER;18.11.2022;Hayýr;;298;439;;;;13430;2414;2414
BAHÇELÝEVLER BÝLECÝK M MÝGROS;GÜNEY MARMARA;1;MÝGROS;5;SERVÝS REYONLU M;7191;40.161556;29.976938;Bahçelievler Mah.Deniz Sok.No:1/A;11;0;BÝLECÝK;MERKEZ;29.06.2022;Hayýr;;535;777;;;;12486;2415;2415
GÜNDOÐDU RÝZE M MÝGROS;KARADENÝZ/KUZEYD.AND;1;MÝGROS;6;SELF SERVÝS M;7192;41.044679;40.587501;Taþlýdere Mah.Eski Rize Hopa Yolu;53;0;RÝZE;MERKEZ;10.06.2022;Hayýr;;487;632;;;;14172;2416;2416
ADNAN MENDERES SAMSUN M MÝGROS;DOÐUKARDENZ/KUZEYDÐU;1;MÝGROS;6;SELF SERVÝS M;7194;41.333936;36.281339;Mimarsinan Mah. Atatürk Bulv.No:206;55;15;SAMSUN;ATAKUM;18.05.2022;Hayýr;;537;958;;;5863;;2418;2418
TOYA NEXT ÝSTANBUL M MÝGROS;BATI MARMARA;1;MÝGROS;6;SELF SERVÝS M;7195;41.04451;28.809577;15 Temmuz Mah.Bahar Cad.No:17;34;3;ÝSTANBUL;BAÐCILAR;30.06.2022;Hayýr;;564;705;;;;13925;2419;2419
HORASAN ERZURUM M MÝGROS;KARADENÝZ/KUZEYD.AND;1;MÝGROS;6;SELF SERVÝS M;7197;40.042453;42.165531;Yeni Mah. Yavuz Sultan Selim Cad.;25;4;ERZURUM;HORASAN;16.06.2022;Hayýr;;297;654;;;;14381;2420;2420
BULVAR EVLERÝ ESENYURT M;BATI MARMARA;1;MÝGROS;6;SELF SERVÝS M;7198;41.016;28.6482;Cumhuriyet Mah. Þehitler Cad no:13 Kapý No:5;34;38;ÝSTANBUL;ESENYURT;7.06.2022;Hayýr;;591;1380;;;5637;;2421;2421
ÇENGELKÖY KALDIRIM CADDESÝ M;DOÐU MARMARA;1;MÝGROS;6;SELF SERVÝS M;7199;41.058336;29.070034;Çengelköy Mah.Kaldýrým Cad.No:48A;34;26;ÝSTANBUL;ÜSKÜDAR;26.07.2022;Hayýr;;355;457;;;;13530;2422;2422
VE GÜNEÞLÝ ÝSTANBUL M MÝGROS;BATI MARMARA;1;MÝGROS;6;SELF SERVÝS M;7200;41.023414;28.819357;Baðlar Mah.Mimar Sinan Cad.No:21;34;3;ÝSTANBUL;BAÐCILAR;30.06.2022;Hayýr;;309;398;;;;13696;2423;2423
SÝLOPÝ ÞIRNAK MM MÝGROS;DOÐU/G.DOÐU ANADOLU;1;MÝGROS;2;MM;7201;37.242758;42.476495;172 Zýrhý Turgay Karþýsý Ýpekyolu Bulv No:8/C;73;5;ÞIRNAK;SÝLOPÝ;27.05.2022;Hayýr;;806;1143;;;;13684;2424;2424
MJET MERSÝN FINDIKPINARI;DOÐU AKDENÝZ;230;MJET;9;M-JET;7202;36.922257;34.3748;Fýndýkpýnarý Mh. Atatürk Cd. No:94A;33;11;MERSÝN;MEZÝTLÝ;24.06.2022;Hayýr;;260;350;Evet;;;14371;2425;2425
BAYRAMPAÞA M MÝGROS;BATI MARMARA;1;MÝGROS;6;SELF SERVÝS M;7203;41.035802;28.912252;Yenidoðan Mah. Abdi Ýpekçi Cad. No:4;34;6;ÝSTANBUL;BAYRAMPAÞA;10.06.2022;Hayýr;;614;1088;;;3340;;2426;2426
MJET TEKÝRDAÐ BAHÇELÝEVLER;BATI MARMARA;230;MJET;9;M-JET;7204;40.988701;27.601385;BAHÇELÝEVLER MAHALLESÝ ALABALIK SOKAK NO: 15;59;11;TEKÝRDAÐ;SÜLEYMANPAÞA;24.06.2022;Hayýr;;236;569;;;;13881;2427;2427
MJET BODRUM YAKAKÖY;GÜNEY EGE;230;MJET;9;M-JET;7205;37.067689;27.322677;Yakaköy Mah. Cenap Tezer Cad. No: 117;48;1;MUÐLA;BODRUM;16.06.2022;Hayýr;;165;237;;;;12541;2428;2428
MJET ÝZNÝK SAHÝL;GÜNEY MARMARA;230;MJET;9;M-JET;7206;40.42628557;29.71122934;Selçuk Mah. Gazi Hasan Özcan Sok. No:2;16;9;BURSA;ÝZNÝK;29.07.2022;Hayýr;;180;277;;;;13860;2429;2429
HÝLALKENT ERZURUM M MÝGROS;KARADENÝZ/KUZEYD.AND;1;MÝGROS;6;SELF SERVÝS M;7207;39.948468;41.298034;Kurtuluþ Mah. Orhangazi Cad. B Blok;25;21;ERZURUM;YAKUTÝYE;15.12.2022;Hayýr;;411;698;;;;13843;2430;2430
KAYAKYOLU ERZURUM M;DOÐUKARDENZ/KUZEYDÐU;1;MÝGROS;6;SELF SERVÝS M;7208;39.886997;41.276314;Osman Bektaþ Mah Öz Meral Sok. No:19;25;20;ERZURUM;PALANDÖKEN;17.06.2022;Hayýr;;419;566;;;;;2431;2431
ÇAKIRLARYOLU ANTALYA M MÝGROS;BATI AKDENÝZ;1;MÝGROS;6;SELF SERVÝS M;7212;36.896783;30.609039;Molla Yusuf Mah. Hürriyet Cad.NO:53/B;7;18;ANTALYA;KONYAALTI;3.06.2022;Hayýr;;438;671;;;5931;;2432;2432
KAÞ OVA ANTALYA M MÝGROS;BATI AKDENÝZ;1;MÝGROS;6;SELF SERVÝS M;7214;36.323604;29.330021;Atatürk Bulv.Ova Mah.No:203;7;9;ANTALYA;KAÞ;14.06.2022;Hayýr;;327;458;;;5942;;2433;2433
HARBÝYE CAD. ÇEÞMEALTI URLA M;KUZEY EGE;1;MÝGROS;6;SELF SERVÝS M;7215;38.39288276;26.74289877;Denizli Mah.Harbiye Cad.No:126;35;28;ÝZMÝR;URLA;7.06.2022;Hayýr;;402;833;;;5222;;2434;2434
ABDULLAH PAÞA ELAZIÐ MM MÝGROS;DOÐU/G.DOÐU ANADOLU;1;MÝGROS;2;MM;7216;38.65205;39.149681;Ataþehir Mah. Malatya Cad. No:153/D-E;23;0;ELAZIÐ;MERKEZ;7.07.2022;Hayýr;;852;1689;;;;14151;2435;2435
MJET MANAVGAT SORGUN;BATI AKDENÝZ;230;MJET;9;M-JET;7217;36.76571885;31.4129623;Sorgun Mah.8234 Sok.No:9/1,Z01-Z02,Z03,Z04,Z05;7;13;ANTALYA;MANAVGAT;24.06.2022;Hayýr;;182;232;;;;13880;2436;2436
SEYRANTEPE GAZÝANTEP M MÝGROS;DOÐU AKDENÝZ;1;MÝGROS;6;SELF SERVÝS M;7218;37.079625;37.418092;Seyrantepe Mah. Nihat Özdemir Cad. No:1/C;27;2;GAZÝANTEP;ÞEHÝTKAMÝL;8.07.2022;Hayýr;;500;717;;;;14311;2437;2437
MJET ENEZ SULTANÝÇE;BATI MARMARA;230;MJET;9;M-JET;7219;40.599804;26.13278962;Sultaniçe Küme Evleri (Sahil) No: 593/A Sultaniç;22;1;EDÝRNE;ENEZ;17.06.2022;Hayýr;;160;290;Evet;;;13887;2438;2438
BOLU MM MÝGROS;ÝÇ ANADOLU;1;MÝGROS;2;MM;722;40.7268;31.60355;Karaçayýr Mah. Fuar Sok. No:3;14;0;BOLU;MERKEZ;16.06.1999;Evet;120;1755;2875;;59,3;;;2439;2439
YAMAÇTEPE MAH KAHRAMANMARAÞ MM;DOÐU AKDENÝZ;1;MÝGROS;2;MM;7220;37.597397;36.84578;Yamaçtepe Mah. Prof. Dr. Necmettin Erbakan Bulv.;46;11;KAHRAMANMARAÞ;ONÝKÝÞUBAT;10.08.2022;Hayýr;;709;1400;;;;14150;2440;2440
KALABAK MAH URLA ÝZMÝR M;KUZEY EGE;1;MÝGROS;5;SERVÝS REYONLU M;7221;38.35983984;26.81615463;Kalabak Mah.Mareþal Fevzi Çakmak Bulv.N0:609;35;28;ÝZMÝR;URLA;7.06.2022;Hayýr;;415;1102;;;5253;;2441;2441
MJET MALAZGÝRT 1071 ERYAMAN;ÝÇ ANADOLU;230;MJET;9;M-JET;7222;39.981536;32.655556;Þehit Osman Avcý Mah. Malazgirt 1071. Cad. No:41/B;6;3;ANKARA;ETÝMESGUT;30.06.2022;Hayýr;;283;339;;;;14213;2442;2442
OBAGÖL SAHÝL ALANYA M MÝGROS;BATI AKDENÝZ;1;MÝGROS;6;SELF SERVÝS M;7224;36.530058;32.043237;Tosmur Mah. 8. Sok. No:1 A/A,A/B,A/C,A/D;7;2;ANTALYA;ALANYA;30.06.2022;Hayýr;;360;688;;;;13769;2443;2443
ABACIBÜKÜ GÝRESUN M MÝGROS;KARADENÝZ/KUZEYD.AND;1;MÝGROS;6;SELF SERVÝS M;7226;40.911713;38.438588;Aksu Mah. Pazar Cad. No:8;28;0;GÝRESUN;MERKEZ;29.06.2022;Hayýr;;395;498;;;;14385;2444;2444
BOMONTÝ ÝSTANBUL MACROKIOSK;BATI MARMARA;235;MACROKIOSK;243;MACROKIOSK;7227;41.058551;28.984051;Merkez Mah. Sýracevizler Cad. No:38;34;23;ÝSTANBUL;ÞÝÞLÝ;21.07.2022;Hayýr;;63;120;;;;14270;2445;2445
SAKARYA OZANLAR MAH. MMM;GÜNEY MARMARA;1;MÝGROS;3;MMM;7228;40.799222;30.369069;Ozanlar Mah.Prof.Dr.Sebahattin Zaim Bulv No: 64/2E;54;13;SAKARYA;ADAPAZARI;19.08.2022;Hayýr;;1600;2322;;;;11489;2446;2446
MJET ALTINOVA KAYTAZDERE;GÜNEY MARMARA;230;MJET;9;M-JET;7231;40.69330851;29.54357704;Kaytazdere Mah. M. Alpaslan Karabulut Blv. No:11;77;1;YALOVA;ALTINOVA;17.06.2022;Hayýr;;300;410;;;;14222;2447;2447
KUZEYKENT YENÝÞEHÝR MERSÝN MM;DOÐU AKDENÝZ;1;MÝGROS;2;MM;7232;36.785755;34.552731;Kuzeykent Mah. Ali Kaya Mutlu Cad. No:168A/G;33;13;MERSÝN;YENÝÞEHÝR;22.11.2022;Hayýr;;755;1672;;;;13356;2448;2448
MJET ÇAMYUVA SAHÝL KEMER;BATI AKDENÝZ;230;MJET;9;M-JET;7234;36.557673;30.566062;Çamyuva Mah. Ahmet Torgay Blv.;7;10;ANTALYA;KEMER;7.07.2022;Hayýr;;194;262;;;;13367;2449;2449
MJET CEBECÝ BULVAR KOCAELÝ;DOÐU MARMARA;230;MJET;9;M-JET;7235;41.18548568;30.25285037;Cebeci Mah. Cebeci Bulvarý No 12F;41;3;KOCAELÝ;KANDIRA;17.06.2022;Hayýr;;196;234;Evet;;;14641;2450;2450
MJET AVÞA ÝSKELE;GÜNEY MARMARA;230;MJET;9;M-JET;7236;40.50964074;27.49689261;Avþa Mah. Avþa Adasý;10;15;BALIKESÝR;MARMARA;24.06.2022;Hayýr;;197;263;;;;14620;2451;2451
GALATAPORT BEYOÐLU MACROCENTER;BATI MARMARA;4;MACROCENTER;9;MACROCENTER;7237;41.028166;28.985873;Kýlýçali Paþa Mah. Meclis-i Mebusan Cad. No:12;34;9;ÝSTANBUL;BEYOÐLU;30.06.2022;Hayýr;;477;617;;;;9245;2452;2452
MJET MERSÝN TAÞUCU ATATÜRK BLV;DOÐU AKDENÝZ;230;MJET;9;M-JET;7238;36.32484;33.886384;Taþucu Mah. Atatürk Blv. No:105/B;33;8;MERSÝN;SÝLÝFKE;4.08.2022;Hayýr;;260;310;;;;14539;2453;2453
ÇIRAK DERESÝ GÝRESUN M MÝGROS;KARADENÝZ/KUZEYD.AND;1;MÝGROS;6;SELF SERVÝS M;7239;40.912243;38.412957;Gedikkaya Mah. Güngör Cad. 101. Sok. No:38;28;0;GÝRESUN;MERKEZ;30.09.2022;Hayýr;;447;571;;;;14382;2454;2454
METROPOL ANTALYA M MÝGROS;BATI AKDENÝZ;1;MÝGROS;6;SELF SERVÝS M;7240;36.868298;30.724533;Yeþilbahçe Mah. Metin Kasapoðlu Cad.;7;19;ANTALYA;MURATPAÞA;29.06.2022;Hayýr;;475;840;;;3932;;2455;2455
RECEP PEKER ANTALYA M MÝGROS;BATI AKDENÝZ;1;MÝGROS;6;SELF SERVÝS M;7241;36.885466;30.710201;Haþimiþcan Mah. Recep Peker Cad. No:10;7;19;ANTALYA;MURATPAÞA;29.06.2022;Hayýr;;590;1621;;;5635;;2456;2456
MJET YENÝÞEHÝR MAH. KOCAELI;DOÐU MARMARA;230;MJET;9;M-JET;7242;40.77116329;29.96558535;Yeniþehir Mah. Asilkent Sok. No:16/1;41;11;KOCAELÝ;ÝZMÝT;17.09.2022;Hayýr;;200;242;;;;14461;2457;2457
ÝSTÝKLAL TRABZON M MÝGROS;KARADENÝZ/KUZEYD.AND;1;MÝGROS;6;SELF SERVÝS M;7247;40.982285;39.816775;Yalýncak Mah. Ýstiklal Cad. No:5D/2;61;18;TRABZON;ORTAHÝSAR;7.07.2022;Hayýr;;599;749;;;;14384;2458;2458
ARDEÞEN RÝZE M MÝGROS;KARADENÝZ/KUZEYD.AND;1;MÝGROS;6;SELF SERVÝS M;7248;41.192471;40.993824;Merkez Mah. Atatürk Cad. No:153;53;1;RÝZE;ARDEÞEN;21.10.2022;Hayýr;;480;650;;;;13605;2459;2459
MJET KIBRIS CADDESÝ SAMSUN;KARADENÝZ/KUZEYD.AND;230;MJET;9;M-JET;7249;41.337073;36.242131;Yenimahalle Mah. Ali Gaffar Okkan Cad. No:75;55;15;SAMSUN;ATAKUM;7.07.2022;Hayýr;;166;260;;;;14575;2460;2460
ÇERKEZKÖY FEVZÝPAÞA MAH. M;BATI MARMARA;1;MÝGROS;6;SELF SERVÝS M;7250;41.286743;27.992771;Fevzi Paþa Mah. Kulalar Sok. No:2;59;1;TEKÝRDAÐ;ÇERKEZKÖY;7.07.2022;Hayýr;;303;524;;;;13929;2461;2461
ILGIN KONYA M MÝGROS;ÝÇ ANADOLU;1;MÝGROS;5;SERVÝS REYONLU M;7252;38.283142;31.913201;Camiatik Mah. 83. Sok. No:1;42;22;KONYA;ILGIN;27.07.2022;Hayýr;;520;655;;;;13491;2462;2462
ÞAÝR SEYFÝ CD. KONYA M MÝGROS;ÝÇ ANADOLU;1;MÝGROS;6;SELF SERVÝS M;7253;37.887099;32.480142;Kýlýnçarslan Mah. Þair Seyfi Sok. No:18;42;3;KONYA;SELÇUKLU;29.07.2022;Hayýr;;396;527;;;;;2463;2463
ÞEYH ÞAMÝL MAH. SÝVAS M MÝGROS;KARADENÝZ/KUZEYD.AND;1;MÝGROS;6;SELF SERVÝS M;7254;39.757602;37.054146;Þeyh Þamil Mah. 47-Hamza Yerlikaya Cad. No:42;58;0;SÝVAS;MERKEZ;3.08.2022;Hayýr;;407;558;;;;13972;2464;2464
KARGICAK PREMÝUM ANTALYA MM;BATI AKDENÝZ;1;MÝGROS;2;MM;7256;36.453968;32.125044;Kargýcak Mah.Merkez 25 Sk.No:7 A;7;2;ANTALYA;ALANYA;26.08.2022;Hayýr;;739;942;;1;;14113;2465;2465
MJET GÖRÜKLE NÝLÜFER BURSA PO;GÜNEY MARMARA;230;MJET;255;MJET-ÝSTASYON;7257;40.22647958;28.84670601;Sakarya Mah. Atatürk Cad. No:91;16;1;BURSA;NÝLÜFER;31.08.2022;Hayýr;;136;191;;;;14676;2466;2466
KORDON KAÐITHANE ÝSTANBUL M;BATI MARMARA;1;MÝGROS;6;SELF SERVÝS M;7258;41.094332;28.983052;Hamidiye Mah. Cendere Cad. No:41;34;17;ÝSTANBUL;KAÐITHANE;13.04.2023;Hayýr;;490;702;;;;13623;2467;2467
MJET ACIBADEM ÝKBALÝYE ÝST;DOÐU MARMARA;230;MJET;9;M-JET;7259;40.9991;29.03883;Acýbadem Mah.  Acýbadem Cad. No:94;34;16;ÝSTANBUL;KADIKÖY;12.08.2022;Hayýr;;181;241;;;;14604;2468;2468
ERDEMLÝ LÝMAN MERSÝN M MÝGROS;DOÐU AKDENÝZ;1;MÝGROS;5;SERVÝS REYONLU M;7265;36.606245;34.320261;Alata Mah. Gençlik Cad. No:47 AA /AB;33;5;MERSÝN;ERDEMLÝ;30.09.2022;Hayýr;;557;787;;;;13979;2469;2469
MJET BOZANTI CD. KAYSERÝ;DOÐU AKDENÝZ;230;MJET;9;M-JET;7266;38.736023;35.504657;Mimarsinan Mah. Bozantý Cad. No:84/D;38;1;KAYSERÝ;KOCASÝNAN;28.07.2022;Hayýr;;270;370;;;;12937;2470;2470
MJET GÖLBUCAÐI BARTIN;ÝÇ ANADOLU;230;MJET;9;M-JET;7267;41.637664;32.325644;Gölbucaðý Mah. 559. Sok. No:4/1 Iþýk Apt. A Blok;74;0;BARTIN;MERKEZ;28.07.2022;Hayýr;;236;436;;;;14453;2471;2471
FSM CD. KARAMÜRSEL KOCAELÝ M;DOÐU MARMARA;1;MÝGROS;6;SELF SERVÝS M;7268;40.6909589;29.60680291;Kayacýk Mah. Fatih Sultan Mehmet Cad. 995. Sok.;41;4;KOCAELÝ;KARAMÜRSEL;9.09.2022;Hayýr;;348;535;;;;14221;2472;2472
HASTANE CAD. KEPEZ  ANTALYA MM;BATI AKDENÝZ;1;MÝGROS;2;MM;7269;36.926183;30.726142;Mehmet Akif Ersoy Mah. 15 Temmuz Þehitler Cad.;7;17;ANTALYA;KEPEZ;16.09.2022;Hayýr;;795;1119;;;;14145;2473;2473
MJET NEF ALTIEYLÜL BALIKESÝR;GÜNEY MARMARA;230;MJET;9;M-JET;7270;39.634849;27.880307;Kasaplar Mah. Soma Cad. NO: 97-99B;10;19;BALIKESÝR;ALTIEYLÜL;29.07.2022;Hayýr;;297;445;;;;13538;2474;2474
TOPTAN SAKARYA;DOÐU MARMARA;231;TOPTAN SATIÞ;230;TOPTAN SATIÞ;7272;40.80042576;30.36801858;Ozanlar mah. Prof. Dr. Sebahattin Zaim Bulvarý;54;13;SAKARYA;ADAPAZARI;26.08.2022;Hayýr;;410;510;;;;14761;2476;2476
MJET KORU HÜRRÝYET YALOVA;GÜNEY MARMARA;230;MJET;9;M-JET;7273;40.65459036;29.19200542;Hürriyet Mah Yavola Armutlu Yolu Cad. No:8 Koru;77;3;YALOVA;ÇINARCIK;29.07.2022;Hayýr;;258;305;;;;14743;2477;2477
MJET YENÝDOÐAN MAH. KEPEZ ANT;BATI AKDENÝZ;230;MJET;9;M-JET;7280;36.908889;30.659829;Yeni Doðan Mh.Þehit Uzman Çavuþ Ali Yýlmaz Sk No:7;7;17;ANTALYA;KEPEZ;29.07.2022;Hayýr;;211;305;;;;14387;2479;2479
KARAÇALI DALAMAN MUÐLA M;GÜNEY EGE;1;MÝGROS;6;SELF SERVÝS M;7281;36.76164621;28.80657429;Karaçalý Mah.Celal Bayar Cad. No:48A;48;2;MUÐLA;DALAMAN;26.08.2022;Hayýr;;416;666;;;;14275;2480;2480
SPORKENT KÜTAHYA M MÝGROS;GÜNEY MARMARA;1;MÝGROS;6;SELF SERVÝS M;7282;39.40356;30.03681;Dumlupýnar Mah. Þehit Ömer Halisdemir Cad.;43;0;KÜTAHYA;MERKEZ;5.08.2022;Hayýr;;524;664;;;;13221;2481;2481
MJET BAHÇELÝEVLER MH ZONGULDAK;ÝÇ ANADOLU;230;MJET;9;M-JET;7283;41.451623;31.76916;Bahçelievler Mah. Mehmetçik Cad. No:8;67;0;ZONGULDAK;MERKEZ;11.08.2022;Hayýr;;181;280;;;;14178;2482;2482
METROLÝFE SANCAKTEPE ÝST MMM;DOÐU MARMARA;1;MÝGROS;3;MMM;7286;40.991717;29.230671;Abdurrahmangazi Mah. Ebubekir Cad. No:14;34;39;ÝSTANBUL;SANCAKTEPE;30.09.2022;Hayýr;;1667;2166;;1;;8342;2484;2484
F.AYANOÐLU KADIKÖY MACROCENTER;DOÐU MARMARA;4;MACROCENTER;9;MACROCENTER;7288;40.97401;29.04562;Fenerbahçe Mah. Dr. Faruk Ayanoðlu Cad. No:26/c;34;16;ÝSTANBUL;KADIKÖY;13.10.2022;Hayýr;;410;712;;;;11679;2485;2485
C. MEMDUH ALTAR KADIKÖY ÝST M;DOÐU MARMARA;1;MÝGROS;5;SERVÝS REYONLU M;7289;40.973987;29.063026;Göztepe Mah. Tütüncü Mehmet Efendi Cad. No:32;34;16;ÝSTANBUL;KADIKÖY;20.01.2023;Hayýr;;378;644;;;;11549;2486;2486
ÇAYIRBAÞI ÞÝLE ÝSTANBUL M;DOÐU MARMARA;1;MÝGROS;6;SELF SERVÝS M;7290;41.151503;29.642977;Çayýrbaþý Mah. Þile Aðva Yolu No:37;34;32;ÝSTANBUL;ÞÝLE;25.11.2022;Hayýr;;288;386;;;;8187;2487;2487
MJET SABRÝTAÞKIN CD PENDÝK ÝST;DOÐU MARMARA;230;MJET;9;M-JET;7291;40.878507;29.229117;Batý Mah. Sabri Taþkýn Cad. 4 B;34;21;ÝSTANBUL;PENDÝK;26.08.2022;Hayýr;;252;407;;;;14538;2488;2488
CUMHURÝYET CD. ORTACA MUÐLA M;GÜNEY EGE;1;MÝGROS;6;SELF SERVÝS M;7292;36.843535;28.768285;Atatürk Mah. Cumhuriyet Cad. No: 14A -14B;48;9;MUÐLA;ORTACA;15.09.2022;Hayýr;;429;1079;;;;11561;2489;2489
KULU KONYA M MÝGROS;ÝÇ ANADOLU;1;MÝGROS;5;SERVÝS REYONLU M;7293;39.091187;33.079598;Camikebir Mah.138025 Sok. No:5A;42;25;KONYA;KULU;26.08.2022;Hayýr;;544;840;;;;14741;2490;2490
KUTBÝLCÝHAN CD. KONYA M MÝGROS;ÝÇ ANADOLU;1;MÝGROS;6;SELF SERVÝS M;7294;37.964283;32.474839;SELAHADDÝNÝ EYYUBÝ MAHALLESÝ KUTBÝLCÝHAN CADDESÝ;42;3;KONYA;SELÇUKLU;6.09.2022;Hayýr;;326;457;;;;13431;2491;2491
DEVELÝ KAYSERÝ M MÝGROS;DOÐU AKDENÝZ;1;MÝGROS;5;SERVÝS REYONLU M;7295;38.390229;35.491047;Harman Mah. Tekir Cad. No:14/A;38;5;KAYSERÝ;DEVELÝ;15.09.2022;Hayýr;;442;913;;;;13434;2492;2492
KIRBAÞI CD. KONYA M MÝGROS;ÝÇ ANADOLU;1;MÝGROS;6;SELF SERVÝS M;7296;37.893846;32.521178;Ulubatlýhasan Mah Kýrbaþý Cad. No:123;42;1;KONYA;KARATAY;31.08.2022;Hayýr;;350;486;;;;;2493;2493
MJET KAYNARCA PENDÝK;DOÐU MARMARA;230;MJET;9;M-JET;7297;40.872562;29.263813;Kaynarca Mah. Aydýnlý Yolu Cad.;34;21;ÝSTANBUL;PENDÝK;15.09.2022;Hayýr;;228;270;;;;14217;2494;2494
MANAVGAT MM MÝGROS;BATI AKDENÝZ;1;MÝGROS;2;MM;730;36.78589;31.43896;Bahçelievler Mah. Antalya Cad.;7;13;ANTALYA;MANAVGAT;18.06.1999;Hayýr;65;1195;4110;;51,3,13;;;2497;2497
ARHAVÝ ARTVÝN M MÝGROS;KARADENÝZ/KUZEYD.AND;1;MÝGROS;5;SERVÝS REYONLU M;7308;41.348744;41.302599;Boðaziçi mah. Dr. C. Kazancýoðlu Cad.;8;2;ARTVÝN;ARHAVÝ;31.08.2022;Hayýr;;314;388;;;;14692;2498;2498
ÞÝRÝNEVLER MAH. ORDU M MÝGROS;KARADENÝZ/KUZEYD.AND;1;MÝGROS;6;SELF SERVÝS M;7309;40.973793;37.899199;Þirinevler Mah. 674 Sokak No:15-21/A;52;19;ORDU;ALTINORDU;31.08.2022;Hayýr;;405;545;;;;14580;2499;2499
MAYA MÝLAS MACROCENTER;GÜNEY EGE;4;MACROCENTER;9;MACROCENTER;7311;37.19578713;27.56657376;Boðaziçi Mah. Yazlýk Siteler Sok.;48;8;MUÐLA;MÝLAS;31.03.2023;Hayýr;;417;651;;2;;14497;2500;2500
DENÝZEVLER ATAKUM SAMSUN M;KARADENÝZ/KUZEYD.AND;1;MÝGROS;6;SELF SERVÝS M;7313;41.323913;36.295404;Esenevler Mah. Ýsmet Ýnönü Bulvarý No;55;15;SAMSUN;ATAKUM;31.08.2022;Hayýr;;299;380;;;;14833;2501;2501
MJET BÝGADÝÇ BALIKESÝR;GÜNEY MARMARA;230;MJET;9;M-JET;7314;39.39242882;28.1317698;CAMÝÝ MH. ATATÜRK CD. 202A;10;4;BALIKESÝR;BÝGADÝÇ;13.10.2022;Hayýr;;185;291;;;;14777;2502;2502
Þ.KAMÝL VADÝ PARK GAZÝANTEP MM;DOÐU AKDENÝZ;1;MÝGROS;2;MM;7315;37.08012;37.32368;Ýbrahimli mah. 35005 sok. Vadi park;27;2;GAZÝANTEP;ÞEHÝTKAMÝL;16.09.2022;Hayýr;;645;1031;;;;13806;2503;2503
MJET 8 MART MH NUSAYBÝN MARDÝN;DOÐU/G.DOÐU ANADOLU;230;MJET;9;M-JET;7317;37.088486;41.202963;Nevruz Bulvarý Nuskent Apartmaný Altý 13-14;47;6;MARDÝN;NUSAYBÝN;8.09.2022;Hayýr;;259;367;;;;14485;2504;2504
ÇARKIPARE MH. SARIÇAM ADANA M;DOÐU AKDENÝZ;1;MÝGROS;5;SERVÝS REYONLU M;7318;37.060695;35.382201;Çarkýpare Mah. Elif Su Uludað Cad. No:206A;1;14;ADANA;SARIÇAM;13.10.2022;Hayýr;;571;979;;;;14867;2505;2505
PLAJ CD. ÇEÞMELÝ MERSÝN M;DOÐU AKDENÝZ;1;MÝGROS;5;SERVÝS REYONLU M;7319;36.670673;34.428495;Çeþmeli Mah. Plaj Cad. No:46CA/CB;33;5;MERSÝN;ERDEMLÝ;13.10.2022;Hayýr;;440;530;;;;14779;2506;2506
MJET SÝNOP ADA;KARADENÝZ/KUZEYD.AND;230;MJET;9;M-JET;7320;42.024629;35.162323;Ada Mah. Okullar Cad.;57;0;SÝNOP;MERKEZ;31.08.2022;Hayýr;;240;351;;;;14935;2507;2507
ÞAÝRNÝGAR NÝÞANTAÞI ÝSTANBUL M;BATI MARMARA;1;MÝGROS;5;SERVÝS REYONLU M;7321;41.052427;28.991573;Vali Konaðý Cad. Þair Nigar Sok No: 4/A Niþantaþý;34;23;ÝSTANBUL;ÞÝÞLÝ;4.11.2022;Hayýr;;488;851;;3;;;2508;2508
KAÐITHANE MERKEZ ÝSTANBUL M;BATI MARMARA;1;MÝGROS;5;SERVÝS REYONLU M;7322;41.0783;28.975061;Çaðlayan Mah. Bahtiyar Sok. No:54;34;17;ÝSTANBUL;KAÐITHANE;30.11.2022;Hayýr;;549;1209;;;;;2509;2509
ÞEMÝKLER ORDU BULVARI ÝZMÝR M;KUZEY EGE;1;MÝGROS;5;SERVÝS REYONLU M;7324;38.47636618;27.09418002;Þemikler Mah. 6269 Sok. No:20A;35;7;ÝZMÝR;KARÞIYAKA;23.09.2022;Hayýr;;450;577;;;;14900;2511;2511
GAYRETTEPE ÝST MACROCENTER;BATI MARMARA;4;MACROCENTER;9;MACROCENTER;7325;41.065718;29.007023;Yýldýzposta Cad. Vefabey Sok No:26 Gayrettepe;34;7;ÝSTANBUL;BEÞÝKTAÞ;28.04.2023;Hayýr;;520;738;;2;;;2512;2512
GÖRELE GÝRESUN M MÝGROS;KARADENÝZ/KUZEYD.AND;1;MÝGROS;5;SERVÝS REYONLU M;7328;41.03188;39.00418;Hendekbaþý Mah. Salih Sinirlioðlu Cad. No:21;28;9;GÝRESUN;GÖRELE;20.12.2022;Hayýr;;375;1000;;;;;2515;2515
FATÝH MH.TRABZON M MÝGROS;KARADENÝZ/KUZEYD.AND;1;MÝGROS;6;SELF SERVÝS M;7331;41.000337;39.698398;Fatih Mah. Akasya Sok. No:5/A;61;18;TRABZON;ORTAHÝSAR;16.12.2022;Hayýr;;445;551;;;;;2517;2517
DÝDÝM MMM MÝGROS;GÜNEY EGE;1;MÝGROS;3;MMM;734;37.373227;27.265352;Efeler Mah. Devekýran Cad. No:50;9;4;AYDIN;DÝDÝM;11.06.1999;Evet;70;2019;2900;;2,3;;;2518;2518
ARAKLI TRABZON M MÝGROS;KARADENÝZ/KUZEYD.AND;1;MÝGROS;6;SELF SERVÝS M;7340;40.938043;40.057048;Merkez Mah. Trabzon Cad. No:72B;61;2;TRABZON;ARAKLI;20.10.2022;Hayýr;;278;356;;;;;2519;2519
BOSTANCI TRABZON M MÝGROS;KARADENÝZ/KUZEYD.AND;1;MÝGROS;6;SELF SERVÝS M;7341;40.992063;39.761364;Üniversite Mah. Zafanoz Cad. Analiz Sok. No:2;61;18;TRABZON;ORTAHÝSAR;31.10.2022;Hayýr;;240;360;;;;;2520;2520
MJET PAZARKAPI MH. TRABZON;DOÐUKARDENZ/KUZEYDÐU;230;MJET;9;M-JET;7342;41.006446;39.721845;Pazarkapý Mah. K.Maraþ Cad. No:112;61;18;TRABZON;ORTAHÝSAR;28.12.2022;Hayýr;;106;190;;;;;2521;2521
PELÝTLÝ TRABZON M MÝGROS;DOÐUKARDENZ/KUZEYDÐU;1;MÝGROS;6;SELF SERVÝS M;7344;40.986448;39.794885;Pelitli Mah. Kelebek Sok. No:1/A;61;18;TRABZON;ORTAHISAR;31.10.2022;Hayýr;;276;500;;;;;2522;2522
MJET SOÐUKSU TRABZON;KARADENÝZ/KUZEYD.AND;230;MJET;9;M-JET;7345;40.98783;39.69399;Soðuksu Mah. Postacý Sk. Ozçim Sitesi;61;18;TRABZON;ORTAHÝSAR;19.10.2022;Hayýr;;175;200;;;;;2523;2523
KAYMAKLI  MH.TRABZON M MÝGROS;DOÐUKARDENZ/KUZEYDÐU;1;MÝGROS;6;SELF SERVÝS M;7347;40.994553;39.748357;Kaymaklý Mah. Çukrçayýr Yolu Cad. No:28;61;18;TRABZON;ORTAHÝSAR;31.10.2022;Hayýr;;512;612;;;;;2524;2524
MJET ÇINARALTI TRABZON;KARADENÝZ/KUZEYD.AND;230;MJET;9;M-JET;7349;40.993927;39.659739;1 Nolu Beþirli Mah. Devlet Sahilyolu Cad.No:513/B;61;18;TRABZON;ORTAHÝSAR;28.10.2022;Hayýr;;93;115;;;;;2525;2525
MJET HASTANE KAVÞAÐI TRABZON;KARADENÝZ/KUZEYD.AND;230;MJET;9;M-JET;7350;40.963434;39.836045;Kaþüstü Mah. Merkez Cad. No:12/A;61;17;TRABZON;YOMRA;19.10.2022;Hayýr;;196;396;;;;;2526;2526
MJET AVNÝ AKER TRABZON;KARADENÝZ/KUZEYD.AND;230;MJET;9;M-JET;7351;41.004073;39.702232;Ýnönü Mah. Dr. Ýbrahim Okman Cad. No:8/A;61;18;TRABZON;ORTAHÝSAR;20.10.2022;Hayýr;;132;168;;;;;2527;2527
CUMHURÝYET CD. BALIKESÝR M;GÜNEY MARMARA;1;MÝGROS;6;SELF SERVÝS M;7353;39.616793;27.896891;Bahçelievler Mah. Cumhuriyet Cad. No:35;10;19;BALIKESÝR;ALTIEYLÜL;14.10.2022;Hayýr;;417;513;;;;14494;2528;2528
YENÝÞAKRAN MH ALÝAÐA ÝZMÝR M;KUZEY EGE;1;MÝGROS;6;SELF SERVÝS M;7355;38.889488;27.0662;Yeniþakran Mah. Cumhuriyet Cad. No:2;35;10;ÝZMÝR;ALÝAÐA;31.10.2022;Hayýr;;470;660;;;;13270;2529;2529
HOMEMADE MOBÝL MACROCENTER;DOÐU MARMARA;4;MACROCENTER;9;MACROCENTER;7356;;;Atatürk Mah Turgut Özal Cad. No:7;34;34;ÝSTANBUL;ATAÞEHÝR;1.09.2022;Hayýr;;5;9;;;;;2530;2530
ÇÜNÜR MAH. MERKEZ ISPARTA M;BATI AKDENÝZ;1;MÝGROS;5;SERVÝS REYONLU M;7357;37.81885;30.542715;Çünür Mah. 5471 Sokak No:1 A/1-2-3;32;0;ISPARTA;MERKEZ;21.10.2022;Hayýr;;460;571;;;;12508;2531;2531
TUNA AVM KAYSERÝ MM;ÝÇ ANADOLU;1;MÝGROS;2;MM;7358;38.73315;35.515392;Mimarsinan Mah. Baðýþlý Sok. No:5/1B01;38;1;KAYSERÝ;KOCASÝNAN;1.10.2022;Hayýr;;981;1430;;;;13433;2532;2532
MJET KARÞIYAKA GÖLBAÞI ANKARA;ÝÇ ANADOLU;230;MJET;9;M-JET;7359;39.781605;32.784705;Karþýyaka Mah. Haymana Yolu Blv. No:296;6;4;ANKARA;GÖLBAÞI;30.09.2022;Hayýr;;354;524;;;;13035;2533;2533
GÜNEÞ TUNCELÝ M MÝGROS;KARADENÝZ/KUZEYD.AND;1;MÝGROS;6;SELF SERVÝS M;7360;39.106558;39.549362;Moðultay Mah. Ata Sk. No:11;62;0;TUNCELÝ;MERKEZ;29.09.2022;Hayýr;;240;382;;;;14987;2534;2534
AHLAT BÝTLÝS M MÝGROS;DOÐU/G.DOÐU ANADOLU;1;MÝGROS;7;M ANADOLU;7366;38.753942;42.496307;Erkizan Mah. Mazlumlu Yegül Cd. No:116;13;2;BÝTLÝS;AHLAT;20.10.2022;Hayýr;;417;493;;;;15015;2535;2535
MJET ORHAN MH ÝZMÝT KOCAELÝ;DOÐU MARMARA;230;MJET;9;M-JET;7368;40.774751;29.924085;Orhan Mah. Gaffar Okan Sk. No:35/5;41;11;KOCAELÝ;ÝZMÝT;25.11.2022;Hayýr;;289;365;;;;12922;2536;2536
MJET DUACI KEPEZ ANTALYA;BATI AKDENÝZ;230;MJET;9;M-JET;7370;36.971878;30.652869;Duacý Mah. 9070 Sk. No:35/A;7;17;ANTALYA;KEPEZ;30.09.2022;Hayýr;;235;312;;;;12141;2537;2537
MUT MERSÝN M MÝGROS;DOÐU AKDENÝZ;1;MÝGROS;6;SELF SERVÝS M;7372;36.640886;33.442026;Güllük Mah. Atatürk Bulvarý No:89;33;7;MERSÝN;MUT;4.10.2022;Hayýr;;507;842;;;6803;11197;2539;2539
DURSUNBEY BALIKESIR M MÝGROS;GÜNEY MARMARA;1;MÝGROS;7;M ANADOLU;7373;39.58902702;28.6270241;FERAH MH. ADNAN MENDERES BLV. NO:59A;10;6;BALIKESÝR;DURSUNBEY;14.10.2022;Hayýr;;300;435;;;;15156;2540;2540
GÖLMARMARA MANÝSA M MÝGROS;KUZEY EGE;1;MÝGROS;7;M ANADOLU;7374;38.71739798;27.91529122;Ýhsaniye Mah. Þht. Adnan Ceylan Cad. B Blok;45;5;MANÝSA;GÖLMARMARA;14.10.2022;Hayýr;;345;509;;;;15080;2541;2541
SELENDÝ MANÝSA M MÝGROS;KUZEY EGE;1;MÝGROS;7;M ANADOLU;7375;38.74224678;28.863504;Yenicami Mah. Atatürk Cad. No: 112B / 112A;45;13;MANÝSA;SELENDÝ;14.10.2022;Hayýr;;372;515;;;;15064;2542;2542
TOROSLAR ALSANCAK MERSÝN M;DOÐU AKDENÝZ;1;MÝGROS;6;SELF SERVÝS M;7376;36.793262;34.612791;Alsancak Mah. GMK Bulvarý B Blok No:218/220DD;33;12;MERSÝN;TOROSLAR;7.10.2022;Hayýr;;586;900;;;6535;;2543;2543
MJET TURGUT PAÞA KARTAL ÝST;DOÐU MARMARA;230;MJET;9;M-JET;7378;40.891117;29.223287;Yalý Mah. Turgut Paþa Cd. No:19;34;18;ÝSTANBUL;KARTAL;30.09.2022;Hayýr;;223;297;;;;14099;2544;2544
MJET TATLIKUYU GEBZE KOCAELÝ;DOÐU MARMARA;230;MJET;9;M-JET;7379;40.791755;29.438305;Tatlýkuyu Mah. Ahmet Pembegüllü Blv. No:33;41;1;KOCAELÝ;GEBZE;14.10.2022;Hayýr;;151;225;;;;14605;2545;2545
MJET KAPAKLI YUVAM TEKÝRDAÐ;BATI MARMARA;230;MJET;9;M-JET;7395;41.33632634;27.97148035;Atatürk Mah. Çeken Cd. No:24A, 24B, 24C 24D;59;10;TEKÝRDAÐ;KAPAKLI;4.11.2022;Hayýr;;285;341;;;;14675;2546;2546
ÇERKEZKÖY HASTANE TEKÝRDAÐ M;BATI MARMARA;1;MÝGROS;6;SELF SERVÝS M;7397;41.28271349;28.00888193;Fatih Mah. Eray Sk. No:2;59;1;TEKÝRDAÐ;ÇERKEZKÖY;14.12.2022;Hayýr;;325;639;;;;13331;2547;2547
BAHÇEÞEHÝR MODERN ÝSTANBUL MM;BATI MARMARA;1;MÝGROS;2;MM;7399;41.06959677;28.66489464;Koza Mah. Esenkent Bahçeþehir Yolu Cd. No:22;34;38;ÝSTANBUL;ESENYURT;18.11.2022;Hayýr;;667;1157;;;;13494;2548;2548
KARAPINAR KONYA M MÝGROS;ÝÇ ANADOLU;1;MÝGROS;7;M ANADOLU;7401;37.713319;33.543857;Hacý Ömerli Mah. Kocatepe Cad. No:52;42;24;KONYA;KARAPINAR;24.11.2022;Hayýr;;458;640;;;;14868;2549;2549
SÝNPAÞ EGE VADÝSÝ M MÝGROS;ÝÇ ANADOLU;1;MÝGROS;6;SELF SERVÝS M;7412;39.855281;32.845667;Yukarý Dikmen Mah. 648. Cad.;6;2;ANKARA;ÇANKAYA;4.11.2022;Hayýr;;393;768;;;;7372;2551;2551
KOVANCILAR ELAZIÐ M MÝGROS;DOÐU/G.DOÐU ANADOLU;1;MÝGROS;7;M ANADOLU;7413;38.714497;39.860458;Yeni Mah.Elazýð 5.Cad No:72D Bodrum 1 Ve Zemin Kat;23;7;ELAZIÐ;KOVANCILAR;27.10.2022;Hayýr;;390;941;;;;15057;2552;2552
DÝCLE DÝYARBAKIR M MÝGROS;DOÐU/G.DOÐU ANADOLU;1;MÝGROS;7;M ANADOLU;7414;38.361038;40.07233;15 Temmuz Mah. Ergani Cad. Dýþ Kapý No:121;21;5;DÝYARBAKIR;DÝCLE;3.11.2022;Hayýr;;494;757;;;;15056;2553;2553
Y.BAÞIYAÞAR CD TARSUS MERSÝN M;DOÐU AKDENÝZ;1;MÝGROS;5;SERVÝS REYONLU M;7417;36.942734;34.884692;Akþemsettin Mah. Yüzbaþý Yaþar Cd.;33;9;MERSÝN;TARSUS;30.11.2022;Hayýr;;507;678;;;;14939;2554;2554
MJET SKYLAND SARIYER ÝSTANBUL;BATI MARMARA;230;MJET;9;M-JET;7423;41.102653;28.987372;Huzur Mah. Azerbaycan Cad. Skyland D Blok No:4D/1;34;22;ÝSTANBUL;SARIYER;5.12.2022;Hayýr;;287;885;;;;14236;2556;2556
MJET KARABAYIR ESKÝÞEHÝR;ÝÇ ANADOLU;230;MJET;9;M-JET;7424;39.758259;30.439435;Orhangazi Mah. Ziraat Cd. No:171/C;26;13;ESKÝÞEHÝR;ODUNPAZARI;11.11.2022;Hayýr;;329;703;;;;11543;2557;2557
BEYLÝKDÜZÜ YAÞAM VADÝSÝ MM;BATI MARMARA;1;MÝGROS;2;MM;7425;41.009081;28.633469;Adnan Kahveci Mah. Ergun Sok. No:8A;34;36;ÝSTANBUL;BEYLÝKDÜZÜ;18.11.2022;Hayýr;;837;1150;;;;13069;2558;2558
PRESTÝJ CD. BALIKESÝR M MÝGROS;GÜNEY MARMARA;1;MÝGROS;6;SELF SERVÝS M;7426;39.628021;27.894885;Bahçelievler Mah. Düzgün Sok. B Blok No: 14A;10;19;BALIKESÝR;ALTIEYLÜL;2.12.2022;Hayýr;;450;552;;;;14493;2559;2559
ALTINOVA SÝNAN MH.KEPEZ ANT.M;BATI AKDENÝZ;1;MÝGROS;6;SELF SERVÝS M;7427;36.931266;30.783663;Altýnova Sinan Mah. Yunus Emre 1 Sok. No:34A;7;17;ANTALYA;KEPEZ;24.11.2022;Hayýr;;260;490;;;;14590;2560;2560
SORGUN YOZGAT M MÝGROS;ÝÇ ANADOLU;1;MÝGROS;7;M ANADOLU;7428;39.811424;35.185783;Bahçelievler Mah. Müftüoðlu Cd. No:01a;66;10;YOZGAT;SORGUN;31.10.2022;Hayýr;;507;622;;;;15603;2561;2561
MJET TÜRKÝSTAN CD. AMASYA;KARADENÝZ/KUZEYD.AND;230;MJET;9;M-JET;7429;40.656009;35.805569;Þeyhcui Mah. Türkistan Cd. No:62;5;0;AMASYA;MERKEZ;4.11.2022;Hayýr;;215;350;;;;14707;2562;2562
ÇARÞI KÝLÝS M MÝGROS;DOÐU AKDENÝZ;1;MÝGROS;7;M ANADOLU;7430;36.715095;37.124108;Þehitsakýp Mah.Zekeriya Korkmaz Bulvarý;79;0;KÝLÝS;MERKEZ;30.11.2022;Hayýr;;384;1060;;;;15245;2563;2563
CEYLANPINAR ÞANLIURFA M MÝGROS;DOÐU/G.DOÐU ANADOLU;1;MÝGROS;7;M ANADOLU;7431;36.86198;40.046211;Ceylanpýnar Mah. Dayan apartmaný altý;63;4;ÞANLIURFA;CEYLANPINAR;25.11.2022;Hayýr;;460;659;;;;15259;2564;2564
MJET ERTUÐRULGAZÝ BUL. ANKARA;ÝÇ ANADOLU;230;MJET;9;M-JET;7432;39.855917;32.736128;Beytepe Mah. Ertuðrul Gazi Blv No:22/A;6;2;ANKARA;ÇANKAYA;27.10.2022;Hayýr;;384;520;;;;14600;2565;2565
CAHER DUDAYEV BOSTANLI ÝZMÝR M;KUZEY EGE;1;MÝGROS;6;SELF SERVÝS M;7433;38.46355404;27.09284862;Bostanlý Mah. Caher Dudayev Cad. No:148/1A;35;7;ÝZMÝR;KARÞIYAKA;20.01.2023;Hayýr;;360;516;;;;15227;2566;2566
PELÝKAN PARK ZEKERÝYAKÖY ÝST M;BATI MARMARA;1;MÝGROS;5;SERVÝS REYONLU M;7434;41.191821;29.036935;Zekeriyaköy Mah Pelikan Park Evleri No:226;34;22;ÝSTANBUL;SARIYER;21.12.2022;Hayýr;;535;965;;;;14856;2567;2567
MJET BAHÇELÝEVLER MAH. ÞIRNAK;DOÐU/G.DOÐU ANADOLU;230;MJET;9;M-JET;7435;37.514297;42.449692;Bahçelievler Mah. 15 Temmuz Bulvarý No: 88 A;73;0;ÞIRNAK;MERKEZ;10.11.2022;Hayýr;;240;323;;;;15055;2568;2568
KEMALPAÞA ARTVÝN M MÝGROS;KARADENÝZ/KUZEYD.AND;1;MÝGROS;6;SELF SERVÝS M;7437;41.484746;41.528942;Cumhuriyet Mah. Ýnönü Cad. Dýþ Kapý 86/1B;8;4;ARTVÝN;HOPA;18.11.2022;Hayýr;;256;469;;;;14986;2569;2569
SURUÇ ÞANLIURFA M MÝGROS;DOÐU/G.DOÐU ANADOLU;1;MÝGROS;7;M ANADOLU;7438;36.982803;38.426247;Sarayaltý Mah. 11 Nisan Cad. no:90/A;63;9;ÞANLIURFA;SURUÇ;8.12.2022;Hayýr;;322;678;;;;15246;2570;2570
CÝHANBEYLÝ KONYA M MÝGROS;ÝÇ ANADOLU;1;MÝGROS;7;M ANADOLU;7439;38.65487;32.921171;Cumhuriyet Mah. Nakýþ Cad. No:29;42;10;KONYA;CÝHANBEYLÝ;25.11.2022;Hayýr;;535;795;;;;12629;2571;2571
FATÝH SÝNCAN ANKARA M MÝGROS;ÝÇ ANADOLU;1;MÝGROS;7;M ANADOLU;7440;39.994795;32.583953;Gazi Osmanpaþa Mah. Gamzeli Cd. No:73A;6;7;ANKARA;SÝNCAN;31.10.2022;Hayýr;;598;798;;;;12969;2572;2572
U.HASAN CD ETÝMESGUT ANKARA M;ÝÇ ANADOLU;1;MÝGROS;7;M ANADOLU;7441;39.943823;32.662716;ÝSTASYON MAHALLESÝ ULUBATLI HASAN CADDESÝ NO: 45A,;6;3;ANKARA;ETÝMESGUT;25.11.2022;Hayýr;;376;650;;;;15428;2573;2573
MENGEN BOLU M MÝGROS;ÝÇ ANADOLU;1;MÝGROS;7;M ANADOLU;7442;40.938543;32.071311;Türkbeyli Mah. Gökçesu Cd. No:37;14;5;BOLU;MENGEN;22.11.2022;Hayýr;;330;417;;;;14745;2574;2574
AGAHEFENDÝ SORGUN YOZGAT M;ÝÇ ANADOLU;1;MÝGROS;7;M ANADOLU;7443;39.810019;35.16968;Yeþilöz Mah. Sanayi Cad. No:45;66;10;YOZGAT;SORGUN;18.11.2022;Hayýr;;381;465;;;;15605;2575;2575
MJET ULUDAÐ ÜNÝVERSÝTESÝ BURSA;GÜNEY MARMARA;230;MJET;9;M-JET;7444;40.223654;28.869952;Özlüce Mah. Uludað Üniversitesi Görükle Kampüsü;16;1;BURSA;NÝLÜFER;29.12.2022;Hayýr;;284;355;;;;15923;2576;2576
KUMBURGAZ SAHÝL ÝSTANBUL M;BATI MARMARA;1;MÝGROS;6;SELF SERVÝS M;7446;41.030149;28.45606;Kumburgaz Mah. Ýstanbul Cad. No:636A;34;28;ÝSTANBUL;BÜYÜKÇEKMECE;2.11.2022;Hayýr;;289;477;;;6639;9938;2577;2577
ÞARKIÞLA SÝVAS M MÝGROS;KARADENÝZ/KUZEYD.AND;1;MÝGROS;7;M ANADOLU;7447;39.35045;36.426627;Yýldýrým Mah. Belkent Cad. No:7/1;58;13;SÝVAS;ÞARKIÞLA;31.01.2023;Hayýr;;405;812;;;;15155;2578;2578
SULUOVA AMASYA M MÝGROS;KARADENÝZ/KUZEYD.AND;1;MÝGROS;7;M ANADOLU;7448;40.827339;35.645317;Þeker Mah. Millet Cad. No:19/2A-2B;5;5;AMASYA;SULUOVA;8.12.2022;Hayýr;;437;595;;;;15174;2579;2579
ÇERKEÞ ÇANKIRI M MÝGROS;ÝÇ ANADOLU;1;MÝGROS;7;M ANADOLU;7449;40.812681;32.888184;Karamuklu Mah. Hükümet Cd.;18;3;ÇANKIRI;ÇERKEÞ;14.12.2022;Hayýr;;427;524;;;;15271;2580;2580
GENÇ BÝNGÖL M MÝGROS;DOÐU/G.DOÐU ANADOLU;1;MÝGROS;7;M ANADOLU;7451;38.749043;40.550688;Kültür Mah. Bingöl Cad. No:42/A;12;2;BÝNGÖL;GENÇ;30.11.2022;Hayýr;;446;576;;;;14786;2581;2581
ÇUKURÇAYIR TRABZON M MÝGROS;KARADENÝZ/KUZEYD.AND;1;MÝGROS;5;SERVÝS REYONLU M;7452;40.993072;39.726017;Boztepe Mah. Ýpekyolu Cd. No:51;61;18;TRABZON;ORTAHÝSAR;30.12.2022;Hayýr;;412;805;;;;13016;2582;2582
MOMSA MERKEZ MUÞ M MÝGROS;DOÐU/G.DOÐU ANADOLU;1;MÝGROS;6;SELF SERVÝS M;7453;38.753892;41.50187;Zafer Mah. 58. Sk. No:2;49;0;MUÞ;MERKEZ;25.11.2022;Hayýr;;376;508;;;;13607;2583;2583
MJET NEÞET ERTAÞ CD MAMAK ANK;ÝÇ ANADOLU;230;MJET;9;M-JET;7454;39.911267;32.927511;Fahri Korutürk Mah. Neþet Ertaþ Cd No:50/A-B-E-F-G;6;6;ANKARA;MAMAK;25.11.2022;Hayýr;;259;537;;;;13156;2584;2584
MJET KALKINMA MH. TRABZON;DOÐUKARDENZ/KUZEYDÐU;230;MJET;9;M-JET;7456;40.994475;39.758629;Kalkýnma Mah. Akif Saruhan Cad. No:53/A;61;18;TRABZON;ORTAHÝSAR;28.10.2022;Hayýr;;185;300;;;;;2585;2585
GÜMÜÞSUYU ÝSTANBUL MACROCENTER;BATI MARMARA;4;MACROCENTER;9;MACROCENTER;7457;41.036382;28.989692;Gümüþsuyu Mah. Ýnönü Cd. No:53;34;9;ÝSTANBUL;BEYOÐLU;29.12.2022;Hayýr;;304;463;;;;12137;2586;2586
TOYGAR BALIKESÝR M MÝGROS;GÜNEY MARMARA;1;MÝGROS;7;M ANADOLU;7458;39.67275;27.88924;MALTEPE MH. 21057. CD. NO:3A;10;20;BALIKESÝR;KARESÝ;25.11.2022;Hayýr;;499;725;;;;15693;2587;2587
HOROZKÖY MANÝSA M MÝGROS;KUZEY EGE;1;MÝGROS;7;M ANADOLU;7459;38.62806;27.4036;Atatürk Mh. Þehit Hasan Kuzu Cd. No: 200A;45;17;MANÝSA;YUNUSEMRE;25.11.2022;Hayýr;;277;448;;;;15494;2588;2588
ULUCAK KEMALPAÞA ÝZMÝR M;KUZEY EGE;1;MÝGROS;7;M ANADOLU;7460;38.47491;27.35523;Ulucak Mustafa Kemal Atatürk Mah. Ýzmir Cd No:48/A;35;18;ÝZMÝR;KEMALPAÞA;9.12.2022;Hayýr;;382;521;;;;14623;2589;2589
MJET SÜREYYAPAÞA CD. PENDÝK;DOÐU MARMARA;230;MJET;9;M-JET;7461;40.885161;29.22625;Yeni Mah. Süreyyapaþa Cd No:68;34;21;ÝSTANBUL;PENDÝK;23.11.2022;Hayýr;;209;311;;;;14701;2590;2590
MERMERLÝ MENEMEN ÝZMÝR M;KUZEY EGE;1;MÝGROS;7;M ANADOLU;7462;38.61264;27.06533;Camikebir Mah. Bülent Ecevit Bul. No:51/1A-51/1B;35;22;ÝZMÝR;MENEMEN;9.12.2022;Hayýr;;355;460;;;;15490;2591;2591
MURADÝYE MANÝSA M MÝGROS;KUZEY EGE;1;MÝGROS;7;M ANADOLU;7463;38.65821;27.33924;Muradiye Mah. Manisa Cad. No: 55B;45;17;MANÝSA;YUNUSEMRE;2.12.2022;Hayýr;;310;453;;;;15495;2592;2592
BAÞAÐAÇ BEYPAZARI ANKARA M;ÝÇ ANADOLU;1;MÝGROS;7;M ANADOLU;7465;40.151434;31.900394;Baþaðaç Mah. Alparslan Türkeþ Blv.;6;12;ANKARA;BEYPAZARI;13.12.2022;Hayýr;;567;1566;;;;13738;2593;2593
OÐUZELÝ GAZÝANTEP M MÝGROS;DOÐU AKDENÝZ;1;MÝGROS;7;M ANADOLU;7466;36.960728;37.512875;Oðuzlar Mah. Ýsmet Ýnönü Bulvarý Bina No:6;27;8;GAZÝANTEP;OÐUZELÝ;22.12.2022;Hayýr;;400;486;;;;15256;2594;2594
SEMERKAND CD. TARSUS MERSÝN M;DOÐU AKDENÝZ;1;MÝGROS;7;M ANADOLU;7467;36.930756;34.863898;Ergenekon Mah. Kocatepe Cd. No 2;33;9;MERSÝN;TARSUS;16.12.2022;Hayýr;;400;519;;;;15438;2595;2595
MJET ÇALI MAH. NÝLÜFER BURSA;GÜNEY MARMARA;230;MJET;9;M-JET;7468;40.17004269;28.91422701;Çalý Mah. Hürriyet Cad. No:6/A-B;16;1;BURSA;NÝLÜFER;18.11.2022;Hayýr;;227;321;;;;14165;2596;2596
FATÝH MAH. ÝZMÝT KOCAELÝ M;DOÐU MARMARA;1;MÝGROS;6;SELF SERVÝS M;7469;40.77964613;29.99403823;Ali Kahya Fatih Mah. Taþkent Sok. No:1/F;41;11;KOCAELÝ;ÝZMÝT;30.12.2022;Hayýr;;341;616;;;;13333;2597;2597
ÞÝFA MAH. TUZLA ÝSTANBUL M;DOÐU MARMARA;1;MÝGROS;6;SELF SERVÝS M;7470;40.840583;29.363694;Mimar Sinan Mah. Selim Sk. No:34;34;24;ÝSTANBUL;TUZLA;18.11.2022;Hayýr;;381;551;;;;15129;2598;2598
UÐUR MUMCU MAH MENEMEN ÝZMÝR M;KUZEY EGE;1;MÝGROS;7;M ANADOLU;7471;38.60033989;27.08399356;Uður Mumcu Mh. 1265 Sk. No: 31a;35;22;ÝZMÝR;MENEMEN;25.11.2022;Hayýr;;494;650;;;;15282;2599;2599
SULTANGAZÝ ÝSTANBUL M MÝGROS;BATI MARMARA;1;MÝGROS;7;M ANADOLU;7473;41.094473;28.863925;Uður Mumcu Mh. Eski Edirne Asf Cd. 548-550;34;40;ÝSTANBUL;SULTANGAZÝ;26.12.2022;Hayýr;;285;431;;;;15339;2600;2600
KARAMANLI BURDUR M MÝGROS;BATI AKDENÝZ;1;MÝGROS;7;M ANADOLU;7474;37.372652;29.823158;Zafer Mah. Tek Sk. No:3;15;7;BURDUR;KARAMANLI;30.11.2022;Hayýr;;550;1289;;;;14840;2601;2601
MJET KOZAN BLV. SARIÇAM ADANA;DOÐU AKDENÝZ;230;MJET;9;M-JET;7475;37.037038;35.42003;Yavuz Sultan Selim Mah. Kozan Bulvarý No:247AE;1;14;ADANA;SARIÇAM;16.12.2022;Hayýr;;264;342;;;;15735;2602;2602
KARS MERKEZ M MÝGROS;KARADENÝZ/KUZEYD.AND;1;MÝGROS;6;SELF SERVÝS M;7476;40.610265;43.098685;Merkez Mah. Dr.Halil Erdoðan Cad No:1/1Z;36;0;KARS;MERKEZ;18.11.2022;Hayýr;;600;840;;;4910;;2603;2603
YAKUTÝYE ERZURUM M MÝGROS;KARADENÝZ/KUZEYD.AND;1;MÝGROS;6;SELF SERVÝS M;7477;39.918898;41.267945;Ömer Nasuhi Bilmen Mah.;25;21;ERZURUM;YAKUTÝYE;25.11.2022;Hayýr;;475;735;;;;15709;2604;2604
OSMANCIK ÇORUM M MÝGROS;ÝÇ ANADOLU;1;MÝGROS;7;M ANADOLU;7478;40.977029;34.803145;Yeni Mah. Þehit Ahmet Balcý Sk.Kanuni Apt. A blok;19;11;ÇORUM;OSMANCIK;25.11.2022;Hayýr;;424;504;;;;15180;2605;2605
MEHMETÇÝK CD. MERZÝFON AMASYA;KARADENÝZ/KUZEYD.AND;1;MÝGROS;7;M ANADOLU;7479;40.871295;35.449871;Bahçelievler Mah. Mehmetçik Cd. 71a;5;4;AMASYA;MERZÝFON;9.12.2022;Hayýr;;343;619;;;;15178;2606;2606
DENÝZYAPI ERZURUM M MÝGROS;KARADENÝZ/KUZEYD.AND;1;MÝGROS;6;SELF SERVÝS M;7481;39.874283;41.238174;Hüseyin Avni Ulaþ Mah. Þehit Polis Murat Ellik Sk.;25;20;ERZURUM;PALANDÖKEN;9.12.2022;Hayýr;;450;787;;;;15708;2607;2607
ÇATALKAYA MH NARLIDERE ÝZMÝR M;KUZEY EGE;1;MÝGROS;6;SELF SERVÝS M;7483;38.39098393;27.00333182;Çatalkaya Mah. Aras Sok. No:15A;35;9;ÝZMÝR;NARLIDERE;27.01.2023;Hayýr;;358;590;;;;15768;2608;2608
MJET BURGAZ MÝLAS;GÜNEY EGE;230;MJET;9;M-JET;7484;37.3234472;27.77613603;Aydýnlýkevler Mah. Nazmi Akdeniz Cad. No:101A-101B;48;8;MUÐLA;MÝLAS;22.12.2022;Hayýr;;280;360;;;;12043;2609;2609
ERDOÐDU TRABZON M MÝGROS;KARADENÝZ/KUZEYD.AND;1;MÝGROS;7;M ANADOLU;7485;40.999678;39.711268;2 Nolu Erdoðdu Mh. Esenler Sok. No:5/A;61;18;TRABZON;ORTAHÝSAR;2.12.2022;Hayýr;;421;750;;;6718;10873;2610;2610
MJET K.KARABEKÝR EDR BALIKESÝR;KUZEY EGE;230;MJET;9;M-JET;7486;39.58548;26.9397;ÝKÝZÇAY Mah. KAZIM KARABEKÝR PAÞA Cad. ALSANCAK;10;7;BALIKESÝR;EDREMÝT;9.12.2022;Hayýr;;278;440;;;;15862;2611;2611
YEKTA MALL ALANYA ANTALYA M;BATI AKDENÝZ;1;MÝGROS;6;SELF SERVÝS M;7487;36.484853;32.1059384;Mahmutlar Mah. Mahmutlar Atatürk Cd. No:123DH/85;7;2;ANTALYA;ALANYA;16.12.2022;Hayýr;;400;494;;;;14934;2612;2612
MJET ANAMUR TOKÝ MERSÝN;BATI AKDENÝZ;230;MJET;9;M-JET;7488;36.04147;32.797971;Ören Mah. D400;33;1;MERSÝN;ANAMUR;28.12.2022;Hayýr;;224;275;;;;10117;2613;2613
YESEVÝ CD. YOZGAT M MÝGROS;ÝÇ ANADOLU;1;MÝGROS;7;M ANADOLU;7489;39.832486;34.823684;Karatepe Mah. Doðukent Cd. No:3;66;0;YOZGAT;MERKEZ;22.12.2022;Hayýr;;572;857;;;;15429;2614;2614
KÖRKÜN VÝLLALARI GAZÝANTEP M;DOÐU AKDENÝZ;1;MÝGROS;7;M ANADOLU;7490;36.951417;37.381578;MÝMAR SÝNAN MAHALLESÝ KARAKIL CADDESÝ NO:2/2D;27;8;GAZÝANTEP;OÐUZELÝ;28.12.2022;Hayýr;;448;573;;;;15244;2615;2615
HAVZA SAMSUN M MÝGROS;KARADENÝZ/KUZEYD.AND;1;MÝGROS;7;M ANADOLU;7491;40.971359;35.663689;Bahçelievler Mah. Jandarma Yrb. Mesut Kuru Cd.;55;6;SAMSUN;HAVZA;23.12.2022;Hayýr;;512;1024;;;;15331;2616;2616
ALPARSLAN BLV. SAMSUN M MÝGROS;DOÐUKARDENZ/KUZEYDÐU;1;MÝGROS;6;SELF SERVÝS M;7492;41.324327;36.268408;Mevlana Mah. Alpaslan Bulvarý No: 67AA;55;15;SAMSUN;ATAKUM;22.12.2022;Hayýr;;445;678;;;;;2617;2617
SUVAROÐLU VAN M MÝGROS;DOÐU/G.DOÐU ANADOLU;1;MÝGROS;6;SELF SERVÝS M;7494;38.502186;43.379239;Alipaþa Mah. Suvaroðlu Cad. No:33 A;65;12;VAN;ÝPEKYOLU;29.11.2022;Hayýr;;404;985;;;6666;10820;2618;2618
GÜMÜÞYAKA VAN M MÝGROS;DOÐU/G.DOÐU ANADOLU;1;MÝGROS;6;SELF SERVÝS M;7495;38.492416;43.387608;Cevdet Paþa Mah. Ýki Nisan Bulv. No:31C;65;12;VAN;ÝPEKYOLU;29.11.2022;Hayýr;;372;659;;;6722;10871;2619;2619
ALÝPAÞA VAN M MÝGROS;DOÐU/G.DOÐU ANADOLU;1;MÝGROS;6;SELF SERVÝS M;7496;38.506308;43.385533;Vali Mithat Bey Mah. Ýskele Cd. No:56;65;12;VAN;ÝPEKYOLU;29.11.2022;Hayýr;;633;836;;;6583;10051;2620;2620
MARAÞ CAD. VAN M MÝGROS;DOÐU/G.DOÐU ANADOLU;1;MÝGROS;6;SELF SERVÝS M;7497;38.499483;43.385614;Ýpek Yolu Mah. Kazým Karabekir Cad. No:73;65;12;VAN;ÝPEKYOLU;29.11.2022;Hayýr;;385;574;;;6406;9874;2621;2621
KOBÝEVLERÝ KONYA M MÝGROS;ÝÇ ANADOLU;1;MÝGROS;5;SERVÝS REYONLU M;7498;37.882748;32.432506;Hocacihan Mah. Þehit Ali Dýðrak Cad. No:4;42;3;KONYA;SELÇUKLU;22.12.2022;Hayýr;;467;660;;;;13290;2622;2622
TAÞPINAR MAH. ÝNCEK ANKARA M;ÝÇ ANADOLU;1;MÝGROS;5;SERVÝS REYONLU M;7500;39.818305;32.769272;Taþpýnar Mah. Taþpýnar Küme Evleri;6;4;ANKARA;GÖLBAÞI;26.12.2022;Hayýr;;543;771;;;;15577;2623;2623
ÇUMRA KONYA M MÝGROS;ÝÇ ANADOLU;1;MÝGROS;7;M ANADOLU;7501;37.571299;32.77419;Bardakçý Mah. Konya Cad. No:30;42;12;KONYA;ÇUMRA;22.12.2022;Hayýr;;592;1030;;;;13603;2624;2624
MJET KARANTÝNA KONAK ÝZMÝR;KUZEY EGE;230;MJET;9;M-JET;7502;38.4067899;27.10304389;Çankaya Mh. Mithatpaþa Cad. No:700A;35;8;ÝZMÝR;KONAK;20.01.2023;Hayýr;;207;369;;;;15952;2625;2625
MJET GÜLBAHÇE URLA ÝZMÝR;KUZEY EGE;230;MJET;9;M-JET;7503;38.33401039;26.64514379;Gülbahçe Mah. Gülbahçe Cad. No: 78A - 76 B;35;28;ÝZMÝR;URLA;20.01.2023;Hayýr;;198;268;;;;15013;2626;2626
YAVUZSELÝM BAÐCILAR ÝSTANBUL M;BATI MARMARA;1;MÝGROS;7;M ANADOLU;7504;41.034813;28.853017;Yavuz Selim Mah. 1000 Sok. No:86;34;3;ÝSTANBUL;BAÐCILAR;30.12.2022;Hayýr;;265;441;;;;15038;2627;2627
MJET EMRAH CD MURATPAÞA ANT;BATI AKDENÝZ;230;MJET;9;M-JET;7505;36.907979;30.704584;Dutlubahçe Mah. 751 Sk. No:34 A/ 34 B;7;19;ANTALYA;MURATPAÞA;30.12.2022;Hayýr;;199;295;;;;14933;2628;2628
YENÝMAHALLE BAÐCILAR ÝST M;BATI MARMARA;1;MÝGROS;7;M ANADOLU;7506;41.041507;28.836261;Yenimahalle Mah. Site Sok. No:1;34;3;ÝSTANBUL;BAÐCILAR;19.12.2022;Hayýr;;280;337;;;;15190;2629;2629
BAÐLAR KÜÇÜKÇEKMECE ÝSTANBUL M;BATI MARMARA;1;MÝGROS;7;M ANADOLU;7507;41.002479;28.793176;Kemalpaþa Mah. Adil Sok. No:1;34;19;ÝSTANBUL;KÜÇÜKÇEKMECE;21.12.2022;Hayýr;;292;372;;;;15776;2630;2630
MJET DERSAADET CD TUZLA ÝST;DOÐU MARMARA;230;MJET;9;M-JET;7508;40.870618;29.330534;Aydýnlý Mah. Dersaadet Cd. No:29;34;24;ÝSTANBUL;TUZLA;28.12.2022;Hayýr;;297;400;;;;15147;2631;2631
ÇEKMEKÖY KASABA MACROCENTER S;DOÐU MARMARA;4;MACROCENTER;236;MACROCENTER S;7509;41.090668;29.313203;Ömerli Mh.  Ayvalý Çiftliði Cd. No:13;34;37;ÝSTANBUL;ÇEKMEKÖY;2.01.2023;Hayýr;;220;520;;;;15139;2632;2632
SANCAKTEPE RESÝM ÝSTANBUL M;DOÐU MARMARA;1;MÝGROS;6;SELF SERVÝS M;7510;40.965331;29.221274;Fatih Mah. Kerpiç Sok. Resim Ýstanbul Sitesi;34;39;ÝSTANBUL;SANCAKTEPE;8.12.2022;Hayýr;;403;465;;;6362;;2633;2633
TOSYA KASTAMONU M MÝGROS;ÝÇ ANADOLU;1;MÝGROS;7;M ANADOLU;7528;41.00937;34.050621;Bahçelievler Mah. 100. Yýl Cd. No:130-A;37;19;KASTAMONU;TOSYA;27.12.2022;Hayýr;;444;760;;;;15315;2634;2634
TAÞKÖPRÜ KASTAMONU M MÝGROS;ÝÇ ANADOLU;1;MÝGROS;7;M ANADOLU;7529;41.508383;34.213523;Pulcular Mah. Ýnönü Cd. No:50-A;37;18;KASTAMONU;TAÞKÖPRÜ;22.12.2022;Hayýr;;272;417;;;;15430;2635;2635
KIZILCAHAMAM ANKARA M MÝGROS;ÝÇ ANADOLU;1;MÝGROS;7;M ANADOLU;7562;40.471464;32.65467;Akçay Mah. Kýrým Cd. No:11/A-B-C-D;6;21;ANKARA;KIZILCAHAMAM;22.12.2022;Hayýr;;339;454;;;;16101;2636;2636
CUMHURÝYET MH U.KÖPRÜ EDÝRNE M;BATI MARMARA;1;MÝGROS;7;M ANADOLU;7571;41.248144;26.680834;Cumhuriyet Mah. Latif Baþmen Blv. 19c;22;8;EDÝRNE;UZUNKÖPRÜ;22.12.2022;Hayýr;;474;795;;;;15628;2637;2637
MARÝNA 24 ÝSTANBUL MACROCENTER;BATI MARMARA;4;MACROCENTER;9;MACROCENTER;7592;40.99820813;28.5455163;Mimaroba Mah. Ecmel Sk. No:4;34;28;ÝSTANBUL;BÜYÜKÇEKMECE;7.04.2023;Hayýr;;680;980;;;;13558;2638;2638
MJET EMNÝYET ÞIRNAK;DOÐU/G.DOÐU ANADOLU;230;MJET;9;M-JET;7593;37.518958;42.453092;Atatürk Mah. Vilayet Bulvarý No:24D/E;73;0;ÞIRNAK;MERKEZ;22.12.2022;Hayýr;;248;470;;;;14561;2639;2639
DARICA KOCAELÝ M MÝGROS;DOÐU MARMARA;1;MÝGROS;7;M ANADOLU;7595;40.762281;29.387191;Baðlarbaþý Mah. Ali Arýcan Cad. No:53A;41;9;KOCAELÝ;DARICA;20.01.2023;Hayýr;;400;529;;;;15131;2640;2640
MJET ZÜMRÜTEVLER MALTEPE ÝST;DOÐU MARMARA;230;MJET;9;M-JET;7596;40.93737;29.141371;Zümrütevler Mah. Gül Cad. No:7A;34;20;ÝSTANBUL;MALTEPE;20.12.2022;Hayýr;;183;240;;;;15756;2641;2641
EFENDÝBEY NÝÐDE MM MÝGROS;DOÐU AKDENÝZ;1;MÝGROS;2;MM;7597;37.975178;34.680518;Efendibey Mah. Recep Tayyip Erdoðan Bulvarý No:16;51;0;NÝÐDE;MERKEZ;3.02.2023;Hayýr;;660;915;;;;15731;2642;2642
YERKÖY YOZGAT M MÝGROS;ÝÇ ANADOLU;1;MÝGROS;7;M ANADOLU;7598;39.637176;34.465574;Haþim Kýlýç Mah Þht. Abdulkadir Tuð Cad. No:2;66;13;YOZGAT;YERKÖY;27.12.2022;Hayýr;;346;411;;;;13791;2643;2643
GEREDE BOLU M MÝGROS;ÝÇ ANADOLU;1;MÝGROS;7;M ANADOLU;7599;40.80063;32.194128;Kitirler Mah. Atatürk Blv. No:87;14;2;BOLU;GEREDE;28.12.2022;Hayýr;;339;510;;;;15200;2644;2644
BOR NÝÐDE M MÝGROS;DOÐU AKDENÝZ;1;MÝGROS;7;M ANADOLU;7600;37.889709;34.554012;Karacauðurlu Mah.Muhsin Yazýcýoðlu Cad.A Blok;51;2;NÝÐDE;BOR;29.12.2022;Hayýr;;354;548;;;;16051;2645;2645
AÞIK VEYSEL BLV SÝVAS M MÝGROS;KARADENÝZ/KUZEYD.AND;1;MÝGROS;7;M ANADOLU;7601;39.764869;37.028779;Orhangazi Mah.Aþýk Veysel Blv No:64;58;0;SÝVAS;MERKEZ;26.12.2022;Hayýr;;326;378;;;;15968;2646;2646
MJET TORKAM ISTANBUL;BATI MARMARA;230;MJET;9;M-JET;7602;40.999791;28.800016;Kartaltepe Mah Süvari Cad. No:10AP;34;19;ÝSTANBUL;KÜÇÜKÇEKMECE;23.12.2022;Hayýr;;334;381;;;;15767;2647;2647
SUYOLU ESENYURT ÝSTANBUL M;BATI MARMARA;1;MÝGROS;7;M ANADOLU;7603;41.004512;28.693414;Turgut Özal Mah Su Yolu Cad No:38A;34;38;ÝSTANBUL;ESENYURT;29.12.2022;Hayýr;;294;460;;;;16114;2648;2648
DEMÝRKÖY KIRKLARELÝ M MÝGROS;BATI MARMARA;1;MÝGROS;7;M ANADOLU;7608;41.8239256;27.77175215;Hamdibey Mah. Ýðneada Cad. No:60 Ýç kapý no:13;39;2;KIRKLARELÝ;DEMÝRKÖY;30.12.2022;Hayýr;;339;430;;;;15544;2649;2649
19 MAYIS ESENYURT ÝSTANBUL M;BATI MARMARA;1;MÝGROS;7;M ANADOLU;7609;41.0309725;28.67150374;Pýnar Mah 19 Mayýs Blv. No:36/1g-1h;34;38;ÝSTANBUL;ESENYURT;29.12.2022;Hayýr;;390;512;;;;16019;2650;2650
BAHÇELÝEVLER KAPAKLI T.DAÐ M;BATI MARMARA;1;MÝGROS;7;M ANADOLU;7610;41.32660995;27.98850915;Bahçelievler Mah. Gül Sk. No:28;59;10;TEKÝRDAÐ;KAPAKLI;27.12.2022;Hayýr;;318;408;;;;;2651;2651
ROYALLÝFE ÇERKEZKÖY TEKÝRDAÐ M;BATI MARMARA;1;MÝGROS;7;M ANADOLU;7611;41.26371229;28.0314844;Cumhuriyet Mah. Emir Sok. Royallife Tepe Sitesi;59;1;TEKÝRDAÐ;ÇERKEZKÖY;27.12.2022;Hayýr;;357;546;;;;15738;2652;2652
KESTEL BURSA MM MÝGROS;GÜNEY MARMARA;1;MÝGROS;2;MM;7612;40.19968459;29.21007945;Ahmet Vefik Paþa Mah Bursa Cd. No:42/A;16;12;BURSA;KESTEL;26.12.2022;Hayýr;;760;1280;;;;16410;2653;2653
ÇERKEZKÖY CADDE TEKÝRDAÐ M;BATI MARMARA;1;MÝGROS;7;M ANADOLU;7613;41.29818805;28.00388423;Baðlýk Mah. Narin Cad. No:28C;59;1;TEKÝRDAÐ;ÇERKEZKÖY;27.12.2022;Hayýr;;446;600;;;;14963;2654;2654
ALÝPAÞA SÝLÝVRÝ ÝSTANBUL M;BATI MARMARA;1;MÝGROS;7;M ANADOLU;7618;41.09217155;28.25921079;Yeni Mah. 7055 Sok. no:8C;34;30;ÝSTANBUL;SÝLÝVRÝ;30.12.2022;Hayýr;;437;602;;;;16142;2657;2657
ATATÜRK CD SEYDÝÞEHÝR KONYA;ÝÇ ANADOLU;1;MÝGROS;7;M ANADOLU;7620;37.426609;31.844574;Alaylar Bir Mah. Ankara Cad. No:49A;42;27;KONYA;SEYDÝÞEHÝR;23.12.2022;Hayýr;;322;681;;;;13185;2659;2659
ZAFER TEPE KÜTAHYA M MÝGROS;GÜNEY MARMARA;1;MÝGROS;6;SELF SERVÝS M;7621;39.38448;30.045298;Zafertepe Mah. Ýmam Gazali Cad. No: 6C;43;0;KÜTAHYA;MERKEZ;30.12.2022;Hayýr;;350;456;;;;14189;2660;2660
BEÞÝRLÝ TRABZON MM MÝGROS;KARADENÝZ/KUZEYD.AND;1;MÝGROS;2;MM;7622;40.994321;39.674184;2 Nolu Beþirli Mah. 910 nolu Sok. No:2/1;61;18;TRABZON;ORTAHÝSAR;26.01.2023;Hayýr;;805;1074;;;;14647;2661;2661
ALPAGUT BOLU MM MÝGROS;ÝÇ ANADOLU;1;MÝGROS;2;MM;7623;40.744953;31.579794;Alpaðut Mah. 174. Sokak No:9/A-B-E;14;0;BOLU;MERKEZ;9.02.2023;Hayýr;;943;1283;;;;15417;2662;2662
YENÝÞEHÝR BURSA M MÝGROS;GÜNEY MARMARA;1;MÝGROS;6;SELF SERVÝS M;7625;40.28001092;29.65677064;Kurtuluþ Mah. Ýznik Cad No:52;16;17;BURSA;YENÝÞEHÝR;27.01.2023;Hayýr;;442;569;;;;14462;2663;2663
MJET YALOVA ÝSMETPAÞA MAH.;GÜNEY MARMARA;230;MJET;9;M-JET;7626;40.65618781;29.30618656;Ýsmetpaþa Mah. Karagöz Sok. No:9;77;0;YALOVA;MERKEZ;24.02.2023;Hayýr;;297;364;;;;15727;2664;2664
ÖZDEN MH. YALOVA MACROKIOSK;GÜNEY MARMARA;235;MACROKIOSK;243;MACROKIOSK;7627;40.64971916;29.24152659;Özden Mah. Fetih Cad. No:1;77;0;YALOVA;MERKEZ;17.03.2023;Hayýr;;100;190;;;;16005;2665;2665
ATAKENT CÝTY HALKALI ÝST M;BATI MARMARA;1;MÝGROS;6;SELF SERVÝS M;7629;41.05566954;28.78601926;Atakent Mah. Kýrlangýç Sok No:14;34;19;ÝSTANBUL;KÜÇÜKÇEKMECE;21.12.2022;Hayýr;;500;1509;;;6006;;2667;2667
MJET FINDIKLI MALTEPE;DOÐU MARMARA;230;MJET;9;M-JET;7630;40.969247;29.123511;Fýndýklý Mah. gmk Cad. no:180/7;34;20;ÝSTANBUL;MALTEPE;27.12.2022;Hayýr;;163;290;;;;14753;2668;2668
MJET ÝÞ GYO TUZLA ÝSTANBUL;DOÐU MARMARA;230;MJET;256;MJET-PLAZA;7631;40.841932;29.30895;D 100 Karayollarý Ýçmeler Mevki No 44/A Blok 1;34;24;ÝSTANBUL;TUZLA;23.12.2022;Hayýr;;287;1244;;;5497;;2669;2669
MJET CEBESOY GAZÝANTEP PO;DOÐU AKDENÝZ;230;MJET;255;MJET-ÝSTASYON;7633;37.072422;37.369778;Ýncilipýnar Mah. Ali Fuat Cebesoy Blv. no:41;27;2;GAZÝANTEP;ÞEHÝTKAMÝL;22.12.2022;Hayýr;;65;76;;;;13373;2670;2670
MJET NAMIK KEMAL CAD. MORDOÐAN;KUZEY EGE;230;MJET;9;M-JET;7634;38.50770631;26.6254895;Mordoðan Mah. Namýk Kemal Cad No:52A;35;17;ÝZMÝR;KARABURUN;20.01.2023;Hayýr;;253;327;;;;12520;2671;2671
MJET CUMHURÝYET EFELER AYDIN;GÜNEY EGE;230;MJET;9;M-JET;7635;37.841454;27.83466;Cumhuriyet Mah. 1997 Sok. No: 10/A;9;17;AYDIN;EFELER;31.03.2023;Hayýr;;246;345;;;;11223;2672;2672
MJET ÜNÝVERSÝTE SÝVAS;KARADENÝZ/KUZEYD.AND;230;MJET;9;M-JET;7636;39.714438;37.041669;Yeniþehir Mah. Üstad Sok. No:2/A-B-K-L-M;58;0;SÝVAS;MERKEZ;28.02.2023;Hayýr;;279;487;;;;15663;2673;2673
MJET KONYA KULU KEMALÝYE;ÝÇ ANADOLU;230;MJET;9;M-JET;7637;39.086104;33.069611;Kemaliye Mah. Ankara Cad. No:2044/A-B-C;42;25;KONYA;KULU;30.12.2022;Hayýr;;338;454;;;;14014;2674;2674
ÜNSAL MH KEPEZ ANTALYA MM;BATI AKDENÝZ;1;MÝGROS;2;MM;7638;36.92826;30.634864;Ünsal Mh. 5108 Sk. No: 24 D:1;7;17;ANTALYA;KEPEZ;16.01.2023;Hayýr;;684;2020;;;;15498;2675;2675
GÜLLÜK CD. MURATPAÞA ANTALYA M;BATI AKDENÝZ;1;MÝGROS;6;SELF SERVÝS M;7639;36.897372;30.696777;Üçgen Mh.Güllük Cad.Alay Müftüsü ÝþHaný No:80 /B;7;19;ANTALYA;MURATPAÞA;11.01.2023;Hayýr;;312;460;;;6240;;2676;2676
AGORA AVM ANTALYA M;BATI AKDENÝZ;1;MÝGROS;6;SELF SERVÝS M;7640;36.9171;30.77724;Altýnova Sinan Mah.Çaðdaþ Sok. No:5 /1 Agora AVM;7;17;ANTALYA;KEPEZ;11.01.2023;Hayýr;;592;792;;;5278;;2677;2677
MJET BÜYÜKECELÝ GÜLNAR MERSÝN;DOÐU AKDENÝZ;230;MJET;9;M-JET;7641;36.164347;33.566855;Büyükeceli Mh. Akdeniz Cd. Bina No:12A  A Blok;33;6;MERSÝN;GÜLNAR;17.03.2023;Hayýr;;196;348;;;;14522;2678;2678
GÖKKAYA CD ÇEKMEKÖY ÝST MM;DOÐU MARMARA;1;MÝGROS;2;MM;7642;41.034628;29.26507;Niþantepe mah. Mavera sok. No :19A-20A-21A;34;37;ÝSTANBUL;ÇEKMEKÖY;7.06.2023;Hayýr;;1060;1608;;;;14502;2679;2679
MJET NÝSH AVLU MALTEPE;DOÐU MARMARA;230;MJET;9;M-JET;7643;40.944477;29.159389;Zümrütevler Mah. Handegül Sokak No:1/A;34;20;ÝSTANBUL;MALTEPE;17.01.2023;Hayýr;;361;1233;;;5997;;2680;2680
MJET ALTINKUM MH. EDREMÝT;KUZEY EGE;230;MJET;9;M-JET;7644;39.574125;26.95297;ALTINKUM Mah. HAKÝMÝYET Cad. No: 65 B;10;7;BALIKESÝR;EDREMÝT;18.05.2023;Hayýr;;305;691;;;;15893;2681;2681
KATÝP ÇELEBÝ ÇÝÐLÝ ÝZMÝR M;KUZEY EGE;1;MÝGROS;6;SELF SERVÝS M;7653;38.510803;27.036743;Balatçýk Mah.. 8903/1 Sok.7CB-7CA;35;4;ÝZMÝR;ÇÝÐLÝ;10.03.2023;Hayýr;;500;704;;;;16185;2682;2682
MION GÖZTEPE LOFT;DOÐU MARMARA;237;MION;247;MION;7655;40.979155;29.067197;Göztepe Mah. Tütüncü Mehmet Efendi Cd. No:9A-B;34;16;ÝSTANBUL;KADIKÖY;18.01.2023;Hayýr;;126;135;;;;15548;2683;2683
MION BAHARÝYE CAD KADIKÖY;DOÐU MARMARA;237;MION;247;MION;7656;40.985705;29.027569;Caferaða Mah Gen. Asým Gündüz Cad. 86-2;34;16;ÝSTANBUL;KADIKÖY;27.01.2023;Hayýr;;155;198;;;;16268;2684;2684
MION YEDÝTEPE UNÝ. ATAÞEHÝR;DOÐU MARMARA;237;MION;247;MION;7658;40.975164;29.154351;Kayýþdaðý Mah.  Aþýk Veysel Sk. No:1;34;34;ÝSTANBUL;ATAÞEHÝR;31.01.2023;Hayýr;;239;272;;;;14540;2686;2686
BRANDVADÝ ÝSTANBUL MACROCENTER;BATI MARMARA;4;MACROCENTER;9;MACROCENTER;7659;41.07996659;28.60096088;Karaaðaç Mah. Dr. Hasan Akgün Cad. No:20/1;34;28;ÝSTANBUL;BÜYÜKÇEKMECE;9.06.2023;Hayýr;;750;1250;;;;14117;2687;2687
ZAFER PLAZA BURSA MM MÝGROS;GÜNEY MARMARA;1;MÝGROS;2;MM;766;40.187742;29.059423;Þehreküstü Mah. Cemal Nadir Cad.(Zafer Plaza);16;2;BURSA;OSMANGAZÝ;3.11.1999;Evet;;1100;2205;;59;;;2688;2688
KEMALPAÞA SERDÝVAN SAKARYA M;GÜNEY MARMARA;1;MÝGROS;6;SELF SERVÝS M;7660;40.764434;30.345432;Kemalpaþa Mah. 57.Sokak No:76;54;16;SAKARYA;SERDÝVAN;5.05.2023;Hayýr;;455;637;;;;11911;2689;2689
MJET METROPOLÝS TORBALI ÝZMÝR;GÜNEY EGE;230;MJET;9;M-JET;7661;38.172279;27.349033;Torbalý Mah. Metropolis Blv. NO:31/A;35;27;ÝZMÝR;TORBALI;20.01.2023;Hayýr;;260;358;;;;15944;2690;2690
ALPER YAZOÐLU CD EDÝRNE MM;BATI MARMARA;1;MÝGROS;2;MM;7662;41.66992054;26.59831618;Þükrüpaþa Mah.Alper Yazoðlu Cad  No:14/A;22;0;EDÝRNE;MERKEZ;6.07.2023;Hayýr;;867;1246;;;;13561;2691;2691
KARATAÞ MERKEZ ADANA M;DOÐU AKDENÝZ;1;MÝGROS;5;SERVÝS REYONLU M;7663;36.567844;35.383717;Yeni Mah. Aratürk Cad C Blok No:26/A-B;1;8;ADANA;KARATAÞ;19.04.2023;Hayýr;;510;852;;;;15940;2692;2692
MJET ATATÜRK MH. TEKÝRDAÐ;BATI MARMARA;230;MJET;9;M-JET;7666;40.98847078;27.55320783;Atatürk Mah. Candarlý Ýbrahimzade Paþa Cd. NO:91/A;59;11;TEKÝRDAÐ;SÜLEYMANPAÞA;1.03.2023;Hayýr;;258;355;;;;16199;2693;2693
MURATLI TEKÝRDAÐ M MÝGROS;BATI MARMARA;1;MÝGROS;7;M ANADOLU;7667;41.169716;27.499229;Muradiye Mah. 100.Yýl Cad. No:7A;59;6;TEKÝRDAÐ;MURATLI;27.01.2023;Hayýr;;256;380;;;;15687;2694;2694
MJET NAZMÝ SAATÇÝ MH. AFYON;ÝÇ ANADOLU;230;MJET;9;M-JET;7668;38.740851;30.568197;Nazmi Saatçi Mah. 588 Sok. No:20/A, 44/A;3;0;AFYONKARAHÝSAR;MERKEZ;10.02.2023;Hayýr;;217;454;;;;15954;2695;2695
MJET CADDE DÜZCE;GÜNEY MARMARA;230;MJET;9;M-JET;7670;40.848623;31.142487;Fatih mah.1128 sok. No:2;81;0;DÜZCE;MERKEZ;17.01.2023;Hayýr;;296;384;;;6259;;2696;2696
CUMHURÝYET MH. DÝDÝM AYDIN M;GÜNEY EGE;1;MÝGROS;6;SELF SERVÝS M;7671;37.375702;27.279627;Cumhuriyet Mah. 19 Mayýs Cad. No: 33A;9;4;AYDIN;DÝDÝM;25.01.2023;Hayýr;;317;620;;;;15891;2697;2697
YEÞÝL MAH NAZÝLLÝ AYDIN M;GÜNEY EGE;1;MÝGROS;6;SELF SERVÝS M;7672;37.922519;28.337869;Yeþil Mah. 1857 Sok. No:15A;9;13;AYDIN;NAZÝLLÝ;24.02.2023;Hayýr;;465;674;;;;12274;2698;2698
MERKEZ MH. DÜZÝÇÝ OSMANÝYE M;DOÐU AKDENÝZ;1;MÝGROS;7;M ANADOLU;7673;37.251339;36.46553;Merkez Mah. Hasan Hüseyin Türkoðlu Cad.;80;2;OSMANÝYE;DÜZÝÇÝ;31.01.2023;Hayýr;;412;532;;;;16412;2699;2699
KÜÇÜKBÜK BODRUM M MÝGROS;GÜNEY EGE;1;MÝGROS;6;SELF SERVÝS M;7674;37.13932302;27.35788444;Küçükbük Mah Fevzipaþa Cad. No:13B / 1-2,13B /1-2;48;1;MUÐLA;BODRUM;24.03.2023;Hayýr;;344;662;;;;14504;2700;2700
YENÝGÝRNE SOÐUKKUYU ÝZMÝR M;KUZEY EGE;1;MÝGROS;6;SELF SERVÝS M;7675;38.47695;27.116221;Soðukkuyu Mah. 1847/13 Sok. No:34A-34B;35;29;ÝZMÝR;BAYRAKLI;26.05.2023;Hayýr;;345;418;;;;16570;2701;2701
KARACABEY BURSA M MÝGROS;GÜNEY MARMARA;1;MÝGROS;6;SELF SERVÝS M;7676;40.220612;28.361225;Selimiye Mah. Ýmaret Cad. No:34/A;16;10;BURSA;KARACABEY;10.02.2023;Hayýr;;360;434;;;;15924;2702;2702
BOSTANLI ÝZMÝR MMM MÝGROS;KUZEY EGE;1;MÝGROS;3;MMM;768;38.458247;27.099779;Þehitler Bulv.Katlý Otopark Altý Bostanlý;35;7;ÝZMÝR;KARÞIYAKA;27.10.1999;Evet;80;2715;4430;;6,1,2,11,3,13,29;;;2703;2703
HÜRRÝYET MAH. KAYSERÝ M MÝGROS;DOÐU AKDENÝZ;1;MÝGROS;6;SELF SERVÝS M;7684;38.713668;35.46657;Hürriyet mah. Þehit Miralay Nazýmbey Bulvarý;38;2;KAYSERÝ;MELÝKGAZÝ;25.04.2023;Hayýr;;544;1577;;;5859;;2704;2704
BURSA KAYAPA M MÝGROS;GÜNEY MARMARA;1;MÝGROS;6;SELF SERVÝS M;7686;40.195073;28.847806;30 Aðustos Zafer Mah. Atlýçayýr Mah. No:45A-B;16;1;BURSA;NÝLÜFER;10.02.2023;Hayýr;;387;508;;;;15591;2705;2705
TEKKEKÖY SAMSUN M MÝGROS;KARADENÝZ/KUZEYD.AND;1;MÝGROS;7;M ANADOLU;7687;41.220105;36.462465;19 Mayýs Mah. Hacý Ali Ekinci Cad. 19. Sok. No:48;55;11;SAMSUN;TEKKEKÖY;31.01.2023;Hayýr;;484;858;;;;14937;2706;2706
BARBAROS ERZÝNCAN M MÝGROS;KARADENÝZ/KUZEYD.AND;1;MÝGROS;6;SELF SERVÝS M;7688;39.747076;39.501416;Atatürk Mah. Kýrklar Cad. No: 4/A;24;0;ERZÝNCAN;MERKEZ;10.02.2023;Hayýr;;385;819;;;;16085;2707;2707
HANÝ DÝYARBAKIR M MÝGROS;DOÐU/G.DOÐU ANADOLU;1;MÝGROS;7;M ANADOLU;7689;38.404383;40.401292;Merkez Mah. Karakoç 2 Sok. No: 3/A;21;8;DÝYARBAKIR;HANÝ;31.01.2023;Hayýr;;358;578;;;;16398;2708;2708
KALAMIÞ MARÝNA M MÝGROS;DOÐU MARMARA;1;MÝGROS;6;SELF SERVÝS M;769;40.97651;29.03979;Fenerbahçe Mah. Münir Nurettin Selçuk Cad. NO:17/2;34;16;ÝSTANBUL;KADIKÖY;12.11.1999;Hayýr;;190;260;;;;;2709;2709
MJET MURATLI CD YOMRA TRABZON;KARADENÝZ/KUZEYD.AND;230;MJET;9;M-JET;7691;40.960058;39.823393;Kaþüstü Mah. Muratlý Cad. No:60A;61;17;TRABZON;YOMRA;31.01.2023;Hayýr;;250;300;;;;15960;2710;2710
KIÞLA MH ERCÝÞ VAN M MÝGROS;DOÐU/G.DOÐU ANADOLU;1;MÝGROS;7;M ANADOLU;7692;39.027017;43.354075;Kýþla Mah. Kýþla Cad. No:2 Dýþ Kapý No:27B;65;6;VAN;ERCÝÞ;31.01.2023;Hayýr;;498;666;;;;16684;2711;2711
MJET B.ECEVÝT ÜNÝ ZONGULDAK;ÝÇ ANADOLU;230;MJET;9;M-JET;7693;41.413013;31.706414;Esenköy Mah.  Abaz Caddesi No:198/1A;67;7;ZONGULDAK;KOZLU;8.02.2023;Hayýr;;310;378;;;;11564;2712;2712
NENEHATUN ERZURUM M MÝGROS;KARADENÝZ/KUZEYD.AND;1;MÝGROS;6;SELF SERVÝS M;7695;39.926944;41.266944;Þükrüpaþa Mah. Azerbaycan Bulvarý Tugay Konutlarý;25;21;ERZURUM;YAKUTÝYE;27.01.2023;Hayýr;;332;407;;;5965;;2713;2713
AZÝZÝYE ERZURUM M MÝGROS;KARADENÝZ/KUZEYD.AND;1;MÝGROS;6;SELF SERVÝS M;7696;39.919067;41.191419;Selçuklu Mah. Emirþeyh Cad. No:8/A;25;19;ERZURUM;AZÝZÝYE;26.01.2023;Hayýr;;303;466;;;5818;;2714;2714
ÞEREFLÝKOÇHÝSAR ANKARA M;ÝÇ ANADOLU;1;MÝGROS;7;M ANADOLU;7697;38.934762;33.550331;Sanayi Mah. Metin Þanal Bulvarý;6;24;ANKARA;ÞEREFLÝKOÇHÝSAR;2.03.2023;Hayýr;;330;420;;;;15440;2715;2715
YAKAKENT SAMSUN M MÝGROS;KARADENÝZ/KUZEYD.AND;1;MÝGROS;6;SELF SERVÝS M;7698;41.631954;35.530507;Merkez Mah. Rasim Çaðlar Cd. No:21a, Ýç Kapý No:17;55;14;SAMSUN;YAKAKENT;24.02.2023;Hayýr;;300;511;;;;16460;2716;2716
PARK SÝTE AKSARAY MM MÝGROS;ÝÇ ANADOLU;1;MÝGROS;2;MM;7699;38.367113;34.015624;Taþpazar Mah. 32/Ebulfeyz Elçibey Cad. No:29/1-B01;68;0;AKSARAY;MERKEZ;28.02.2023;Hayýr;;911;1186;;;;15941;2717;2717
KIZILTOPRAK M.PAÞA ANTALYA M;BATI AKDENÝZ;1;MÝGROS;5;SERVÝS REYONLU M;7700;36.889508;30.723296;Kýzýltoprak Mah. 914 Sk. No:9 A/B;7;19;ANTALYA;MURATPAÞA;10.03.2023;Hayýr;;489;606;;;;15009;2718;2718
MJET YUKARI ACIPAYAM DENÝZLÝ;GÜNEY EGE;230;MJET;9;M-JET;7701;37.42984;29.347882;Yukarý mh. Namýk Kemal Cd. No:13B - C - A;20;1;DENÝZLÝ;ACIPAYAM;24.02.2023;Hayýr;;280;430;;;;16256;2719;2719
WINS TOWN AVM DÝYARBAKIR MM;DOÐU/G.DOÐU ANADOLU;1;MÝGROS;2;MM;7702;37.968224;40.15515;Talaytepe Mah. 4005 Sok. No:1A Ýç Kapý No:1;21;15;DÝYARBAKIR;KAYAPINAR;23.03.2023;Hayýr;;953;1207;;;;15816;2720;2720
SARIÇAM ADANA MM MÝGROS;DOÐU AKDENÝZ;1;MÝGROS;2;MM;7703;37.019947;35.398659;Mehmet Akif Ersoy Mah. 126 Sok. No:2 Zemin Kat 2;1;14;ADANA;SARIÇAM;4.05.2023;Hayýr;;685;1259;;;;14915;2721;2721
KULP DÝYARBAKIR M MÝGROS;DOÐU/G.DOÐU ANADOLU;1;MÝGROS;7;M ANADOLU;7704;38.49662;41.013321;Turgut Özal Mah. Diyarbakýr Cad. 51A;21;11;DÝYARBAKIR;KULP;8.03.2023;Hayýr;;350;495;;;;16399;2722;2722
MJET KIZILYAKA ULA MUÐLA;GÜNEY EGE;230;MJET;9;M-JET;7705;37.014587;28.468108;Kýzýlyaka Mah. Köy Ýçi Sok. No: 738 / 1-2;48;10;MUÐLA;ULA;24.03.2023;Hayýr;;251;350;;;;16275;2723;2723
30 AÐUSTOS ULUKENT ÝZMÝR M;KUZEY EGE;1;MÝGROS;6;SELF SERVÝS M;7706;38.55132187;27.04126315;30 Aðustos Mah.7202 Sok.No:11C-11D-11E-11F-11G-11H;35;22;ÝZMÝR;MENEMEN;16.06.2023;Hayýr;;550;782;;;;15278;2724;2724
KARAMAN MH AKKONAK DENÝZLÝ M;GÜNEY EGE;1;MÝGROS;7;M ANADOLU;7707;37.773987;29.067889;Karaman mh. Kazým Kaynak Cad. No:5A-5B;20;20;DENÝZLÝ;MERKEZEFENDÝ;3.03.2023;Hayýr;;430;600;;;;16276;2725;2725
YUNUS EMRE MH DENÝZLÝ MM;GÜNEY EGE;1;MÝGROS;2;MM;7708;37.74953;29.10621;Yunus Emre Mh. Süleyman Demirel Blv. No:20;20;19;DENÝZLÝ;PAMUKKALE;31.03.2023;Hayýr;;1063;1550;;3;;13504;2726;2726
KARÞIYAKA PAMUKKALE DENÝZLÝ MM;GÜNEY EGE;1;MÝGROS;2;MM;7709;37.79991441;29.10583042;Karþýyaka Mh. Ankara Blv. No:140;20;19;DENÝZLÝ;PAMUKKALE;31.03.2023;Hayýr;;704;1068;;;;9497;2727;2727
MJET GELENDOST ISPARTA;BATI AKDENÝZ;230;MJET;9;M-JET;7710;38.114591;31.022192;Haydarpaþa Mah.Süleyman Demirel Bulvari;32;4;ISPARTA;GELENDOST;24.02.2023;Hayýr;;218;261;;;;16149;2728;2728
BOZKURT DENÝZLÝ M MÝGROS;GÜNEY EGE;1;MÝGROS;7;M ANADOLU;7711;37.820709;29.606123;Hamdiye Mh. Atatürk Blv. No:110/11;20;7;DENÝZLÝ;BOZKURT;31.03.2023;Hayýr;;350;460;;;;16519;2729;2729
LÝMONLUK MH MERSÝN M MÝGROS;DOÐU AKDENÝZ;1;MÝGROS;6;SELF SERVÝS M;7713;36.796214;34.585787;Limonluk Mah. 18.Cad. Bina No:77/A;33;13;MERSÝN;YENÝÞEHÝR;22.02.2023;Hayýr;;388;572;;;5173;;2730;2730
BAÞAKÞEHÝR 4. ETAP ÝSTANBUL M;BATI MARMARA;1;MÝGROS;6;SELF SERVÝS M;7717;41.101293;28.810143;Ýkitelli Baþakþehir 4.etap 1.kýsým Ýstanbul Çarþi;34;35;ÝSTANBUL;BAÞAKÞEHÝR;15.02.2023;Hayýr;;470;1098;;;6052;;2731;2731
SAMURLU ALÝAÐA ÝZMÝR M;KUZEY EGE;1;MÝGROS;7;M ANADOLU;7718;38.788206;26.983756;Yeni Mah. Samurlu Cad. No:47A-47B-47C;35;10;ÝZMÝR;ALÝAÐA;24.02.2023;Hayýr;;450;593;;;;15540;2732;2732
F.PAÞA TAÞUCU SÝLÝFKE MERSÝN M;DOÐU AKDENÝZ;1;MÝGROS;5;SERVÝS REYONLU M;7721;36.320525;33.880501;Taþucu Mah. Fevzipaþa Sk. No:2E-F-G-H;33;8;MERSÝN;SÝLÝFKE;12.05.2023;Hayýr;;476;638;;;;14358;2734;2734
MJET JANDARMA TALAS KAYSERÝ;DOÐU AKDENÝZ;230;MJET;9;M-JET;7725;38.698712;35.564477;Mevlana Mah. Sayer Cad. No:17/A-17/B;38;13;KAYSERÝ;TALAS;1.03.2023;Hayýr;;247;441;;;;16251;2736;2736
BEÞEVLER CAD. BURSA M MÝGROS;GÜNEY MARMARA;1;MÝGROS;6;SELF SERVÝS M;7726;40.211267;28.96529;Beþevler Mah .Beþevler cad. No:161 B-A;16;1;BURSA;NÝLÜFER;1.03.2023;Hayýr;;319;466;;;6310;;2737;2737
MJET ÝSKELE CD. ORHANÝYE MUÐLA;GÜNEY EGE;230;MJET;9;M-JET;7727;36.75351;28.132932;Orhaniye Mh. Ýskele Cd. No: 20/3;48;7;MUÐLA;MARMARÝS;19.04.2023;Hayýr;;230;293;;;;15565;2738;2738
MJET EMEK MAH MANAVGAT ANTALYA;BATI AKDENÝZ;230;MJET;9;M-JET;7728;36.792476;31.469046;Emek Mah. Piyade Er Fikret Karamusaoðlu Cad.;7;13;ANTALYA;MANAVGAT;5.05.2023;Hayýr;;261;357;;;;15050;2739;2739
MJET SAHÝL ALTINKUM AYDIN;GÜNEY EGE;230;MJET;9;M-JET;7729;37.353375;27.274318;Çamlýk Mh. 403 Sk no: 6/A;9;4;AYDIN;DÝDÝM;24.03.2023;Hayýr;;287;473;;;;15541;2740;2740
MJET TARABYAÜSTÜ SARIYER ÝST;BATI MARMARA;230;MJET;9;M-JET;7730;41.146352;29.033848;Cumhuriyet Mah. Arabayolu Cad. No:63/A;34;22;ÝSTANBUL;SARIYER;14.04.2023;Hayýr;;186;236;;;;;2741;2741
MJET ROYAL SUIT KAYSERI;DOÐU AKDENÝZ;230;MJET;9;M-JET;7731;38.712785;35.558579;Mevlana Mah. Karasu Cad. No:11/B;38;13;KAYSERÝ;TALAS;10.03.2023;Hayýr;;212;471;;;;16160;2742;2742
WATERGARDEN ÝST MACROCENTER;DOÐU MARMARA;4;MACROCENTER;9;MACROCENTER;7732;40.998124;29.100685;Barbaros Mah. Þebboy Sok.;34;34;ÝSTANBUL;ATAÞEHÝR;21.06.2023;Hayýr;;780;1062;;;;16083;2743;2743
GÜLLER PINARI MAH. ANTALYA M;BATI AKDENÝZ;1;MÝGROS;6;SELF SERVÝS M;7733;36.5472;32.012242;Güller Pýnarý Mah. Hasan Akçalýoðlu Cad.;7;2;ANTALYA;ALANYA;24.03.2023;Hayýr;;330;447;;;;15171;2744;2744
MJET FÝRUZ ÇIKMAZI MALTEPE ÝST;DOÐU MARMARA;230;MJET;9;M-JET;7734;40.943223;29.144371;Girne Mah. Firuz Çýkmazý Sok. No: 3-7A;34;20;ÝSTANBUL;MALTEPE;22.02.2023;Hayýr;;229;269;;;;16050;2745;2745
DODURGA MAH. ANKARA M;ÝÇ ANADOLU;1;MÝGROS;6;SELF SERVÝS M;7735;39.848847;32.637398;Alacaatlý Mah. 3407 Cadde No:6/C-D-E;6;2;ANKARA;ÇANKAYA;24.03.2023;Hayýr;;500;750;;;;12292;2746;2746
ÇELTÝK KONYA M MÝGROS;ÝÇ ANADOLU;1;MÝGROS;7;M ANADOLU;7737;39.020835;31.790966;Bahçe Saray Mah. Mevlana Cad. 18/A;42;11;KONYA;ÇELTÝK;10.03.2023;Hayýr;;314;793;;;;16178;2748;2748
HARÞÝT GÜMÜÞHANE M MÝGROS;KARADENÝZ/KUZEYD.AND;1;MÝGROS;5;SERVÝS REYONLU M;7738;40.450011;39.495225;Yeni Mah. Kazým Karabekir Cad. No 2/A;29;0;GÜMÜÞHANE;MERKEZ;28.02.2023;Hayýr;;530;825;;;;16591;2749;2749
ÇORLU ORÝON MMM MÝGROS;BATI MARMARA;1;MÝGROS;3;MMM;774;41.150227;27.833884;Omurtak Cad. Yeni Emniyet Md.Yaný ORÝON AVM;59;2;TEKÝRDAÐ;ÇORLU;22.10.1999;Hayýr;;1337;2357;;1,45,3,22;;;2750;2750
6. ETAP TALAS KAYSERÝ M;DOÐU AKDENÝZ;1;MÝGROS;6;SELF SERVÝS M;7747;38.710062;35.571959;Mevlana Mah. Orgeneral Hulusi Akar Bulvarý;38;13;KAYSERÝ;TALAS;1.03.2023;Hayýr;;318;571;;;;16038;2751;2751
ÇAMYUVA ÇEVREYOLU ANTALYA MM;BATI AKDENÝZ;1;MÝGROS;2;MM;7748;36.547465;30.550237;Çamyuva Mah. 5111 Sokak No:2 D:1- D:2;7;10;ANTALYA;KEMER;31.03.2023;Hayýr;;735;1325;;;;15787;2752;2752
PLEVNE MAMAK ANKARA M MÝGROS;ÝÇ ANADOLU;1;MÝGROS;7;M ANADOLU;7749;39.95134;32.897256;Altýnevler Mah. Yatýkmusluk Cad. No:19A;6;6;ANKARA;MAMAK;27.02.2023;Hayýr;;327;442;;;;16324;2753;2753
FEVZÝ ÇAKMAK URLA ÝZMÝR M;KUZEY EGE;1;MÝGROS;6;SELF SERVÝS M;7750;38.364444;26.766313;Ýskele Mah. Neyzen Tevfik Cad. No:537;35;28;ÝZMÝR;URLA;24.02.2023;Hayýr;;380;530;;;5664;;2754;2754
SEFERÝHÝSAR TURABÝYE M MÝGROS;KUZEY EGE;1;MÝGROS;6;SELF SERVÝS M;7751;38.19655;26.83962;"Camikebir Mah. 52/1 Sokak No:17	";35;24;ÝZMÝR;SEFERÝHÝSAR;3.03.2023;Hayýr;;383;589;;;6192;;2755;2755
BEYAZIT MH. AKYURT ANKARA M;ÝÇ ANADOLU;1;MÝGROS;7;M ANADOLU;7752;40.132506;33.083727;Beyazýt Mah. Nurettin Cankurtaran Cad. No:12B-C;6;9;ANKARA;AKYURT;24.02.2023;Hayýr;;338;666;;;;15021;2756;2756
MJET ÇAYKARA TRABZON;KARADENÝZ/KUZEYD.AND;230;MJET;9;M-JET;7753;40.745988;40.240836;Þahinkaya Mah. Hurmalýk Küme Evleri B blok;61;6;TRABZON;ÇAYKARA;16.03.2023;Hayýr;;209;321;;;;16687;2757;2757
ASKERÝ LOJ. KÜÇÜKYALI ÝST M;DOÐU MARMARA;1;MÝGROS;6;SELF SERVÝS M;7754;40.954606;29.123796;Aydýnevler Mah. Kýþla Yolu Sok. Ýkmal Maliye Okulu;34;20;ÝSTANBUL;MALTEPE;7.03.2023;Hayýr;;363;452;;;;17032;2758;2758
KÖRFEZ MH. ATAKUM SAMSUN M;KARADENÝZ/KUZEYD.AND;1;MÝGROS;6;SELF SERVÝS M;7755;41.358782;36.23564;Körfez Mah. Atatürk 5. Kýsm Bul no: 28A;55;15;SAMSUN;ATAKUM;29.03.2023;Hayýr;;295;405;;;;16503;2759;2759
ÇÝFTLÝKÖNÜ S. PAÞA TEKÝRDAÐ M;BATI MARMARA;1;MÝGROS;6;SELF SERVÝS M;7756;40.98781854;27.53141832;Çiftlikönü Mah. 57.Alay Sok. No:5/B;59;11;TEKÝRDAÐ;SÜLEYMANPAÞA;25.05.2023;Hayýr;;394;489;;;;16588;2760;2760
ÝNKILAP MH. EMÝRDAÐ AFYON M;ÝÇ ANADOLU;1;MÝGROS;7;M ANADOLU;7757;39.024182;31.163336;Ýnkýlap Mah. Selmaný Farisi Cad. No:69A;3;8;AFYONKARAHÝSAR;EMÝRDAÐ;31.03.2023;Hayýr;;552;1148;;;;15966;2761;2761
MJET KÝRAZLI CD. AVCILAR ÝST.;BATI MARMARA;230;MJET;9;M-JET;7758;40.989;28.709625;Cihangir Mah. Kirazlý Cad. No:21B;34;2;ÝSTANBUL;AVCILAR;30.03.2023;Hayýr;;236;401;;;;15789;2762;2762
EFELER MH. BUCA ÝZMÝR M;GÜNEY EGE;1;MÝGROS;6;SELF SERVÝS M;7759;38.3864;27.1598;Efeler Mah. 306/6 Sokak No:12/A;35;3;ÝZMÝR;BUCA;2.03.2023;Hayýr;;370;475;;;5707;;2763;2763
ADNAN KAHVECÝ BLV. TRABZON MM;KARADENÝZ/KUZEYD.AND;1;MÝGROS;2;MM;7760;41.015023;39.599138;Söðütlü Mah. Adnan Kahveci Bulv. Efem Sitesi;61;1;TRABZON;AKÇAABAT;17.03.2023;Hayýr;;745;1355;;;;16462;2764;2764
MJET VELÝBABA MH. PENDÝK ÝST;DOÐU MARMARA;230;MJET;9;M-JET;7761;40.90784;29.258096;Veli Baba Mah. B.Hayrettin Paþa Cad. No:76K;34;21;ÝSTANBUL;PENDÝK;10.03.2023;Hayýr;;224;368;;;;16767;2765;2765
MJET KIBRIS CD. ÇEKMEKÖY ÝST;DOÐU MARMARA;230;MJET;9;M-JET;7762;41.025419;29.222322;Güngören Mah. Kýbrýs Cad. No:15A;34;37;ÝSTANBUL;ÇEKMEKÖY;15.03.2023;Hayýr;;170;230;;;;15493;2766;2766
KALE KARS M MÝGROS;KARADENÝZ/KUZEYD.AND;1;MÝGROS;6;SELF SERVÝS M;7764;40.608749;43.093354;Yusufpaþa Mah. Halitpaþa Cad. No: 49-49A;36;0;KARS;MERKEZ;29.12.2023;Hayýr;;316;459;;;;16584;2767;2767
KAZIM KARABEKÝR ERZURUM M;KARADENÝZ/KUZEYD.AND;1;MÝGROS;6;SELF SERVÝS M;7765;39.91201;41.26636;Ömer Nasuhi Bilmen Mah. Korg. Zekai Aksakallý Cad.;25;21;ERZURUM;YAKUTÝYE;28.02.2023;Hayýr;;346;595;;;;16593;2768;2768
F. ÇELÝK ALTINDAÐ ANKARA M;ÝÇ ANADOLU;1;MÝGROS;7;M ANADOLU;7774;39.973396;32.935499;Baþpýnar Mah. 1048. Cad. No:182/A-B-C;6;1;ANKARA;ALTINDAÐ;31.03.2023;Hayýr;;570;1005;;;;15042;2769;2769
DALYAN ÇEÞME ÝZMÝR MM MÝGROS;KUZEY EGE;1;MÝGROS;2;MM;7790;38.35608045;26.31179387;Dalyan Mah. 4218 Sok. No: 45A;35;14;ÝZMÝR;ÇEÞME;23.02.2024;Hayýr;;727;1331;;;;12790;2771;2771
KONAK MERKEZ NÝLÜFER BURSA M;GÜNEY MARMARA;1;MÝGROS;6;SELF SERVÝS M;7791;40.206291;28.984116;Konak Mah. Beþevler Cad. No:35/B;16;1;BURSA;NÝLÜFER;19.04.2023;Hayýr;;358;480;;;;15936;2772;2772
ÇAÐLAYAN ADLÝYE ÝSTANBUL MM;BATI MARMARA;1;MÝGROS;2;MM;7792;41.070874;28.97948;Çaðlayan Mah. Atiye Sok No:1-1;34;17;ÝSTANBUL;KAÐITHANE;9.06.2023;Hayýr;;1011;1672;;;;;2773;2773
TEKNÝK LÝSE CAD. BALIKESÝR M;GÜNEY MARMARA;1;MÝGROS;6;SELF SERVÝS M;7793;39.624444;27.899628;Bahçelievler Mh. Teknik Lise Cd. No: 122B;10;19;BALIKESÝR;ALTIEYLÜL;24.03.2023;Hayýr;;501;608;;;;15874;2774;2774
BAHÇELÝEVLER ORDU M MÝGROS;KARADENÝZ/KUZEYD.AND;1;MÝGROS;6;SELF SERVÝS M;7795;40.981106;37.891937;Bahçelievler Mah.Atatürk Cad. no:193A;52;19;ORDU;ALTINORDU;17.03.2023;Hayýr;;430;1206;;;;16504;2775;2775
ÇEKEREK YOZGAT M MÝGROS;ÝÇ ANADOLU;1;MÝGROS;7;M ANADOLU;7796;40.065703;35.500044;Yunus Emre Mah. Atatürk Bulvarý No:54B;66;6;YOZGAT;ÇEKEREK;14.04.2023;Hayýr;;396;523;;;;16023;2776;2776
KULE 246 ISPARTA M MÝGROS;BATI AKDENÝZ;1;MÝGROS;7;M ANADOLU;7797;37.777906;30.569978;Davraz Mah. 5907 Sok. No:4I/77-78-79;32;0;ISPARTA;MERKEZ;14.04.2023;Hayýr;;340;458;;;;16304;2777;2777
MJET TELLÝ KAVAK KADIKÖY ÝST;DOÐU MARMARA;230;MJET;9;M-JET;7798;40.972002;29.078007;Erenköy Mah.Tellikavak Sok. No: 13;34;16;ÝSTANBUL;KADIKÖY;24.03.2023;Hayýr;;230;340;;;;16417;2778;2778
CUMHURÝYET MEYDANI SAMSUN M;KARADENÝZ/KUZEYD.AND;1;MÝGROS;6;SELF SERVÝS M;7799;41.287719;36.337954;19 Mayýs Mah. Atatürk Bulvarý Dýþ kapý no:8;55;17;SAMSUN;ÝLKADIM;31.03.2023;Hayýr;;316;469;;;;16759;2779;2779
DEÐÝRMENBAÞI ÇARÞAMBA SAMSUN M;KARADENÝZ/KUZEYD.AND;1;MÝGROS;6;SELF SERVÝS M;7800;41.194462;36.719737;Kirazlýk Çay Mah. Deðirmenbaþý Cd. Dýþ Kapý No:66A;55;5;SAMSUN;ÇARÞAMBA;31.03.2023;Hayýr;;454;857;;;;16545;2780;2780
VÝZYON SÝTESÝ ISPARTA MM;BATI AKDENÝZ;1;MÝGROS;2;MM;7801;37.8236974;30.54425799;Çünür Mah.5487 Sk. No:14-16E/1-2-3;32;0;ISPARTA;MERKEZ;4.08.2023;Hayýr;;735;1001;;;;15971;2781;2781
MJET ÝVRÝNDÝ BALIKESÝR;GÜNEY MARMARA;230;MJET;9;M-JET;7802;39.581345;27.486832;BEDRETTÝN MH. KOCA MÜDÜR TEVFÝK BEY CD. NO:38-40A;10;12;BALIKESÝR;ÝVRÝNDÝ;7.04.2023;Hayýr;;253;529;;;;16901;2782;2782
MJET SÝNCAN BELEDÝYE ANKARA;ÝÇ ANADOLU;230;MJET;9;M-JET;7804;39.96488;32.5772;Tandoðan Mah. Billur Cad. No:13A-B;6;7;ANKARA;SÝNCAN;28.03.2023;Hayýr;;226;296;;;;16644;2783;2783
SÝMAV KÜTAHYA M MÝGROS;GÜNEY MARMARA;1;MÝGROS;7;M ANADOLU;7805;39.088779;28.98194;4 Eylül Mah. Tevfik Fikret Cad. No:48A;43;10;KÜTAHYA;SÝMAV;14.04.2023;Hayýr;;372;463;;;;16698;2784;2784
SKY TOWER BURSA M MÝGROS;GÜNEY MARMARA;1;MÝGROS;6;SELF SERVÝS M;7806;40.227095;29.062905;Altýnova Mah. Ýstanbul Cad. No:410D 9-14;16;2;BURSA;OSMANGAZÝ;7.04.2023;Hayýr;;536;1026;;;;15922;2785;2785
BOÐAZOVA CAD. ÝZMÝT KOCAELÝ M;DOÐU MARMARA;1;MÝGROS;6;SELF SERVÝS M;7807;40.78888;29.960428;Gündoðdu Mah. Boðazova Cad. No:30;41;11;KOCAELÝ;ÝZMÝT;17.03.2023;Hayýr;;293;387;;;;14223;2786;2786
ATABEK KONUTLARI SÝLÝVRÝ ÝST M;BATI MARMARA;1;MÝGROS;6;SELF SERVÝS M;7808;41.08418242;28.27048526;Yeni Mah. 1 Kasým Cad. No:171HB;34;30;ÝSTANBUL;SÝLÝVRÝ;25.05.2023;Hayýr;;343;493;;;;16183;2787;2787
MJET 6 ÞUBAT KONTEYNER MARKET;DOÐU/G.DOÐU ANADOLU;230;MJET;9;M-JET;7809;38.495004;39.351895;Sanayi Mah. Diyarbakýr Yolu Cad. No:220;23;10;ELAZIÐ;SÝVRÝCE;14.03.2023;Hayýr;;71;80;Evet;;;;2788;2788
MJET HASANOÐLAN ELMADAÐ ANKARA;ÝÇ ANADOLU;230;MJET;9;M-JET;7810;39.973596;33.164019;Hasanoðlan Bahçelievler Mah. Menderes Bulvarý;6;15;ANKARA;ELMADAÐ;22.03.2023;Hayýr;;212;285;;;;16369;2789;2789
MILIAMALL AVM BÝNGÖL M MÝGROS;DOÐU/G.DOÐU ANADOLU;1;MÝGROS;6;SELF SERVÝS M;7811;38.886205;40.495821;Ýnönü mah. Genç cad. no:78;12;0;BÝNGÖL;MERKEZ;21.06.2023;Hayýr;;450;748;;;;14533;2790;2790
MJET D.A.G. KONTEYNER MARKET;DOÐU AKDENÝZ;230;MJET;9;M-JET;7812;37.183012;36.730234;Fatih Mah. Türkeþ Bulv. 2110 Parsel;27;7;GAZÝANTEP;NURDAÐI;23.03.2023;Hayýr;;175;247;Evet;;;;2791;2791
KARACAOÐLAN ÝZMÝR MM MÝGROS;KUZEY EGE;1;MÝGROS;2;MM;7813;38.437365;27.209213;Karacaoðlan Mah. 6244 Sok. No:107A-107B;35;2;ÝZMÝR;BORNOVA;31.05.2023;Hayýr;;655;842;;;;16776;2792;2792
MJET ERENLER MAH.AFYON;ÝÇ ANADOLU;230;MJET;9;M-JET;7814;38.817856;30.539063;Erenler Mah. 2775 Sokak No:24/B;3;0;AFYONKARAHÝSAR;MERKEZ;6.04.2023;Hayýr;;125;185;;;;16337;2793;2793
MJET TOGG GEMLÝK BURSA;GÜNEY MARMARA;230;MJET;256;MJET-PLAZA;7815;40.39352472;29.07548;Atatürk Cad. No:99A;16;5;BURSA;GEMLÝK;12.05.2023;Hayýr;;177;285;;;;15928;2794;2794
MJET FARUK ÞÜKRÜ CD. ESKÝÞEHÝR;ÝÇ ANADOLU;230;MJET;9;M-JET;7816;39.768111;30.54536;Gökmeydan Mah Þehit Öðretmen Mustafa Çoþkun Sok.;26;13;ESKÝÞEHÝR;ODUNPAZARI;10.07.2023;Hayýr;;217;267;;;;16274;2795;2795
MJET YEDÝÞEHÝTLER ISPARTA;BATI AKDENÝZ;230;MJET;9;M-JET;7817;37.77375;30.545088;Yediþehitler Mah. 110. Cad. No:169/1-2;32;0;ISPARTA;MERKEZ;31.03.2023;Hayýr;;222;271;;;;16307;2796;2796
ÇARÞAMBA CADDESÝ ALANYA M;BATI AKDENÝZ;1;MÝGROS;6;SELF SERVÝS M;7818;36.552684;32.05036;Oba Mah. Çarþamba Cd. No:36;7;2;ANTALYA;ALANYA;7.04.2023;Hayýr;;298;607;;;6737;9803;2797;2797
BÝTEZ MUÐLA MACROCENTER;GÜNEY EGE;4;MACROCENTER;9;MACROCENTER;7819;37.027521;27.390727;Bitez Mah.Adnan Menderes Cad. No:98-96;48;1;MUÐLA;BODRUM;12.05.2023;Hayýr;;421;531;;;;16622;2798;2798
MARÝNA AYVALIK BALIKESÝR M;KUZEY EGE;1;MÝGROS;5;SERVÝS REYONLU M;7820;39.31199;26.685395;GAZÝ KEMAL PAÞA MH. ATATÜRK BLV. NO 99/4;10;1;BALIKESÝR;AYVALIK;19.04.2023;Hayýr;;494;612;;;;17345;2799;2799
MARÝNA PENDÝK M MÝGROS;DOÐU MARMARA;1;MÝGROS;6;SELF SERVÝS M;7821;40.872475;29.234319;Batý Mah. Sahilyolu Marin Türk City Port D11;34;21;ÝSTANBUL;PENDÝK;11.04.2023;Hayýr;;686;1010;;;3137;;2800;2800
TOPTAN ÝNCÝLER ÝSTANBUL;BATI MARMARA;231;TOPTAN SATIÞ;230;TOPTAN SATIÞ;7822;41.012088;28.654507;Mevlana Mah. Evliya Çelebi Cd. No:5;34;38;ÝSTANBUL;ESENYURT;30.05.2023;Hayýr;;316;316;;;;17573;2801;2801
FIRUZKÖY COLLET AVCILAR IST. M;BATI MARMARA;1;MÝGROS;6;SELF SERVÝS M;7823;41.01193594;28.69974607;Firuzköy Mah. Firuzköy Blv. No:210;34;2;ÝSTANBUL;AVCILAR;26.04.2023;Hayýr;;488;648;;;;;2802;2802
OÐUZHAN CAD. BEYLÝKDÜZÜ ÝST M;BATI MARMARA;1;MÝGROS;6;SELF SERVÝS M;7824;40.9802157;28.659697;Kavaklý Mah Oðuzhan Cd. 32a;34;36;ÝSTANBUL;BEYLÝKDÜZÜ;25.05.2023;Hayýr;;368;422;;;;16464;2803;2803
AKYAZI SAKARYA M MÝGROS;GÜNEY MARMARA;1;MÝGROS;7;M ANADOLU;7825;40.6852813;30.6232823;Ömercikler Mah. 8018 Sok. Dýþ Kapý No: 2/B;54;3;SAKARYA;AKYAZI;2.06.2023;Hayýr;;486;593;;;;15985;2804;2804
YALIM MH. ARTUKLU MARDÝN M;DOÐU/G.DOÐU ANADOLU;1;MÝGROS;5;SERVÝS REYONLU M;7826;37.324603;40.725655;Yalým Mah. 13 Mart Cad. Dýþ Kapý No:26A;47;10;MARDÝN;ARTUKLU;14.04.2023;Hayýr;;469;679;;;;16811;2805;2805
MJET D.DERE ÝSKELE KOCAELÝ;DOÐU MARMARA;230;MJET;9;M-JET;7827;40.721889;29.783724;Deðirmendere Mah. Prof. Muammer Aksoy Cad.;41;2;KOCAELÝ;GÖLCÜK;14.04.2023;Hayýr;;123;138;;;;16309;2806;2806
GAZÝOSMANPAÞA BALIKESÝR M;GÜNEY MARMARA;1;MÝGROS;6;SELF SERVÝS M;7829;39.620192;27.885057;Gaziosmanpaþa Mah. Gülenç Cad. No:25 Ýç kapý No:1;10;19;BALIKESÝR;ALTIEYLÜL;19.04.2023;Hayýr;;399;499;;;;17012;2807;2807
HARMANDERE PENDÝK ÝST MM;DOÐU MARMARA;1;MÝGROS;2;MM;7830;40.933926;29.328295;Harmandere Mah. Site Sk. No:12;34;21;ÝSTANBUL;PENDÝK;16.05.2023;Hayýr;;841;1269;;;;16636;2808;2808
MJET KOZAKLI NEVÞEHÝR;DOÐU AKDENÝZ;230;MJET;9;M-JET;7831;39.216653;34.850778;Altunsu Mah. Kanlýca Cad. No:1A;50;6;NEVÞEHÝR;KOZAKLI;18.04.2023;Hayýr;;238;442;;;;15617;2809;2809
ALTIAÐAÇ TOKÝ MAMAK ANKARA M;ÝÇ ANADOLU;1;MÝGROS;7;M ANADOLU;7832;39.937498;32.919007;Altýaðaç Mah. 206. Cad. (Eski 2. Cadde) No:40F;6;6;ANKARA;MAMAK;19.04.2023;Hayýr;;566;688;;;;16403;2810;2810
FATÝH SÝTESÝ ZONGULDAK M;ÝÇ ANADOLU;1;MÝGROS;7;M ANADOLU;7833;41.43076;31.73462;Fatih Mah. Ýsmail Ergene Cad. No: 25;67;7;ZONGULDAK;KOZLU;14.04.2023;Hayýr;;352;447;;;;16103;2811;2811
MJET ADIYAMAN KONTEYNER MARKET;DOÐUAKDENZ/GÜNEYDOÐU;230;MJET;9;M-JET;7834;37.738797;38.231667;Altýnþehir Mah. 3027 Skokak;2;0;ADIYAMAN;MERKEZ;5.04.2023;Hayýr;;71;81;Evet;;;;2812;2812
PATNOS AÐRI M MÝGROS;KARADENÝZ/KUZEYD.AND;1;MÝGROS;7;M ANADOLU;7838;39.233339;42.855406;Atatürk Mah. Yavuz Sultan Selim Cd. No:83;4;5;AÐRI;PATNOS;7.04.2023;Hayýr;;495;898;;;7690;16746;2813;2813
ERCÝÞ TOKÝ VAN M MÝGROS;DOÐU/G.DOÐU ANADOLU;1;MÝGROS;7;M ANADOLU;7839;39.002362;43.397967;Tekevler Mah. Toki;65;6;VAN;ERCÝÞ;7.04.2023;Hayýr;;441;591;;;7367;15254;2814;2814
VAN MMM MÝGROS;DOÐU/G.DOÐU ANADOLU;1;MÝGROS;3;MMM;784;38.50212;43.37239;Selimbey Mah.Ýpekyolu Bul.NO:24;65;12;VAN;ÝPEKYOLU;2.12.1999;Evet;130;1955;3320;;13;;;2815;2815
TURGUT ÖZAL BLV. GAZÝANTEP MM;DOÐU AKDENÝZ;1;MÝGROS;2;MM;7840;37.122365;37.388829;Fýstýklýk Mah. Turgut Özal Bulvarý No 264/A;27;2;GAZÝANTEP;ÞEHÝTKAMÝL;24.08.2023;Hayýr;;746;1081;;;;16100;2816;2816
MJET CUMHURÝYET CAD. KÝLÝS;DOÐU AKDENÝZ;230;MJET;9;M-JET;7841;36.7164;37.112406;Neþet Topaloðlu Sok. No:29/A;79;0;KÝLÝS;MERKEZ;11.04.2023;Hayýr;;260;360;;;;15920;2817;2817
KARAKOÇAN ELAZIÐ M MÝGROS;DOÐU/G.DOÐU ANADOLU;1;MÝGROS;7;M ANADOLU;7842;38.950603;40.041039;Kýrkpýnar Mah. Atatürk Cad. Zemin Kat No:457-1;23;5;ELAZIÐ;KARAKOÇAN;18.04.2023;Hayýr;;330;518;;;;16843;2818;2818
LÝCE DÝYARBAKIR M MÝGROS;DOÐU/G.DOÐU ANADOLU;1;MÝGROS;7;M ANADOLU;7843;38.461063;40.642617;Kali Mah. Yusuf Ziya Ekinci Cad. No:10A;21;12;DÝYARBAKIR;LÝCE;17.04.2023;Hayýr;;338;414;;;;16899;2819;2819
MJET ALTINTEPE ÝSTANBUL;DOÐU MARMARA;230;MJET;9;M-JET;7844;40.952707;29.097116;Altýntepe Mh. Baðdat Cd. No:15-33 AJ;34;20;ÝSTANBUL;MALTEPE;2.06.2023;Hayýr;;164;222;;;;14714;2820;2820
SELÝN SK. SÝNCAN ANKARA MM;ÝÇ ANADOLU;1;MÝGROS;2;MM;7845;39.947999;32.582236;Osmanlý Mah. Muammer Aksoy Cad. No: 50,50A,50C;6;7;ANKARA;SÝNCAN;11.05.2023;Hayýr;;1093;1596;;;;16176;2821;2821
MJET CEVHER DUDAYEV NEVÞEHÝR;DOÐU AKDENÝZ;230;MJET;9;M-JET;7846;38.640584;34.699879;Cevher Dudayev Mah. Hacý Bektaþ Veli Bulvarý;50;0;NEVÞEHÝR;MERKEZ;18.05.2023;Hayýr;;236;306;;;;15608;2822;2822
KAHRAMANKAZAN ANKARA M;ÝÇ ANADOLU;1;MÝGROS;7;M ANADOLU;7847;40.204755;32.673247;Atatürk Mah. Toros Sok. No: 1L-M-N;6;20;ANKARA;KAHRAMANKAZAN;1.06.2023;Hayýr;;365;854;;;;16854;2823;2823
BÜNYAN KAYSERÝ M MÝGROS;DOÐU AKDENÝZ;1;MÝGROS;7;M ANADOLU;7848;38.854651;35.851076;Cumhuriyet Mah. Kayseri Cad. No:9/D;38;4;KAYSERÝ;BÜNYAN;30.05.2023;Hayýr;;379;501;;;;16468;2824;2824
MEHMET AKÝF AKSARAY M MÝGROS;ÝÇ ANADOLU;1;MÝGROS;6;SELF SERVÝS M;7849;38.355732;34.014463;Mehmet Akif Ersoy Mah. 5303 Sok. No:1 A;68;0;AKSARAY;MERKEZ;18.05.2023;Hayýr;;491;602;;;;16478;2825;2825
CADDEBOSTAN ÝSKELE MACROKIOSK;DOÐU MARMARA;235;MACROKIOSK;243;MACROKIOSK;7850;40.96466;29.0657;Caddebostan Mah. Caddebostan Ýskele Sok. No:36;34;16;ÝSTANBUL;KADIKÖY;20.04.2023;Hayýr;;128;228;;;6885;10411;2826;2826
MJET YALIÇÝFTLÝK BODRUM;GÜNEY EGE;230;MJET;9;M-JET;7851;37.014771;27.561214;Çiftlik Mah Yalýçiftlik Cad No:205 Ýç Kapý No 2;48;1;MUÐLA;BODRUM;22.05.2023;Hayýr;;138;171;;;;16218;2827;2827
ÜNÝVERSÝTE MH. KARAMAN M;DOÐU AKDENÝZ;1;MÝGROS;7;M ANADOLU;7852;37.159604;33.27244;Üniversite Mah. Þehit Fethi Sekin Bulvarý;70;0;KARAMAN;MERKEZ;18.05.2023;Hayýr;;457;811;;;;15933;2828;2828
MJET KALE DENÝZLÝ;GÜNEY EGE;230;MJET;9;M-JET;7853;37.4455587;28.846193;Cumhuriyet mah. Nuri Þölen Cd. dýþ kapý no:41;20;15;DENÝZLÝ;KALE;17.05.2023;Hayýr;;269;329;;;;17084;2829;2829
KELEÞ CENTER SEFAKÖY ÝST M;BATI MARMARA;1;MÝGROS;6;SELF SERVÝS M;7854;41.000979;28.809986;Kartaltepe Mah. Malazgirt Cad.;34;19;ÝSTANBUL;KÜÇÜKÇEKMECE;26.05.2023;Hayýr;;450;593;;;;17133;2830;2830
MJET YAKA MAH. TAVAS DENIZLI;GÜNEY EGE;230;MJET;9;M-JET;7855;37.577362;29.063582;Yaka Mah. Þehit Albay Karaoðlanoðlu Cd.;20;18;DENÝZLÝ;TAVAS;17.05.2023;Hayýr;;350;430;;;;16892;2831;2831
BELEDÝYE MEYDAN BOLU MM MÝGROS;ÝÇ ANADOLU;1;MÝGROS;2;MM;7856;40.732827;31.608047;Büyükcami Mah. Parti Sok. No: 2B;14;0;BOLU;MERKEZ;6.10.2023;Hayýr;;1058;1691;;;;13225;2832;2832
ALTUNTAÞ CAD. ARAKLI TRABZON M;KARADENÝZ/KUZEYD.AND;1;MÝGROS;7;M ANADOLU;7857;40.935291;40.055885;Merkez Mah. Þht.Murat Altuntaþ Cad. Zemin Kat;61;2;TRABZON;ARAKLI;18.05.2023;Hayýr;;375;500;;;;14531;2833;2833
FEVZÝ ÇAKMAK KAYSERÝ MM MÝGROS;DOÐU AKDENÝZ;1;MÝGROS;2;MM;7859;38.731296;35.502814;Fevzi Çakmak Mah.Yeþil Irmak Cad. No:46;38;1;KAYSERÝ;KOCASÝNAN;25.05.2023;Hayýr;;1068;1818;;;;16824;2834;2834
MJET ÖZEL CD. KARTAL ÝSTANBUL;DOÐU MARMARA;230;MJET;9;M-JET;7860;40.891042;29.193744;Çavuþoðlu Mah. Özel Cd. No:25;34;18;ÝSTANBUL;KARTAL;21.07.2023;Hayýr;;263;323;;;;15334;2835;2835
ESENTEPE MH.KEPEZ ANTALYA M;BATI AKDENÝZ;1;MÝGROS;6;SELF SERVÝS M;7864;36.934341;30.667948;Esentepe Mah. Þehit Üst Teðmen Gökhan Korkut Cad.;7;17;ANTALYA;KEPEZ;31.10.2023;Hayýr;;257;384;;;;16035;2836;2836
MJET BELDÝBÝ MH KEMER ANTALYA;BATI AKDENÝZ;230;MJET;9;M-JET;7865;36.721553;30.560172;Beldibi Mahallesi Þehitler Caddesi No:5;7;10;ANTALYA;KEMER;27.07.2023;Hayýr;;170;246;;;;14389;2837;2837
1207 ANTALYA PRESTÝGE M;BATI AKDENÝZ;1;MÝGROS;6;SELF SERVÝS M;7866;36.928012;30.742558;Güneþ Mah.Kýrçiçeði Cad.No:15 EA,EB,EC;7;17;ANTALYA;KEPEZ;26.05.2023;Hayýr;;235;436;;;;16327;2838;2838
MJET SÝTELER DAVUTLAR AYDIN;GÜNEY EGE;230;MJET;9;M-JET;7867;37.776388;27.271111;Soðucak Mah. Esatbey Sitesi No: 94/A;9;11;AYDIN;KUÞADASI;9.05.2023;Hayýr;;368;541;Evet;;3988;;2839;2839
BAHÇEKÖY SARIYER ÝSTANBUL M;BATI MARMARA;1;MÝGROS;6;SELF SERVÝS M;7868;41.178531;28.992215;Bahçeköy Merkez Mah. Adnan Menderes Cad No 4A;34;22;ÝSTANBUL;SARIYER;9.06.2023;Hayýr;;337;869;;;;16169;2840;2840
MJET ÇEVREYOLU KÝLÝS PO;DOÐU AKDENÝZ;230;MJET;255;MJET-ÝSTASYON;7869;36.708743;37.145634;Mehmet Rýfat Kazancýoðlu Mah.;79;0;KÝLÝS;MERKEZ;22.05.2023;Hayýr;;157;207;;;;17206;2841;2841
YENÝ MAHALLE KEÞAN EDÝRNE M;BATI MARMARA;1;MÝGROS;6;SELF SERVÝS M;7870;40.845337;26.65144519;Yani Mah. Dr. Ali Çuhacý Cad.No:27 B Blok;22;4;EDÝRNE;KEÞAN;26.05.2023;Hayýr;;428;541;;;;17001;2842;2842
TÜRKALP ÇUKURAMBAR ANKARA MM;ÝÇ ANADOLU;1;MÝGROS;2;MM;7871;39.900798;32.804237;Çukurambar Mah. 1425. Cadde No: 13A;6;2;ANKARA;ÇANKAYA;13.06.2023;Hayýr;;660;1155;;;;;2843;2843
MJET SEYRANBAÐLARI ANKARA;ÝÇ ANADOLU;230;MJET;9;M-JET;7873;39.899794;32.874988;100. Yýl Mah. Seyranbaðlarý, Baðlar Cad No: 226-A;6;2;ANKARA;ÇANKAYA;13.06.2023;Hayýr;;252;441;;;;;2845;2845
MJET S. MEHMET PAÞA CD ANKARA;ÝÇ ANADOLU;230;MJET;9;M-JET;7874;39.88652;32.836587;Sokullu Mehmet Paþa Mh Sokullu Mehmet Paþa Cd No82;6;2;ANKARA;ÇANKAYA;20.06.2023;Hayýr;;238;312;;;;;2846;2846
PRESTÝJ ÝNCEK ANKARA M MÝGROS;ÝÇ ANADOLU;1;MÝGROS;5;SERVÝS REYONLU M;7875;39.837772;32.703942;Alacaatlý Mah.3341. Sokak No: 1/4A-B-C;6;2;ANKARA;ÇANKAYA;6.06.2023;Hayýr;;475;1152;;;;;2847;2847
MJET PRAVA KARTAL ÝST;DOÐU MARMARA;230;MJET;9;M-JET;7876;40.905153;29.162921;Orhantepe Mah Üsküdar Cad No:192 A;34;18;ÝSTANBUL;KARTAL;26.05.2023;Hayýr;;362;534;;;;16654;2848;2848
MJET CEBECÝ SAHÝL KOCAELÝ;DOÐU MARMARA;230;MJET;9;M-JET;7877;41.188818;30.254654;Cebeci Mah Cumhuriyet Cad No:14/C;41;3;KOCAELÝ;KANDIRA;23.06.2023;Hayýr;;252;368;Evet;;;17159;2849;2849
KONAKLI HAN ANTALYA M MÝGROS;BATI AKDENÝZ;1;MÝGROS;6;SELF SERVÝS M;7878;36.587761;31.871215;Konaklý Mah. Mustafa Kemal Bulvarý;7;2;ANTALYA;ALANYA;7.06.2023;Hayýr;;412;526;;;;16739;2850;2850
AKÇALAR BURSA M MÝGROS;GÜNEY MARMARA;1;MÝGROS;6;SELF SERVÝS M;7879;40.18155644;28.74413338;Akçalar Mah. Þehir Cad. No:66/G;16;1;BURSA;NÝLÜFER;18.05.2023;Hayýr;;495;620;;;;16409;2851;2851
MJET BAÞBAÐLAR MH.ERZÝNCAN;KARADENÝZ/KUZEYD.AND;230;MJET;9;M-JET;7880;39.759572;39.505269;Baþbaðlar Mah. 1414 Sk. No:8 Ýçkapý No:4;24;0;ERZÝNCAN;MERKEZ;30.05.2023;Hayýr;;210;339;;;;17447;2852;2852
MJET DEMETEVLER MH.ERZÝNCAN;KARADENÝZ/KUZEYD.AND;230;MJET;9;M-JET;7881;39.744417;39.519736;Demetevler Mah Cengiz Topel Cad No:37/A;24;0;ERZÝNCAN;MERKEZ;25.05.2023;Hayýr;;178;409;;;;17446;2853;2853
MJET KOCASÝNAN ÝSTANBUL;BATI MARMARA;230;MJET;9;M-JET;7883;41.017544;28.839127;Kocasinan Merkez Mah Gazi Cad. No:18;34;4;ÝSTANBUL;BAHÇELÝEVLER;28.07.2023;Hayýr;;270;351;;;;17407;2855;2855
GÖKÇEADA ÇARÞI MM MÝGROS;GÜNEY MARMARA;1;MÝGROS;2;MM;7884;40.1928;25.9018;Fatih Mah. Atatürk Cad. No:1;17;9;ÇANAKKALE;GÖKÇEADA;1.06.2023;Hayýr;;835;1348;;;6252;;2856;2856
YAVUZ SULTAN SELÝM NEVÞEHÝR M;DOÐU AKDENÝZ;1;MÝGROS;7;M ANADOLU;7885;38.60103;34.692146;Bekdik Mah. Yavuz Sultan Selim Cad. No: 205A;50;0;NEVÞEHÝR;MERKEZ;31.05.2023;Hayýr;;233;415;;;;17263;2857;2857
MION DERÝNCE KARGO OPERASYON;DOÐU MARMARA;237;MION;250;E-TÝCARET;7886;40.758883;29.849601;Deniz Mah. Ergenekon Cad. No:2;41;6;KOCAELÝ;DERÝNCE;10.07.2023;Hayýr;;212;212;;;;;2858;2858
IRMAKLAR SK MALTEPE ÝSTANBUL M;DOÐU MARMARA;1;MÝGROS;6;SELF SERVÝS M;7887;40.943789;29.135868;Girne Mah. Irmaklar Sok. No:60;34;20;ÝSTANBUL;MALTEPE;28.09.2023;Hayýr;;495;624;;;;15503;2859;2859
MJET DEVELÝ HASTANE KAYSERÝ;DOÐU AKDENÝZ;230;MJET;9;M-JET;7888;38.406259;35.485677;Mustafa Asým Köksal Mah. Þifa Cad. No:19/D;38;5;KAYSERÝ;DEVELÝ;28.07.2023;Hayýr;;288;460;;;;17245;2860;2860
KEFKEN KANDIRA KOCAELÝ M;DOÐU MARMARA;1;MÝGROS;6;SELF SERVÝS M;7889;41.170506;30.228532;Kefken Mah. Þehit Oðuz Kýr Cad. 174/A;41;3;KOCAELÝ;KANDIRA;23.06.2023;Hayýr;;475;636;;;;17160;2861;2861
MJET BORSA CD ESKÝÞEHÝR;ÝÇ ANADOLU;230;MJET;9;M-JET;7890;39.768339;30.556515;Gündoðdu Mah. Borsa Cad. No:19 A;26;13;ESKÝÞEHÝR;ODUNPAZARI;23.06.2023;Hayýr;;190;292;;;;16271;2862;2862
MJET BASIN ÞEHÝTLERÝ ESKÝÞEHÝR;ÝÇ ANADOLU;230;MJET;9;M-JET;7891;39.774536;30.50711;Kýrmýzýtoprak Mah. Basýn Þehitleri Cad. No:67A C;26;13;ESKÝÞEHÝR;ODUNPAZARI;31.05.2023;Hayýr;;233;415;;;;16947;2863;2863
KARÞIYAKA MH ARMUTLU YALOVA M;GÜNEY MARMARA;1;MÝGROS;7;M ANADOLU;7892;40.517335;28.822471;Karþýyaka Mah Zafer Cad No:44/A;77;2;YALOVA;ARMUTLU;7.06.2023;Hayýr;;400;650;;;;16563;2864;2864
MJET K.SARNIÇ BODRUM MUÐLA;GÜNEY EGE;230;MJET;9;M-JET;7893;37.0418;27.39852;Bitez Mah. Kavaklý Sarnýç Cad No:15;48;1;MUÐLA;BODRUM;14.07.2023;Hayýr;;216;249;;;;17383;2865;2865
MJET PREFABRÝK Ç.YOLU ADIYAMAN;DOÐU/G.DOÐU ANADOLU;230;MJET;9;M-JET;7894;37.77428;38.25247;Yeni Mah. 3. Çevre Yolu No:357;2;0;ADIYAMAN;MERKEZ;12.05.2023;Hayýr;;250;300;Evet;;;;2866;2866
AKPINAR CD ÝNEGÖL BURSA M;GÜNEY MARMARA;1;MÝGROS;6;SELF SERVÝS M;7895;40.09464979;29.52221201;Ertuðrulgazi Mah. Akpýnar Cad No:28/A;16;8;BURSA;ÝNEGÖL;16.02.2024;Hayýr;;344;466;;;;16393;2867;2867
NALLIHAN ANKARA M MÝGROS;ÝÇ ANADOLU;1;MÝGROS;7;M ANADOLU;7896;40.193562;31.348566;Hacýbey Mah.Ankara Ýstanbul Yolu Cad No:141/2;6;22;ANKARA;NALLIHAN;26.05.2023;Hayýr;;422;499;;;;16864;2868;2868
Y.BEYAZIT MH. SARIÇAM ADANA M;DOÐU AKDENÝZ;1;MÝGROS;6;SELF SERVÝS M;7897;37.025662;35.399941;Yýldýrým Beyazýt Mah Kozan Bulv A Blok;1;14;ADANA;SARIÇAM;23.06.2023;Hayýr;;385;505;;;;16314;2869;2869
M.SÝNAN MH PURSAKLAR ANKARA MM;ÝÇ ANADOLU;1;MÝGROS;2;MM;7898;40.044013;32.888294;Mimar Sinan Mah. Özler Sok. No: 1B-AD;6;25;ANKARA;PURSAKLAR;16.06.2023;Hayýr;;691;1054;;;;16411;2870;2870
ÜÇEVLER MH ESENYURT ÝSTANBUL M;BATI MARMARA;1;MÝGROS;7;M ANADOLU;7899;41.030984;28.68124;Üçevler Mah. 955 Sokak no :1/123;34;38;ÝSTANBUL;ESENYURT;12.07.2023;Hayýr;;340;545;;;;16834;2871;2871
TURHAL TOKAT M MÝGROS;KARADENÝZ/KUZEYD.AND;1;MÝGROS;5;SERVÝS REYONLU M;7900;40.383513;36.062655;Cumhuriyet Mah. Cumhuriyet Cad. No: 162B;60;9;TOKAT;TURHAL;26.05.2023;Hayýr;;647;853;;;;13166;2872;2872
ILGAZ ÇANKIRI M MÝGROS;ÝÇ ANADOLU;1;MÝGROS;7;M ANADOLU;7901;40.921021;33.623203;Gazi Dede Mah Þehit Cemil Çelik Cad No: 24A;18;5;ÇANKIRI;ILGAZ;24.05.2023;Hayýr;;425;525;;;;16660;2873;2873
SARIGERME ORTACA MUÐLA M;GÜNEY EGE;1;MÝGROS;5;SERVÝS REYONLU M;7902;36.711578;28.702716;Sarýgerme Mah Hürriyet Cad No:75/B-C-D-E-F;48;9;MUÐLA;ORTACA;12.05.2023;Hayýr;;362;660;;;6854;12059;2874;2874
MJET AYVALI MAH. ETLÝK ANKARA;ÝÇ ANADOLU;230;MJET;9;M-JET;7903;39.972556;32.819254;Ayvalý Mah. Gazze Cad. No: 21A/A;6;5;ANKARA;KEÇÝÖREN;31.05.2023;Hayýr;;308;470;;;;16863;2875;2875
MJET STAD SK ÝNEBOLU KASTAMONU;ÝÇ ANADOLU;230;MJET;9;M-JET;7904;41.971789;33.757722;Aþaðýhatipbaðý Mah. Stad Sok. No:5A;37;13;KASTAMONU;ÝNEBOLU;22.06.2023;Hayýr;;157;312;;;;16538;2876;2876
KOYUNDERE MENEMEN ÝZMÝR M;KUZEY EGE;1;MÝGROS;6;SELF SERVÝS M;7905;38.575569;27.06231;Cumhuriyet Mah.Çanakkale Asfaltý No:170A-172A;35;22;ÝZMÝR;MENEMEN;26.05.2023;Hayýr;;468;956;;;;16769;2877;2877
AVRUPA KONUTLARI KAYAÞEHÝR M;BATI MARMARA;1;MÝGROS;6;SELF SERVÝS M;7906;41.125957;28.771465;Kayabaþý Mah. Kayaþehir Bulvarý Avrupa Konutlarý;34;35;ÝSTANBUL;BAÞAKÞEHÝR;23.05.2023;Hayýr;;508;872;;;6025;;2878;2878
G.O.P TOKAT MM MÝGROS;KARADENÝZ/KUZEYD.AND;1;MÝGROS;2;MM;7907;40.325583;36.553783;Yeni Mah G.O.P Bulvarý No:35-A;60;0;TOKAT;MERKEZ;23.06.2023;Hayýr;;900;2625;;;;;2879;2879
HACI HASAN MERZÝFON AMASYA MM;KARADENÝZ/KUZEYD.AND;1;MÝGROS;2;MM;7908;40.869412;35.46486;Hacý Hasan Mah. Cumhuriyet Cad. No: 55-B M;5;4;AMASYA;MERZÝFON;19.08.2023;Hayýr;;790;1580;;;;;2880;2880
FEVZÝ ÇAKMAK MH TURHAL TOKAT M;KARADENÝZ/KUZEYD.AND;1;MÝGROS;5;SERVÝS REYONLU M;7910;40.383784;36.067064;Maraþal Fevzi Çakmak Mah. Cumhuriyet Cad. No:87/A;60;9;TOKAT;TURHAL;15.08.2023;Hayýr;;509;1295;;;;;2882;2882
EREK CAD. ERBAA TOKAT MM;KARADENÝZ/KUZEYD.AND;1;MÝGROS;2;MM;7912;40.67334;36.570103;Cumhuriyet Mah. Erek Cad. No: 24/Z101-Z102;60;4;TOKAT;ERBAA;25.08.2023;Hayýr;;1007;1653;;;;;2884;2884
YÝMPAÞ AVM YOZGAT MM MÝGROS;ÝÇ ANADOLU;1;MÝGROS;2;MM;7913;39.824777;34.818532;Erdoðan Akdað Mah. Þehit Mustafa Doðan Cad.;66;0;YOZGAT;MERKEZ;23.06.2023;Hayýr;;1111;1659;;;;;2885;2885
BOZYAZI MERSÝN M MÝGROS;BATI AKDENÝZ;1;MÝGROS;5;SERVÝS REYONLU M;7915;36.102144;32.975955;Merkez Mah.Alparsal Türkeþ Bulv. A Blok No:233/A B;33;3;MERSÝN;BOZYAZI;1.06.2023;Hayýr;;310;566;;;4108;;2886;2886
MJET FSM CAD YENÝÞAKRAN ÝZMÝR;KUZEY EGE;230;MJET;9;M-JET;7917;38.883308;27.067607;Yeniþakran Mah. Fatih Sultan Mehmet Cd. No:57;35;10;ÝZMÝR;ALÝAÐA;23.06.2023;Hayýr;;291;389;;;;17334;2887;2887
MJET MALTEPE MAH. ANKARA;ÝÇ ANADOLU;230;MJET;9;M-JET;7918;39.924285;32.845909;Maltepe Mah. Þehit Gönenç Cad. 5 Ýç Kapý No:41;6;2;ANKARA;ÇANKAYA;22.06.2023;Hayýr;;310;390;;;;17042;2888;2888
ÖLÜDENÝZ FETHÝYE MUÐLA MM;GÜNEY EGE;1;MÝGROS;2;MM;7919;36.57215;29.14514;Ölüdeniz Mah. Atatürk Cad. No: 124;48;4;MUÐLA;FETHÝYE;23.06.2023;Hayýr;;738;971;;3;;17200;2889;2889
MJET DEMÝRCÝ MANÝSA;KUZEY EGE;230;MJET;9;M-JET;7920;39.048555;28.660279;Hacýhamza Mh. Üniversite Cd No:22/A;45;4;MANÝSA;DEMÝRCÝ;27.10.2023;Hayýr;;231;429;;;;16091;2890;2890
BEÞKÖPRÜ ORTACA MUÐLA M MÝGROS;GÜNEY EGE;1;MÝGROS;6;SELF SERVÝS M;7921;36.835997;28.761684;Beþköprü Mh. 119 Sk. No:1;48;9;MUÐLA;ORTACA;21.07.2023;Hayýr;;352;550;;;;17076;2891;2891
MJET ACISU MANAVGAT ANTALYA PO;BATI AKDENÝZ;230;MJET;255;MJET-ÝSTASYON;7930;36.77027;31.424997;Sorgun Mah. Sorgun Bulv. Side Sorgun Yolu Kavþaðý;7;13;ANTALYA;MANAVGAT;9.06.2023;Hayýr;;71;87;;;;17333;2892;2892
KONAKLI ÇEVREYOLU ANTALYA M;BATI AKDENÝZ;1;MÝGROS;6;SELF SERVÝS M;7931;36.584678;31.890439;Konaklý Mah. Mustafa Kemal Bulvarý No:84A;7;2;ANTALYA;ALANYA;14.06.2023;Hayýr;;462;609;;;;15656;2893;2893
METROPORT AVM ÝSTANBUL MM;BATI MARMARA;1;MÝGROS;2;MM;7932;40.99574;28.86267;Metroport Avm Eski Londra Asfaltý Kültür Sok. No:1;34;4;ÝSTANBUL;BAHÇELÝEVLER;20.06.2023;Hayýr;;700;1380;;;3317;;2894;2894
BOÐAZLIYAN YOZGAT M MÝGROS;ÝÇ ANADOLU;1;MÝGROS;7;M ANADOLU;7933;39.186707;35.243003;Aþaðý Mah. Þevket Hokkaömeroðlu Bulv. No:11;66;3;YOZGAT;BOÐAZLIYAN;9.06.2023;Hayýr;;519;1555;;;;16431;2895;2895
MJET SAHÝL ENEZ EDÝRNE;BATI MARMARA;230;MJET;9;M-JET;7935;40.663958;26.068648;Gaziömerbey Mah. Fatih Cad. No:24;22;1;EDÝRNE;ENEZ;15.06.2023;Hayýr;;162;240;Evet;;;17061;2896;2896
ZARA SÝVAS M MÝGROS;KARADENÝZ/KUZEYD.AND;1;MÝGROS;7;M ANADOLU;7936;39.895136;37.758204;Kýzýlýrmak Mah. Atatürk Cad. No:B1/C1;58;16;SÝVAS;ZARA;22.06.2023;Hayýr;;485;788;;;;16026;2897;2897
BAÐDAT CAD.KAYSERÝ M MÝGROS;DOÐU AKDENÝZ;1;MÝGROS;6;SELF SERVÝS M;7937;38.742473;35.454291;Turgut Reis Mah. Baðdat Cad. No:204/a;38;1;KAYSERÝ;KOCASÝNAN;8.06.2023;Hayýr;;348;835;;;;16377;2898;2898
HAYMANA ANKARA M MÝGROS;ÝÇ ANADOLU;1;MÝGROS;7;M ANADOLU;7938;39.439464;32.503912;Yeni Mah. Ankara Cad. No: 49A;6;18;ANKARA;HAYMANA;22.06.2023;Hayýr;;368;491;;;;17125;2899;2899
PARK MOGAN GÖLBAÞI ANKARA M;ÝÇ ANADOLU;1;MÝGROS;5;SERVÝS REYONLU M;7939;39.794144;32.794778;Karþýyaka Mah. Haymana Bulvarý No:152A;6;4;ANKARA;GÖLBAÞI;15.06.2023;Hayýr;;526;637;;;;16895;2900;2900
ÞEKER MH ETÝMESGUT ANKARA M;ÝÇ ANADOLU;1;MÝGROS;7;M ANADOLU;7940;39.952232;32.668968;Etiler Mah. Etiler Cad. No: 22A;6;3;ANKARA;ETÝMESGUT;8.06.2023;Hayýr;;379;478;;;;16451;2901;2901
MJET ALTINYOL CD BURHANIYE BLK;KUZEY EGE;230;MJET;9;M-JET;7941;39.524259;26.945967;Ali Çetinkaya Mah.Altýnyol Cad. No:16A;10;5;BALIKESÝR;BURHANÝYE;21.07.2023;Hayýr;;245;379;Evet;;;17606;2902;2902
MJET CUMHURÝYET MH. ÇANAKKALE;GÜNEY MARMARA;230;MJET;9;M-JET;7942;40.098696;26.399812;Kepez Beldesi Cumhuriyet Mah.Vali Mustafa Bey Cd.;17;0;ÇANAKKALE;MERKEZ;21.07.2023;Hayýr;;270;444;;;;17003;2903;2903
MION BAÐDAT CAD. MALTEPE ÝST;DOÐU MARMARA;237;MION;247;MION;7944;40.922065;29.135243;Baðlarbaþý Mah.Baðdat Cad No: 394A 394B;34;20;ÝSTANBUL;MALTEPE;23.06.2023;Hayýr;;151;265;;;;17090;2904;2904
MION AYDINLIKEVLER ANKARA;ÝÇ ANADOLU;237;MION;247;MION;7945;39.962208;32.877682;Aydýnlýkevler Mah. Çevreli Cad. No:39A;6;1;ANKARA;ALTINDAÐ;14.06.2023;Hayýr;;167;258;;;;17258;2905;2905
MION GÖKTÜRK ÝSTANBUL;BATI MARMARA;237;MION;247;MION;7946;41.178922;28.891141;Göktürk Mah. Cumhuriyet Cad. No:10-B;34;12;ÝSTANBUL;EYÜPSULTAN;16.06.2023;Hayýr;;109;234;;;;17355;2906;2906
MION KURTULUÞ ÞÝÞLÝ ÝST;BATI MARMARA;237;MION;247;MION;7947;41.050245;28.982508;Bozkurt Mah.Kurtuluþ Cad. No:69/B;34;23;ÝSTANBUL;ÞÝÞLÝ;21.07.2023;Hayýr;;170;208;;;;17330;2907;2907
ÝZZET ÖZÝLHAN TOMARZA KAYS M;DOÐU AKDENÝZ;1;MÝGROS;7;M ANADOLU;7948;38.443929;35.79656;Yavuz Selim Mah. Ýzzet Özilhan Bulv. No:176/A;38;14;KAYSERÝ;TOMARZA;28.07.2023;Hayýr;;310;579;;;;16158;2908;2908
DALYAN MARÝNA ÝZMÝR MACROKIOSK;KUZEY EGE;235;MACROKIOSK;243;MACROKIOSK;7950;38.35574;26.313049;Dalyan Mh. 4218 sk. no:52/1;35;14;ÝZMÝR;ÇEÞME;23.06.2023;Hayýr;;108;131;Evet;;;17624;2909;2909
MJET KURTKÖY BAÞKALE SK ÝST PO;DOÐU MARMARA;230;MJET;255;MJET-ÝSTASYON;7951;40.913822;29.303314;Kurtköy Mah. Baþkale Sk No:1;34;21;ÝSTANBUL;PENDÝK;13.06.2023;Hayýr;;72;117;;;;18004;2910;2910
ARSLANBEY KARTEPE KOCAELÝ M;DOÐU MARMARA;1;MÝGROS;7;M ANADOLU;7952;40.704424;30.02328;Ataþehir Mah. Ýzmit Cad. No:130 - 2;41;12;KOCAELÝ;KARTEPE;23.06.2023;Hayýr;;447;563;;;;17487;2911;2911
MJET TÜRKEVLERÝ MÝLAS MUÐLA;GÜNEY EGE;230;MJET;9;M-JET;7953;37.028809;27.889016;Türkevleri Mh. Merkez 16 Sk.;48;8;MUÐLA;MÝLAS;22.09.2023;Hayýr;;286;391;;;;14286;2912;2912
BULVAR ANGORA ANKARA MM;ÝÇ ANADOLU;1;MÝGROS;2;MM;7954;39.887321;32.7180553;Mutlukent Mah Angora Bulvarý No: 118-120;6;2;ANKARA;ÇANKAYA;7.09.2023;Hayýr;;760;1208;;;;;2913;2913
YUKARI DÝKMEN MAH. ANKARA MM;ÝÇ ANADOLU;1;MÝGROS;2;MM;7956;39.8537934;32.8473066;Yukarý Dikmen Mah 639 Cadde No: 7A-7B-7C;6;2;ANKARA;ÇANKAYA;14.12.2023;Hayýr;;585;1040;;1;;;2914;2914
DENÝZ MARKET TURUNCU M MÝGROS;GÜNEY EGE;1;MÝGROS;6;SELF SERVÝS M;7957;36.7482;28.943663;Bozburun Mh.;48;7;MUÐLA;MARMARÝS;15.07.2023;Hayýr;;52;65;Evet;;;;2915;2915
ÇAMLIK DÝDÝM AYDIN MACROKIOSK;GÜNEY EGE;235;MACROKIOSK;243;MACROKIOSK;7958;37.356445;27.275781;Çamlýk Mh. Atatürk Blv. No:5B-5C;9;4;AYDIN;DÝDÝM;23.06.2023;Hayýr;;117;179;;;;17705;2916;2916
YALIÇÝFTLÝK MUÐLA MACROKIOSK;GÜNEY EGE;235;MACROKIOSK;243;MACROKIOSK;7959;36.993805;27.530778;Çiftlik Mh. Yalýçiftlik Cd. no: 27A/2-27A/4;48;1;MUÐLA;BODRUM;23.06.2023;Hayýr;;90;107;;;;17301;2917;2917
KÖRPEÞLER MAH DÜZCE MM;GÜNEY MARMARA;1;MÝGROS;2;MM;7960;40.856543;31.150167;Körpeþler Mah. 1436 Sokak No:10/1A;81;0;DÜZCE;MERKEZ;26.10.2023;Hayýr;;813;1045;;3;;17140;2918;2918
MJET SARPER ÝZMÝT KOCAELÝ;DOÐU MARMARA;230;MJET;9;M-JET;7961;40.77984976;29.92781345;Orhan Mah. Ýsmail Gaspralý Cad. No:63;41;11;KOCAELÝ;ÝZMÝT;22.12.2023;Hayýr;;186;336;;;;17141;2919;2919
ARABACIALANI MAH SAKARYA MM;GÜNEY MARMARA;1;MÝGROS;2;MM;7962;40.7741323;30.3575856;Arabacýalaný Mah. Þehit Mehmet Kabaþoðlu Cad;54;16;SAKARYA;SERDÝVAN;29.12.2023;Hayýr;;920;1306;;;;17346;2920;2920
ÝPSALA GÜMRÜK EDÝRNE M;BATI MARMARA;1;MÝGROS;6;SELF SERVÝS M;7964;40.92216261;26.3490231;Bayrambey Mah. Gümrük Kümeevleri No:12/1;22;3;EDÝRNE;ÝPSALA;23.06.2023;Hayýr;;341;504;;;;16287;2921;2921
KARATAÞ GAZÝANTEP MM MÝGROS;DOÐU AKDENÝZ;1;MÝGROS;2;MM;7965;37.014855;37.369705;Akkent Mah.134012 Nolu Cad. B Blok;27;1;GAZÝANTEP;ÞAHÝNBEY;22.09.2023;Hayýr;;810;1848;;;;16041;2922;2922
MJET EÐRÝTAÞ GELÝBOLU ÇAN.;GÜNEY MARMARA;230;MJET;9;M-JET;7966;40.430238;26.684615;Hoca Hamza Mah. Þehit Ýsmail Türe Cd. No: 54A;17;8;ÇANAKKALE;GELÝBOLU;23.06.2023;Hayýr;;255;351;;;;16991;2923;2923
NÝHATBEY CADDESÝ GÝRESUN M;KARADENÝZ/KUZEYD.AND;1;MÝGROS;6;SELF SERVÝS M;7967;40.906228;38.415096;Gedikkaya Mah. Nihatbey Cad. C Blok No:117-119;28;0;GÝRESUN;MERKEZ;23.06.2023;Hayýr;;395;755;;;;15304;2924;2924
MJET ÝÐNEADA SAHÝL KIRKLARELÝ;BATI MARMARA;230;MJET;9;M-JET;7968;41.87743546;27.98705114;Ýðneada Beldesi Deniz Mah. Selvi Sok. No:5A;39;2;KIRKLARELÝ;DEMÝRKÖY;7.09.2023;Hayýr;;345;473;;;;;2925;2925
4 EYLÜL MAH. KULA MANÝSA M;KUZEY EGE;1;MÝGROS;6;SELF SERVÝS M;7969;38.541981;28.636207;4 Eylül Mah. Tapduk Emre Cad. No:65/1B;45;9;MANÝSA;KULA;23.06.2023;Hayýr;;422;562;;;;16680;2926;2926
CAMÝKEBÝR ÞARKÖY TEKÝRDAÐ M;BATI MARMARA;1;MÝGROS;6;SELF SERVÝS M;7970;40.61543813;27.10955836;Camikebir Mah. Arif Hikmet Cad. No:130;59;8;TEKÝRDAÐ;ÞARKÖY;3.08.2023;Hayýr;;326;409;;;;17005;2927;2927
TAÞOVA AMASYA M MÝGROS;KARADENÝZ/KUZEYD.AND;1;MÝGROS;7;M ANADOLU;7971;40.762996;36.320071;Cumhuriyet Mah. Atatürk Bulv. No:53/C-D-E;5;6;AMASYA;TAÞOVA;12.07.2023;Hayýr;;361;618;;;;16600;2928;2928
MION KAZASKER KADIKÖY ÝST;DOÐU MARMARA;237;MION;247;MION;7972;40.969485;29.084751;19 Mayýs Mah. Þemsettin Günaltay Cad. No:133 B;34;16;ÝSTANBUL;KADIKÖY;11.07.2023;Hayýr;;176;288;;;;17359;2929;2929
OBA DREAMS ALANYA ANTALYA M;BATI AKDENÝZ;1;MÝGROS;6;SELF SERVÝS M;7973;36.537072;32.055591;Oba Mah. Bedenliler Sok. 18 BA, BB;7;2;ANTALYA;ALANYA;28.07.2023;Hayýr;;367;562;;;;15911;2930;2930
TOPTAN ANTAKYA HATAY;DOÐU AKDENÝZ;231;TOPTAN SATIÞ;230;TOPTAN SATIÞ;7974;36.228182;36.164725;Odabaþý Mah. Atatürk 10 Sokak No:59;31;12;HATAY;ANTAKYA;29.09.2023;Hayýr;;718;1323;;;6806;;2931;2931
BAÐLAR MH. BURDUR M MÝGROS;BATI AKDENÝZ;1;MÝGROS;6;SELF SERVÝS M;7975;37.725259;30.280285;Burdur Merkez Baðlar Mah 14034 Sokak No:21D;15;0;BURDUR;MERKEZ;21.07.2023;Hayýr;;428;798;;;;17209;2932;2932
MJET BUHARKENT AYDIN;GÜNEY EGE;230;MJET;9;M-JET;7976;37.963818;28.743918;Üçeylül Mah 12 Sokak No:2/A;9;2;AYDIN;BUHARKENT;23.06.2023;Hayýr;;257;417;;;;17755;2933;2933
MJET ÝSTÝKLAL ÞARKÖY TEKÝRDAÐ;BATI MARMARA;230;MJET;9;M-JET;7977;40.61502994;27.11548595;Ýstiklal Mah. Atatürk Cad. No:2 A;59;8;TEKÝRDAÐ;ÞARKÖY;15.09.2023;Hayýr;;144;262;;;;17499;2934;2934
MJET ÞERÝFALÝ QUATTRO ÝSTANBUL;DOÐU MARMARA;230;MJET;9;M-JET;7978;41.002147;29.140126;Tatlýsu Mah. Turgut Özal Bul. No: 110 B Blok;34;25;ÝSTANBUL;ÜMRANÝYE;22.06.2023;Hayýr;;361;478;;;;16713;2935;2935
ÝBN-Ý SÝNA MAH. GAZÝANTEP M;DOÐU AKDENÝZ;1;MÝGROS;6;SELF SERVÝS M;7979;37.015605;37.375275;Akkent Mah. Þehit Bünyamin Dinç Cd. A Blok;27;1;GAZÝANTEP;ÞAHÝNBEY;26.10.2023;Hayýr;;467;783;;;;16040;2936;2936
SAMSUN MM MÝGROS;KARADENÝZ/KUZEYD.AND;1;MÝGROS;2;MM;798;41.270555;36.351367;Kuzeyyýldýzý Mah. Ali Rýza Bey Bulvarý No:2;55;16;SAMSUN;CANÝK;24.12.1999;Hayýr;250;1082;2567;;3;;;2937;2937
BAFRA ADLÝYE SAMSUN M MÝGROS;KARADENÝZ/KUZEYD.AND;1;MÝGROS;6;SELF SERVÝS M;7980;41.561071;35.905607;Emirefendi mah. Emirefendi Bulvarý no: 10 / 1;55;4;SAMSUN;BAFRA;16.06.2023;Hayýr;;277;462;;;;17929;2938;2938
ATAKENT YÜREÐÝR ADANA M;DOÐU AKDENÝZ;1;MÝGROS;7;M ANADOLU;7981;36.987421;35.367515;Atakent Mah. Ege Baðatur Bulv No:8/1A;1;2;ADANA;YÜREÐÝR;17.08.2023;Hayýr;;440;716;;;;;2939;2939
MERKEZ OSMANÝYE M MÝGROS;DOÐU AKDENÝZ;1;MÝGROS;7;M ANADOLU;7982;37.067929;36.242477;Raufbey Mah Atatürk Cad DýþKapý No:296 A Blok;80;0;OSMANÝYE;MERKEZ;26.06.2023;Hayýr;;357;588;;;;17067;2940;2940
YAPI HOME ERENLER SAKARYA M;DOÐU MARMARA;1;MÝGROS;6;SELF SERVÝS M;7983;40.75354763;30.4156036;Yeni Mah. Sakarya Cad. No:323/A;54;15;SAKARYA;ERENLER;8.12.2023;Hayýr;;340;571;;;;17356;2941;2941
GARÝPLÝK CD ELBÝSTAN K.MARAÞ M;DOÐU AKDENÝZ;1;MÝGROS;7;M ANADOLU;7984;38.198773;37.186252;Köprübaþý Mah. Gariplik Cad No 79A;46;5;KAHRAMANMARAÞ;ELBÝSTAN;23.06.2023;Hayýr;;347;410;;;;17437;2942;2942
ATATÜRK MH. ÝSLAHÝYE G.ANTEP M;DOÐU AKDENÝZ;1;MÝGROS;5;SERVÝS REYONLU M;7985;37.026955;36.637821;Atatürk Mah. Barazi Cad. Zemin Kat Bina No:7;27;4;GAZÝANTEP;ÝSLAHÝYE;27.06.2023;Hayýr;;469;680;;;;17659;2943;2943
ELAZIÐ YAZIKONAK M MÝGROS;DOÐU/G.DOÐU ANADOLU;1;MÝGROS;7;M ANADOLU;7986;38.612913;39.303647;Yazýkonak Sanayi Mah. Deniz Sok. Bina No:2;23;0;ELAZIÐ;MERKEZ;23.06.2023;Hayýr;;346;439;;;;17719;2944;2944
MJET PAZARYERÝ FETHÝYE MUÐLA;GÜNEY EGE;230;MJET;9;M-JET;7988;36.625519;29.145969;Pazaryeri Mah.Patlangýç Ölüdeniz Cad. No:26A-26B;48;4;MUÐLA;FETHÝYE;14.07.2023;Hayýr;;271;370;;;;17761;2945;2945
ONUR MH BAYRAKLI ÝZMÝR M;KUZEY EGE;1;MÝGROS;5;SERVÝS REYONLU M;7989;38.481685;27.127106;Onur Mah.7334 Sokak No:60 A;35;29;ÝZMÝR;BAYRAKLI;28.07.2023;Hayýr;;385;901;;;;17188;2946;2946
FATÝH TERÝM CD.KEPEZ ANTALYA M;BATI AKDENÝZ;1;MÝGROS;7;M ANADOLU;7990;36.976109;30.708878;Aydoðmuþ Mah. Fatih Terim Cad.No: 28/A-B;7;17;ANTALYA;KEPEZ;26.07.2023;Hayýr;;338;744;;;;16008;2947;2947
ÇARÞAMBA SAMSUN M MÝGROS;KARADENÝZ/KUZEYD.AND;1;MÝGROS;6;SELF SERVÝS M;7991;41.201339;36.727434;Orta Mah. Atatürk Cad. No:22/A-B;55;5;SAMSUN;ÇARÞAMBA;7.07.2023;Hayýr;;585;726;;;6773;11401;2948;2948
MJET MERKEZ YOLU AVCILAR ÝST;BATI MARMARA;230;MJET;9;M-JET;7992;40.9746628;28.71705237;Ambarlý Mah. Cumhuriyet Cad. No: 37/A-B;34;2;ÝSTANBUL;AVCILAR;28.07.2023;Hayýr;;262;347;;;;16065;2949;2949
AÐVA YAKUPLU CAD.ÝSTANBUL MM;DOÐU MARMARA;1;MÝGROS;2;MM;7993;41.136715;29.849303;Aðva Merkez Mah. Yakuplu Cad. No:53;34;32;ÝSTANBUL;ÞÝLE;15.09.2023;Hayýr;;640;943;;;;17205;2950;2950
ÞABANÖZÜ ÇANKIRI M MÝGROS;ÝÇ ANADOLU;1;MÝGROS;7;M ANADOLU;7994;40.481562;33.281762;Saðlýk Mah. Asya Sokak No: 7/17;18;10;ÇANKIRI;ÞABANÖZÜ;14.07.2023;Hayýr;;359;678;;;;17401;2951;2951
KANLICA MH AFYONKARAHÝSAR M;ÝÇ ANADOLU;1;MÝGROS;6;SELF SERVÝS M;7995;38.741316;30.547831;Kanlýca Mah. 250 Sokak No:3A;3;0;AFYONKARAHÝSAR;MERKEZ;7.07.2023;Hayýr;;362;587;;;;16818;2952;2952
BALAT BURSA MACROKIOSK;GÜNEY MARMARA;235;MACROKIOSK;243;MACROKIOSK;7996;40.27420469;28.93842571;Ahmet Yesevi Mah. AKEL SOK. NO: 3B/A-B;16;1;BURSA;NÝLÜFER;25.10.2023;Hayýr;;110;142;;;;17348;2953;2953
M. AKÝF ERSOY BANDIRMA BLK M;GÜNEY MARMARA;1;MÝGROS;6;SELF SERVÝS M;7997;40.351021;27.966492;Paþabayýr Mah. Mehmet Akif Ersoy Cad. No:11;10;3;BALIKESÝR;BANDIRMA;31.08.2023;Hayýr;;366;1188;;;;17881;2954;2954
SOYAK Y.ÞEHÝR ÝST MACROKIOSK;DOÐU MARMARA;235;MACROKIOSK;243;MACROKIOSK;7999;41.008727;29.117752;Site Mah. Cevahir Cad. No:9/A;34;25;ÝSTANBUL;ÜMRANÝYE;10.08.2023;Hayýr;;72;87;;;;18076;2955;2955
MANAVGAT ANTALYA MACROCENTER;BATI AKDENÝZ;4;MACROCENTER;9;MACROCENTER;8000;36.7939;31.4135;Sarýlar Mah. Antalya Cad. Dýþ Kapý No:16;7;13;ANTALYA;MANAVGAT;31.07.2023;Hayýr;;570;1742;;;;17642;2956;2956
ÞARAMPOL ANTALYA MACROKIOSK;BATI AKDENÝZ;235;MACROKIOSK;243;MACROKIOSK;8001;36.89690533;30.69804335;Muratpaþa Mh.Abdi Ýpekçi Cad.Kaçaroðlu Apt. No:32A;7;19;ANTALYA;MURATPAÞA;25.07.2023;Hayýr;;80;214;;;;17392;2957;2957
BEÞKÖPRÜ SERDÝVAN SAKARYA M;GÜNEY MARMARA;1;MÝGROS;6;SELF SERVÝS M;8002;40.73756435;30.34492405;Beþköprü Mah. Girne Cad. No:86/A;54;16;SAKARYA;SERDÝVAN;1.12.2023;Hayýr;;376;505;;;;17158;2958;2958
MJET DÖRTYOL MH AFYONKARAHÝSAR;ÝÇ ANADOLU;230;MJET;9;M-JET;8003;38.788212;30.507681;Dörtyol Mah. 2085 Sok. No:5C;3;0;AFYONKARAHÝSAR;MERKEZ;23.08.2023;Hayýr;;298;759;;;;16479;2959;2959
MJET FÝLYOS SAHÝL ZONGULDAK;ÝÇ ANADOLU;230;MJET;9;M-JET;8004;41.561876;32.020522;Filyos/Hisarönü Mahallesi Park 6 Sokak No: 2/1A;67;2;ZONGULDAK;ÇAYCUMA;20.07.2023;Hayýr;;196;425;Evet;;;17145;2960;2960
ÇEÞME SAHÝL MACROKIOSK;KUZEY EGE;235;MACROKIOSK;243;MACROKIOSK;8014;38.32439;26.313408;16 Eylül Mah. 3052 Sokak No:12A;35;14;ÝZMÝR;ÇEÞME;19.07.2023;Hayýr;;69;89;;;;18008;2961;2961
KASIMPAÞA MEYDAN ÝSTANBUL M;BATI MARMARA;1;MÝGROS;7;M ANADOLU;8015;41.034007;28.967755;Camiikebir Mah Dörtkuyu Cad. 3B;34;9;ÝSTANBUL;BEYOÐLU;21.12.2023;Hayýr;;350;400;;;;16956;2962;2962
ÝNCEK ATABÝLGE ANKARA MM;ÝÇ ANADOLU;1;MÝGROS;2;MM;8016;39.802011;32.711786;Kýzýlcaþar Mah. 4200. Cad. 39FG;6;4;ANKARA;GÖLBAÞI;1.08.2023;Hayýr;;858;1095;;;;16894;2963;2963
ORTAKÖY AKSARAY M;ÝÇ ANADOLU;1;MÝGROS;7;M ANADOLU;8018;38.730803;34.033696;Ýstiklal Mah. Ýhsan Özmen Bulv No.205/B;68;5;AKSARAY;ORTAKÖY;4.08.2023;Hayýr;;502;1101;;;;16651;2964;2964
MION KÝPA AVM BALÇOVA ÝZMÝR;KUZEY EGE;237;MION;247;MION;8019;38.395119;27.041555;Bahçelerarasý Mah. Mitpaþa Cad. No:46/Z17-Z18;35;1;ÝZMÝR;BALÇOVA;15.09.2023;Hayýr;;211;243;;;;17282;2965;2965
MJET AKÇAY KIZILCAHAM ANK;ÝÇ ANADOLU;230;MJET;9;M-JET;8020;40.470278;32.649704;Akçay Mah. Ankara Cad. No: 25B;6;21;ANKARA;KIZILCAHAMAM;21.07.2023;Hayýr;;170;291;;;;17596;2966;2966
ÇEÞME GÖLHÝSAR BURDUR M;BATI AKDENÝZ;1;MÝGROS;6;SELF SERVÝS M;8021;37.152673;29.511857;Çeþme Mah.Demokrasi Cad. No:21 A / 21 B / 21 C;15;6;BURDUR;GÖLHÝSAR;25.08.2023;Hayýr;;295;502;;;;14839;2967;2967
MJET DUTLUK CD.KAGÝTHANE ÝST;BATI MARMARA;230;MJET;9;M-JET;8022;41.080586;28.999627;Telsizler Mah Dutluk Cad No:43;34;17;ÝSTANBUL;KAÐITHANE;20.10.2023;Hayýr;;216;287;;;;17909;2968;2968
CADDE 448 BÝRLÝK MH ANKARA M;ÝÇ ANADOLU;1;MÝGROS;5;SERVÝS REYONLU M;8023;39.877464;32.878608;Birlik Mah. 448. Cadde No: 48A;6;2;ANKARA;ÇANKAYA;31.08.2023;Hayýr;;575;862;;;;18002;2969;2969
KALKAN KALAMAR ANT MACROCENTER;BATI AKDENÝZ;4;MACROCENTER;9;MACROCENTER;8024;36.2652;29.4076;Kalkan Mah.Cumhuriyet Cad. Blok Dýþ Kapý No: 44/1A;7;9;ANTALYA;KAÞ;20.07.2023;Hayýr;;500;837;;;;16312;2970;2970
MION RAGIP TÜZÜN ANKARA;ÝÇ ANADOLU;237;MION;247;MION;8026;39.966016;32.810669;Ragýp Tüzün Mah. Ragýp Tüzün Cad. No: 123;6;8;ANKARA;YENÝMAHALLE;25.08.2023;Hayýr;;185;286;;;;17790;2971;2971
AZUR BEYLÝKDÜZÜ ÝSTANBUL MM;BATI MARMARA;1;MÝGROS;2;MM;8027;40.97643938;28.65630188;Mustafa Kemal Cd. 68 A, 34520 Beylikdüzü Osb;34;36;ÝSTANBUL;BEYLÝKDÜZÜ;6.09.2023;Hayýr;;887;1830;;;;17074;2972;2972
YAN YOL ATAKUM SAMSUN M;KARADENÝZ/KUZEYD.AND;1;MÝGROS;6;SELF SERVÝS M;8028;41.347878;36.245398;Yenimahalle Mah. Atatürk 3. Kýsým Bulvarý no:95A;55;15;SAMSUN;ATAKUM;8.08.2023;Hayýr;;325;625;;;;17911;2973;2973
TUZLUCA IÐDIR M;KARADENÝZ/KUZEYD.AND;1;MÝGROS;7;M ANADOLU;8029;40.042647;43.662337;Yukarý Mah. Iðdýr Cad. No:12;76;3;IÐDIR;TUZLUCA;24.07.2023;Hayýr;;469;917;;;;17449;2974;2974
CENTRAL BAZAAR ALANYA ANT M;BATI AKDENÝZ;1;MÝGROS;6;SELF SERVÝS M;8030;36.600769;31.815351;Türkler Mah. Atatürk Cad.;7;2;ANTALYA;ALANYA;25.08.2023;Hayýr;;367;561;;;;17651;2975;2975
MJET WEST PANORAMA KONYA;ÝÇ ANADOLU;230;MJET;9;M-JET;8031;37.957232;32.485502;Yazýr Mah. Beyhekim Cad. No:26 BC;42;3;KONYA;SELÇUKLU;4.08.2023;Hayýr;;270;428;;;;16962;2976;2976
MEYDAN AVM MANÝSA M MÝGROS;KUZEY EGE;1;MÝGROS;5;SERVÝS REYONLU M;8032;38.61054;27.38278;Uncubozköy Mah. 5515 Sk. No:41/10;45;17;MANÝSA;YUNUSEMRE;14.11.2023;Hayýr;;450;670;;3;;14928;2977;2977
MJET KIZILOT MANAVGAT ANTALYA;BATI AKDENÝZ;230;MJET;9;M-JET;8033;36.715469;31.564418;Kýzýlot Mah. Sahil_1. Dýþ Kapý No:31/1A;7;13;ANTALYA;MANAVGAT;31.08.2023;Hayýr;;256;389;;;;16455;2978;2978
MJET HANIMPINAR SELÝMÝYE MUÐLA;GÜNEY EGE;230;MJET;9;M-JET;8035;36.707397;28.089144;Selimiye Mah. Hanýmpýnar Küme Evler No: 247C;48;7;MUÐLA;MARMARÝS;5.04.2024;Hayýr;;129;184;;;;18199;2979;2979
MJET CUMHURÝYET MH KORU YALOVA;GÜNEY MARMARA;230;MJET;9;M-JET;8036;40.651076;29.142215;Cumhuriyet Mah. Uður Sok. No:4/1A KORU;77;3;YALOVA;ÇINARCIK;28.07.2023;Hayýr;;137;226;;;;16844;2980;2980
AKATLAR ÝSTANBUL MACROKIOSK;BATI MARMARA;235;MACROKIOSK;243;MACROKIOSK;8037;41.081255;29.026828;Akat Mah. Zeytinoðlu Cad. No:39C;34;7;ÝSTANBUL;BEÞÝKTAÞ;3.11.2023;Hayýr;;71;139;;;;17986;2981;2981
MJET ÞENTEPE POLATLI ANKARA;ÝÇ ANADOLU;230;MJET;9;M-JET;8038;39.561754;32.145722;Þentepe Mahallesi Belde Caddesi No:10BA;6;23;ANKARA;POLATLI;28.07.2023;Hayýr;;294;454;;;;16238;2982;2982
MJET 5000 EVLER KARABÜK;ÝÇ ANADOLU;230;MJET;9;M-JET;8039;41.239448;32.659311;5000 Evler Cumhuriyet Mah. 79. Cadde No: 33CC;78;0;KARABÜK;MERKEZ;8.09.2023;Hayýr;;258;333;;;;17161;2983;2983
GÜNEÞLER ADAPAZARI SAKARYA M;GÜNEY MARMARA;1;MÝGROS;7;M ANADOLU;8040;40.791344;30.426167;Güneþler Yeni Mah. Ankara Cad. No:309/A;54;13;SAKARYA;ADAPAZARI;20.10.2023;Hayýr;;347;425;;;;17382;2984;2984
MJET BAÐLARBAÞI MAH.YALOVA;GÜNEY MARMARA;230;MJET;9;M-JET;8041;40.63454249;29.26854296;Baðlarbaþý mahallesi kýnalý cad. No:1/D;77;0;YALOVA;MERKEZ;28.07.2023;Hayýr;;159;202;;;;18205;2985;2985
F. ÇAKMAK CD. GÖLCÜK KOCAELÝ M;DOÐU MARMARA;1;MÝGROS;6;SELF SERVÝS M;8046;40.718562;29.825784;Dumlupýnar Mah Mareþal Fevzi Çakmak Cad No:90/C;41;2;KOCAELÝ;GÖLCÜK;25.08.2023;Hayýr;;343;555;;;;17636;2986;2986
PTT EVLERÝ ADANA M MÝGROS;DOÐU AKDENÝZ;1;MÝGROS;7;M ANADOLU;8047;37.018651;35.365205;PTT Evleri Mah. Mimoza Cad. A Blok No:5/2A-2B;1;2;ADANA;YÜREÐÝR;19.09.2023;Hayýr;;346;408;;;;17950;2987;2987
MJET DEBBOY GÝRESUN;KARADENÝZ/KUZEYD.AND;230;MJET;9;M-JET;8048;40.916129;38.388675;Nizamiye Mah. AV.Bilal Demir Sok. Dýþ Kapý No:10;28;0;GÝRESUN;MERKEZ;4.08.2023;Hayýr;;197;377;;;;18633;2988;2988
N.HÝKMET CD ALTINOLUK BLK. M;KUZEY EGE;1;MÝGROS;6;SELF SERVÝS M;8049;39.569083;26.728843;ALTINOLUK Mah. 2014 Sok. E Apt. No: 2 /5 / 9;10;7;BALIKESÝR;EDREMÝT;25.08.2023;Hayýr;;363;476;;;;16893;2989;2989
MSÜ LEVENT ÝSTANBUL M MÝGROS;BATI MARMARA;1;MÝGROS;6;SELF SERVÝS M;8051;41.0931;29.00905;Konaklar Mah.Org.Ýzzettin Aksalur Cad No:157;34;7;ÝSTANBUL;BEÞÝKTAÞ;4.08.2023;Hayýr;;396;640;;;;17875;2990;2990
MJET ALANÖNÜ MH ESKÝÞEHÝR;ÝÇ ANADOLU;230;MJET;9;M-JET;8052;39.765319;30.531333;Alanönü Mah. Hicri Sezen Cad. No:14/A;26;13;ESKÝÞEHÝR;ODUNPAZARI;11.08.2023;Hayýr;;171;219;;;;16282;2991;2991
MJET PEHLÝVANLI BLV KIRIKKALE;ÝÇ ANADOLU;230;MJET;9;M-JET;8053;39.850292;33.509576;Kaletepe Mah. Alpaslan Pehlivanlý Bulvarý No:28A;71;0;KIRIKKALE;MERKEZ;29.08.2023;Hayýr;;258;497;;;;15771;2992;2992
MJET SAKARYA CD ESKÝÞEHÝR;ÝÇ ANADOLU;230;MJET;9;M-JET;8054;39.780621;30.51877;Cumhuriyet Mah. Sakarya-1 Cad No:77/A-B;26;14;ESKÝÞEHÝR;TEPEBAÞI;25.08.2023;Hayýr;;199;365;;;;17250;2993;2993
ÖREN YOLU BURHANÝYE BLK. M;KUZEY EGE;1;MÝGROS;6;SELF SERVÝS M;8055;39.502594;26.955831;Bahçelievler Mah Enver Gür Cad No:62/7;10;5;BALIKESÝR;BURHANÝYE;27.10.2023;Hayýr;;408;551;;;;16668;2994;2994
ENNTEPE AVM KONYA MM MÝGROS;ÝÇ ANADOLU;1;MÝGROS;2;MM;8056;37.887524;32.499826;KALENDERHANE MAH. ANKARA CADDESÝ NO: 70-B09;42;1;KONYA;KARATAY;5.10.2023;Hayýr;;1160;1494;;;;16610;2995;2995
ÜNÝVERSÝTE BÝNGÖL M MÝGROS;DOÐUKARDENZ/KUZEYDÐU;1;MÝGROS;7;M ANADOLU;8057;38.901719;40.48577;Selahaddin-i Eyyübi Mah. 1512.Caddesi  NO:7/B;12;0;BÝNGÖL;MERKEZ;17.08.2023;Hayýr;;427;1025;;;;18852;2996;2996
KÜKÜRTLÜ MH BELDE CD BURSA M;GÜNEY MARMARA;1;MÝGROS;6;SELF SERVÝS M;8058;40.207984;29.019356;Kükürtlü Mah. Belde Cad. No:4;16;2;BURSA;OSMANGAZÝ;8.08.2023;Hayýr;;405;552;;;5215;;2997;2997
BURSA MODERN M MÝGROS;GÜNEY MARMARA;1;MÝGROS;6;SELF SERVÝS M;8059;40.24553;29.08266;Demirtaþ Cumhuriyet Mah. 7.Cad. No:43 ÝCK 20;16;2;BURSA;OSMANGAZÝ;8.08.2023;Hayýr;;486;683;;;3568;;2998;2998
MJET KALÝTE BÝNGÖL;DOÐU/G.DOÐU ANADOLU;230;MJET;9;M-JET;8060;38.901632;40.502492;Þehit Mustafa Gündoðdu Mah.;12;0;BÝNGÖL;MERKEZ;17.08.2023;Hayýr;;234;588;;;;14532;2999;2999
SERÝNYOL ANTAKYA HATAY M;DOÐU AKDENÝZ;1;MÝGROS;7;M ANADOLU;8061;36.358216;36.209781;Serinyol Mah Hatay 2 Cad B Blok;31;12;HATAY;ANTAKYA;25.08.2023;Hayýr;;392;840;;;;16690;3000;3000
MION CEYHAN ADANA;DOÐU AKDENÝZ;237;MION;247;MION;8062;37.023642;35.818427;Burhaniye Mah Ýnöni Bulv Ýkram Apt No:45/Z03-Z04;1;4;ADANA;CEYHAN;5.10.2023;Hayýr;;149;312;;;;18649;3001;3001
MION ALEMDAR CD ÝZMÝT KOCAELÝ;DOÐU MARMARA;237;MION;247;MION;8063;40.76531262;29.92825695;Ömeraða Mah. Alemdar Cad.No:46 Z049 Þen Ýsmerkezi;41;11;KOCAELÝ;ÝZMÝT;21.08.2023;Hayýr;;95;243;;;;18093;3002;3002
MJET ANIT PARK ESKÝÞEHÝR;ÝÇ ANADOLU;230;MJET;9;M-JET;8064;39.7872;30.528757;Ömeraða Mah. Gazi Yakup Satar Cad. NO:165;26;14;ESKÝÞEHÝR;TEPEBAÞI;4.09.2023;Hayýr;;191;396;;;;17856;3003;3003
ALÝ AKSU EREÐLÝ KONYA M MÝGROS;ÝÇ ANADOLU;1;MÝGROS;6;SELF SERVÝS M;8065;37.498756;34.0438;Mehmet Akif Mah. Þehit Ali Aksu Cad. No:68AF;42;17;KONYA;EREÐLÝ;25.08.2023;Hayýr;;357;500;;;;17183;3004;3004
KEÇÝBORLU ISPARTA M MÝGROS;BATI AKDENÝZ;1;MÝGROS;6;SELF SERVÝS M;8066;37.942455;30.298238;Hasanbey Mah Fevzi Çakmak Cad No:1A-1B;32;6;ISPARTA;KEÇÝBORLU;18.08.2023;Hayýr;;281;443;;;;16937;3005;3005
AHÝ GÜVEN KIRÞEHÝR M MÝGROS;ÝÇ ANADOLU;1;MÝGROS;7;M ANADOLU;8067;39.144264;34.156434;Kuþdili Mah 1372 Sokak No:42;40;0;KIRÞEHÝR;MERKEZ;25.08.2023;Hayýr;;561;872;;;;16053;3006;3006
CUMHURÝYET DÝKÝLÝ ÝZMÝR MM;KUZEY EGE;1;MÝGROS;2;MM;8068;39.07749;26.890225;Cumhuriyet Mh, 304. Sokak. No:6;35;15;ÝZMÝR;DÝKÝLÝ;25.08.2023;Hayýr;;800;1264;;;;16979;3007;3007
MJET TOKÝ SÝLÝFKE MERSÝN;DOÐU AKDENÝZ;230;MJET;9;M-JET;8069;36.367556;33.939734;Toros Mah. Ýnce Mehmet Cad. No:61A;33;8;MERSÝN;SÝLÝFKE;20.09.2023;Hayýr;;203;307;;;;17654;3008;3008
ÇARÞIBAÞI GERZE SÝNOP M MÝGROS;KARADENÝZ/KUZEYD.AND;1;MÝGROS;5;SERVÝS REYONLU M;8070;41.800731;35.193465;Çarþý Mah. Zincirlikuyu Cad No: 40A / 40B;57;6;SÝNOP;GERZE;1.09.2023;Hayýr;;382;762;;;;15236;3009;3009
ARÝFÝYE SAKARYA M MÝGROS;GÜNEY MARMARA;1;MÝGROS;7;M ANADOLU;8071;40.71523;30.35019;Arifbey Mah Kudüs Cad No:49/A;54;14;SAKARYA;ARÝFÝYE;29.08.2023;Hayýr;;345;385;;;;16390;3010;3010
GAFFAR OKKAN BALIKESIR M;GÜNEY MARMARA;1;MÝGROS;6;SELF SERVÝS M;8072;39.659866;27.907153;Paþaalaný mah. A.Gaffar Okkan Caddesi No:24K;10;20;BALIKESÝR;KARESÝ;15.09.2023;Hayýr;;435;569;;;;17014;3011;3011
MJET TAÞLÝMAN ÇINARCIK YALOVA;GÜNEY MARMARA;230;MJET;9;M-JET;8073;40.646211;29.117648;Taþliman Mah. Aktoprak Cad. No:1/A-B;77;3;YALOVA;ÇINARCIK;25.08.2023;Hayýr;;280;413;;;;18595;3012;3012
ÞAHÝNKAYA ELAZIÐ M MÝGROS;DOÐU/G.DOÐU ANADOLU;1;MÝGROS;5;SERVÝS REYONLU M;8074;38.67973;39.165475;Çaydaçýra mah. Hacýömer Bilginoðlu cad. no:103/13;23;0;ELAZIÐ;MERKEZ;9.11.2023;Hayýr;;484;623;;;;13585;3013;3013
MJET YENÝKAPI SUR DÝYARBAKIR;DOÐU/G.DOÐU ANADOLU;230;MJET;9;M-JET;8075;37.910288;40.240853;Diyarbakýr Sus Yaþam Merkezi;21;16;DÝYARBAKIR;SUR;12.09.2023;Hayýr;;137;201;;;;18681;3014;3014
MION GAZÝ MUHTAR BLV G.ANTEP;DOÐU AKDENÝZ;237;MION;247;MION;8076;37.068035;37.368479;Deðirmiçem Mah. Gazimuhtar Paþa Bulv. No:17/F;27;2;GAZÝANTEP;ÞEHÝTKAMÝL;6.10.2023;Hayýr;;230;472;;;;16830;3015;3015
MION EYÜP ÝSTANBUL;BATI MARMARA;237;MION;247;MION;8077;41.049258;28.930859;Ýslambey Mah Fahrikortürk Cad No:53/A;34;12;ÝSTANBUL;EYÜPSULTAN;11.09.2023;Hayýr;;125;222;;;;18061;3016;3016
MÝMARSÝNAN MH NÝZÝP G.ANTEP M;DOÐU AKDENÝZ;1;MÝGROS;6;SELF SERVÝS M;8078;37.015101;37.806905;Mimarsinan Mah. Saðlýk Sok. No:2;27;6;GAZÝANTEP;NÝZÝP;10.10.2023;Hayýr;;379;569;;;;17948;3017;3017
MION T.ÖZAL BLV Ç.OVA ADANA;DOÐU AKDENÝZ;237;MION;247;MION;8079;37.039054;35.314835;Mahfesýðmaz Mah. Turgut Özal Bulv. No:47A;1;15;ADANA;ÇUKUROVA;4.09.2023;Hayýr;;226;246;;;;18716;3018;3018
MION TOROS CD SEYHAN ADANA;DOÐU AKDENÝZ;237;MION;247;MION;8080;37.001633;35.326889;Cemalpaþa Mah. Toros Caddesi Öznur Apt No:36A;1;1;ADANA;SEYHAN;29.09.2023;Hayýr;;106;126;;;;18664;3019;3019
ORDU CAD. GÜRPINAR ÝST. M;BATI MARMARA;1;MÝGROS;6;SELF SERVÝS M;8081;40.976292;28.614052;Dereaðzý Mah. Karacaoðlan Cd. No:106;34;36;ÝSTANBUL;BEYLÝKDÜZÜ;31.08.2023;Hayýr;;345;357;;;;16862;3020;3020
ATATÜRK CAD. GÜRPINAR ÝST. M;BATI MARMARA;1;MÝGROS;6;SELF SERVÝS M;8082;40.994693;28.607298;Gürpýnar Mah. Atatürk Cd No:22;34;36;ÝSTANBUL;BEYLÝKDÜZÜ;1.12.2023;Hayýr;;375;469;;;;18177;3021;3021
TURGUT ÖZAL CADDESÝ KONYA M;ÝÇ ANADOLU;1;MÝGROS;6;SELF SERVÝS M;8083;37.990179;32.491045;Beyhekim Mah. Turgut Özal Cad. No:7/N;42;3;KONYA;SELÇUKLU;22.09.2023;Hayýr;;508;746;;;;17677;3022;3022
MION ACIBADEM KÖPRÜ ÝSTANBUL;DOÐU MARMARA;237;MION;247;MION;8085;41.003166;29.044334;Acýbadem Mah. Acýbadem Cad. No:97-1;34;16;ÝSTANBUL;KADIKÖY;6.09.2023;Hayýr;;119;154;;;7021;12606;3023;3023
MJET EMEK MH. MILAS MUÐLA;GÜNEY EGE;230;MJET;9;M-JET;8086;37.29425;27.7811018;Emek Mh. Kuðu Sk. No:4;48;8;MUÐLA;MÝLAS;5.10.2023;Hayýr;;301;376;;;;16212;3024;3024
GÜMÜÞHACIKÖY AMASYA M MÝGROS;KARADENÝZ/KUZEYD.AND;1;MÝGROS;7;M ANADOLU;8087;40.878656;35.218394;Artýkabat Mah. Zübeyde Haným Bulvarý No:65;5;2;AMASYA;GÜMÜÞHACIKÖY;18.10.2023;Hayýr;;341;594;;;;16983;3025;3025
MION CEBECÝ MH SULTANGAZÝ ÝST;BATI MARMARA;237;MION;247;MION;8088;41.106818;28.860479;Cebeci Mah. Eski Edirne Asfaltý Cad. No:686D;34;40;ÝSTANBUL;SULTANGAZÝ;18.08.2023;Hayýr;;142;218;;;;18120;3026;3026
ALSANCAK K.ÞEH. ÝZM MACROKIOSK;KUZEY EGE;235;MACROKIOSK;243;MACROKIOSK;8089;38.436401;27.142872;Alsancak Mah. Kýbrýs Þehitler Cad. No:32A;35;8;ÝZMÝR;KONAK;15.09.2023;Hayýr;;60;100;;;;18604;3027;3027
MJET ÝKÝZÇAY AKÇAY BALIKESÝR;KUZEY EGE;230;MJET;9;M-JET;8090;39.58260578;26.94517299;ÝKÝZÇAY Mah. 18098 Sok. 2 GÝRÝÞ Apt. No: 3 B;10;7;BALIKESÝR;EDREMÝT;15.09.2023;Hayýr;;408;551;;;;13111;3028;3028
MJET BEÞKAVAKLAR CD ÇANKIRI;ÝÇ ANADOLU;230;MJET;9;M-JET;8091;40.59184;33.627765;Buðday Pazarý Mah Beþkavaklar Cad No: 31/13;18;0;ÇANKIRI;MERKEZ;31.08.2023;Hayýr;;239;309;;;;15264;3029;3029
MJET SANCAK KONYA;ÝÇ ANADOLU;230;MJET;9;M-JET;8092;37.967986;32.52216;Sancak Mah Veysel Karani Cad No:88;42;3;KONYA;SELÇUKLU;5.09.2023;Hayýr;;400;527;;;7036;10412;3030;3030
MION BÝNEVLER ÞAHÝNBEY G.ANTEP;DOÐUAKDENZ/GÜNEYDOÐU;237;MION;247;MION;8093;37.05046;37.333671;23 Nisan Mah. Üniversite Bulv Menekþe Apt.;27;1;GAZÝANTEP;ÞAHÝNBEY;6.10.2023;Hayýr;;91;128;;;;18746;3031;3031
MJET BOZDOÐAN AYDIN;GÜNEY EGE;230;MJET;9;M-JET;8094;37.673356;28.312055;Çarþý Mah Okullar Cad No:22/7;9;1;AYDIN;BOZDOÐAN;15.09.2023;Hayýr;;287;442;;;;18547;3032;3032
FATÝH MAH.BATMAN M MÝGROS;DOÐU/G.DOÐU ANADOLU;1;MÝGROS;7;M ANADOLU;8095;37.892113;41.151181;Fatih Mah. TPAO Bulv Duran Sit.A Blok;72;0;BATMAN;MERKEZ;31.08.2023;Hayýr;;437;638;;;;18567;3033;3033
KAÞKARLI MAHMUT ELAZIÐ M;DOÐUAKDENZ/GÜNEYDOÐU;1;MÝGROS;5;SERVÝS REYONLU M;8096;38.671822;39.16883;Cumhuriyet Mah Kaþkarlý Mahmut Sok No:25;23;0;ELAZIÐ;MERKEZ;29.08.2023;Hayýr;;434;601;;;;17231;3034;3034
ZERDALÝ BOLU M MÝGROS;ÝÇ ANADOLU;1;MÝGROS;6;SELF SERVÝS M;8097;40.746554;31.593506;Ýzzet Baysal Mah. Zerdali Sok. No: 79A;14;0;BOLU;MERKEZ;20.09.2023;Hayýr;;327;474;;;;17958;3035;3035
MJET UMURBEY GEMLÝK BURSA;GÜNEY MARMARA;230;MJET;9;M-JET;8098;40.40737;29.180813;Umurbey Mah. Abdullah Fehmi Cad. No:29/A G;16;5;BURSA;GEMLÝK;29.08.2023;Hayýr;;233;303;;;;18573;3036;3036
ATAKENT KÜTAHYA MM MÝGROS;GÜNEY MARMARA;1;MÝGROS;2;MM;8099;39.401286;30.016212;75.yýl Mah. Þehit Uzman Çavuþ Turgut Gündüz Cad.;43;0;KÜTAHYA;MERKEZ;29.08.2023;Hayýr;;690;881;;;;15914;3037;3037
GAFFAR OKKAN MENEMEN ÝZMÝR M;KUZEY EGE;1;MÝGROS;7;M ANADOLU;8100;38.597943;27.077545;Ýsmet Ýnönü Mah. 1281 Sokak No:1/1B;35;22;ÝZMÝR;MENEMEN;15.09.2023;Hayýr;;440;607;;;;15854;3038;3038
ÞÝRÝNTEPE BÝGA ÇANAKKALE M;GÜNEY MARMARA;1;MÝGROS;6;SELF SERVÝS M;8102;40.236525;27.263589;Þirintepe Mah. Kýbrýs Þehitleri Cad. No:35-12/14;17;3;ÇANAKKALE;BÝGA;31.10.2023;Hayýr;;607;818;;;;14619;3039;3039
LOTUS KOZLU ZONGULDAK M MÝGROS;ÝÇ ANADOLU;1;MÝGROS;6;SELF SERVÝS M;8103;41.431101;31.729101;Fatih Mah. Þehit Muhammet Maden Sok. No: 6A;67;7;ZONGULDAK;KOZLU;1.12.2023;Hayýr;;492;600;;3;;17146;3040;3040
ATATÜRK CD GEBZE KOCAELÝ MM;DOÐU MARMARA;1;MÝGROS;2;MM;8104;40.79343;29.428783;Hacýhalil Mah. Atatürk Cd. No:65;41;1;KOCAELÝ;GEBZE;17.05.2024;Hayýr;;700;1396;;;;17726;3041;3041
BATIKENT AÐRI MM MÝGROS;KARADENÝZ/KUZEYD.AND;1;MÝGROS;2;MM;8105;39.719005;43.020602;Fýrat Mah. Yaþar Kemal Cad. 1017 Sok. Aslan Apt.;4;0;AÐRI;MERKEZ;31.08.2023;Hayýr;;652;929;;;;18853;3042;3042
MION ÇARÞI NÝÐDE;DOÐU AKDENÝZ;237;MION;247;MION;8106;37.966011;34.672224;Aþaðýkayabaþý Mah Dr. Sami Yaðýz Cad. No:32C;51;0;NÝÐDE;MERKEZ;5.10.2023;Hayýr;;145;216;;;;18739;3043;3043
MJET BAÞPINAR GAZÝANTEP PO;DOÐU AKDENÝZ;230;MJET;255;MJET-ÝSTASYON;8110;37.13922;37.301223;Sam Mah Adana Yolu Blv. Alpe Petrol No:134;27;2;GAZÝANTEP;ÞEHÝTKAMÝL;29.08.2023;Hayýr;;73;84;;;;18236;3044;3044
MJET TÝRÝLYE BURSA;GÜNEY MARMARA;230;MJET;9;M-JET;8111;40.390855;28.792695;Tirilye Mahallesi Karacabey cad. dýþ kapý no:27;16;13;BURSA;MUDANYA;13.10.2023;Hayýr;;156;188;;;;18718;3045;3045
KAÐAN KAVAK ANTAKYA HATAY M;DOÐU AKDENÝZ;1;MÝGROS;5;SERVÝS REYONLU M;8113;36.25606;36.172328;Kuzeytepe MahH. Çevre Yolu Sok No:100;31;12;HATAY;ANTAKYA;29.09.2023;Hayýr;;348;464;;;;19068;3046;3046
FÝRST AVENUE ÝST. MACROKIOSK;BATI MARMARA;235;MACROKIOSK;243;MACROKIOSK;8114;41.019586;28.627615;Cumhuriyet Mah Cesaret Sk No:1;34;28;ÝSTANBUL;BÜYÜKÇEKMECE;24.10.2023;Hayýr;;117;186;;;;17783;3047;3047
ODC CENTER ANKARA M MÝGROS;ÝÇ ANADOLU;1;MÝGROS;6;SELF SERVÝS M;8116;39.891137;32.807954;Ýþçi Bloklarý Mah. 1500 Cadde. NO:9/1;6;2;ANKARA;ÇANKAYA;31.08.2023;Hayýr;;622;910;;;6915;11762;3048;3048
HACIBEKTAÞ NEVÞEHÝR M MÝGROS;DOÐU AKDENÝZ;1;MÝGROS;7;M ANADOLU;8117;38.940175;34.558135;Bala Mah. Süreyya Sýtký Bektaþ Cad No:3;50;5;NEVÞEHÝR;HACIBEKTAÞ;25.10.2023;Hayýr;;352;410;;;;16639;3049;3049
MION KIBRIS ÞHT. KONAK ÝZMÝR;KUZEY EGE;237;MION;247;MION;8118;38.436412;27.143071;Alsancak Mah. Kýbrýs Þehitleri Cad. No:44 2A;35;8;ÝZMÝR;KONAK;22.12.2023;Hayýr;;166;256;;;;18603;3050;3050
MJET ÇAYBAÞI MURATPAÞA ANTALYA;BATI AKDENÝZ;230;MJET;9;M-JET;8119;36.885812;30.717843;Çayýrbaþý Mah 1376 Sokak No: 12A;7;19;ANTALYA;MURATPAÞA;22.09.2023;Hayýr;;223;437;;;;16942;3051;3051
SEDAT KÝRTETEPE CAD.SAKARYA M;GÜNEY MARMARA;1;MÝGROS;6;SELF SERVÝS M;8120;40.780243;30.391221;Cumhuriyet Mah. Sedat Kirtetepe Cad. 195.Sok. No:1;54;13;SAKARYA;ADAPAZARI;13.10.2023;Hayýr;;369;453;;;;17022;3052;3052
ÇAYBAÐLARI KAYSERÝ M MÝGROS;ÝÇ ANADOLU;1;MÝGROS;5;SERVÝS REYONLU M;8121;38.693112;35.515611;Erenköy Mah. 1494.Sokak, No:3/A;38;2;KAYSERÝ;MELÝKGAZÝ;29.09.2023;Hayýr;;344;488;;;;10297;3053;3053
MJET TALATPAÞA KAÐITHANE ÝST;BATI MARMARA;230;MJET;9;M-JET;8122;41.064235;28.96759;Talatpaþa Mah  Akçalý Sok No:8A;34;17;ÝSTANBUL;KAÐITHANE;12.10.2023;Hayýr;;219;251;;;;16623;3054;3054
MJET ÞÝÞLÝ BOZKURT ÝST;BATI MARMARA;230;MJET;9;M-JET;8123;41.052601;28.983532;Duatepe Mah.Bozkurt Cad. NO:10;34;23;ÝSTANBUL;ÞÝÞLÝ;22.03.2024;Hayýr;;121;188;;;6712;9913;3055;3055
SEYRANTEPE MAH. KIRIKKALE;ÝÇ ANADOLU;1;MÝGROS;2;MM;8125;39.850836;33.482493;Seyrantepe Mah. Baðdat Cad. No: 73D;71;8;KIRIKKALE;YAHÞÝHAN;29.09.2023;Hayýr;;922;1306;;;;17864;3056;3056
MJET C. TOPEL ESENLER ÝST.;BATI MARMARA;230;MJET;9;M-JET;8126;41.056811;28.863446;Turgut Reis Mah.Cengiz Topel Cad NO:34;34;11;ÝSTANBUL;ESENLER;21.03.2024;Hayýr;;156;183;;;7963;16414;3057;3057
YEDÝEYLÜL MH.EFELER AYDIN M;GÜNEY EGE;1;MÝGROS;6;SELF SERVÝS M;8127;37.837705;27.842373;Yedi Eylül Mah. 1000. Sokak No: 10B;9;17;AYDIN;EFELER;1.03.2024;Hayýr;;484;928;;;;19141;3058;3058
MJET HASTANE CD EÞME UÞAK;KUZEY EGE;230;MJET;9;M-JET;8128;38.400626;28.96701;Þehitalibey Mah.Hastane Cad. No:35/1B;64;2;UÞAK;EÞME;29.09.2023;Hayýr;;256;563;;;;18966;3059;3059
SAFRAN MAH. ELAZIÐ M MÝGROS;DOÐU/G.DOÐU ANADOLU;1;MÝGROS;7;M ANADOLU;8129;38.695712;39.17087;Çaydaçýra Mah. Þehit Polis Oral Ergin Sok. No:99AA;23;0;ELAZIÐ;MERKEZ;19.09.2023;Hayýr;;347;531;;;;18710;3060;3060
MJET ATATÜRK BL SÝLÝFKE MERSÝN;DOÐU AKDENÝZ;230;MJET;9;M-JET;8130;36.380635;33.935831;Göksu Mah. Atatürk Bulv. Dýþ Kapý No:23A/B;33;8;MERSÝN;SÝLÝFKE;13.10.2023;Hayýr;;172;472;;;;18018;3061;3061
BOSNA SÝNCAN ANKARA MM;ÝÇ ANADOLU;1;MÝGROS;2;MM;8131;39.9653;32.586369;Akþemsettin Mah. Bosna Cad. No:37A;6;7;ANKARA;SÝNCAN;9.11.2023;Hayýr;;957;1531;;;;18005;3062;3062
MJET PARK ORAN ANKARA;ÝÇ ANADOLU;230;MJET;9;M-JET;8132;39.848274;32.835014;Oran Mahallesi Kudüs Caddesi No:1/20;6;2;ANKARA;ÇANKAYA;28.09.2023;Hayýr;;240;342;;3;;19006;3063;3063
MION DÝKMEN CD. ÇANKAYA ANKARA;ÝÇ ANADOLU;237;MION;247;MION;8133;39.876935;32.836414;Osman Temiz Mah. Dikmen Cad. No: 285A;6;2;ANKARA;ÇANKAYA;3.10.2023;Hayýr;;132;216;;;;17259;3064;3064
MION LÝSE CD YOZGAT;ÝÇ ANADOLU;237;MION;247;MION;8134;39.82295;34.811376;Medrese Mah. Lise Cad. No:30C;66;0;YOZGAT;MERKEZ;13.10.2023;Hayýr;;106;212;;;;18771;3065;3065
MJET AHÝ EVRAN IÞIK KAYSERÝ PO;DOÐU AKDENÝZ;230;MJET;255;MJET-ÝSTASYON;8135;38.765624;35.564816;Ahi Evran Mah. Sivas Bulv. No:372;38;1;KAYSERÝ;KOCASÝNAN;9.11.2023;Hayýr;;200;224;;;;18646;3066;3066
HÜRRIYET MH. CEYHAN ADANA M;DOÐUAKDENZ/GÜNEYDOÐU;1;MÝGROS;5;SERVÝS REYONLU M;8136;37.029603;35.81781;Hürriyet Mah 238 Sokak B Blok Dýþ Kapý No:6/2;1;4;ADANA;CEYHAN;13.10.2023;Hayýr;;353;478;;;;19040;3067;3067
TOKÝ ESKÝÞEHÝR M MÝGROS;ÝÇ ANADOLU;1;MÝGROS;6;SELF SERVÝS M;8137;39.818796;30.441098;Yaþamkent Mah. 1587. Cad. No:9;26;14;ESKÝÞEHÝR;TEPEBAÞI;26.09.2023;Hayýr;;525;676;;;6781;11893;3068;3068
ÞAFAK CD SELÇUKLU KONYA M;ÝÇ ANADOLU;1;MÝGROS;6;SELF SERVÝS M;8138;37.983684;32.512105;Beyhekim Mah. Þafak Cad. no:59/C;42;3;KONYA;SELÇUKLU;29.09.2023;Hayýr;;327;462;;;;17443;3069;3069
KURTKÖY VOLUME ÝSTANBUL M;DOÐU MARMARA;1;MÝGROS;6;SELF SERVÝS M;8139;40.9294;29.3078;Yeniþehir Mah Osmanlý Bulvarý No:9H;34;21;ÝSTANBUL;PENDÝK;28.09.2023;Hayýr;;640;949;;;5231;;3070;3070
MJET UFUK MAH. BUCA ÝZMÝR;GÜNEY EGE;230;MJET;9;M-JET;8140;38.401721;27.166594;Ufuk Mah. 893 Sokak No:28-28A;35;3;ÝZMÝR;BUCA;17.10.2023;Hayýr;;274;350;;;;18651;3071;3071
HASTANE AKSARAY M MÝGROS;ÝÇ ANADOLU;1;MÝGROS;6;SELF SERVÝS M;8143;38.367493;33.997639;Tacin Mah 91. Cadde No:37/B;68;0;AKSARAY;MERKEZ;13.10.2023;Hayýr;;554;915;;;;14756;3072;3072
TOPTAN ESENLER ÝPEKYOLU VAN;DOÐU/G.DOÐU ANADOLU;231;TOPTAN SATIÞ;230;TOPTAN SATIÞ;8145;38.499192;43.409646;Esenler Mah.Veteriner Cd Dýþ Kapý No:466B-466C-46D;65;12;VAN;ÝPEKYOLU;6.10.2023;Hayýr;;743;990;;;;19185;3073;3073
DOWNTOWN BURSA MM MÝGROS;GÜNEY MARMARA;1;MÝGROS;2;MM;8146;40.220474;29.011905;Ýstiklal Mah.Yunuseli Blv13/1 O5-170,O5-171,O5-172;16;2;BURSA;OSMANGAZÝ;27.10.2023;Hayýr;;1176;2116;;;;18187;3074;3074
MJET AÞAÐI ÖVEÇLER ANKARA;ÝÇ ANADOLU;230;MJET;9;M-JET;8147;39.892295;32.825712;Aþaðý Öveçler Mah. 1332. Cadde No: 20A;6;2;ANKARA;ÇANKAYA;6.10.2023;Hayýr;;210;244;;;;17319;3075;3075
ATAÞEHÝR BLV. ÝST. MACROKIOSK;DOÐU MARMARA;235;MACROKIOSK;243;MACROKIOSK;8148;40.992732;29.121449;Atatürk Mah. Ataþehir Bulvarý Ata 3 Bloklarý;34;34;ÝSTANBUL;ATAÞEHÝR;3.11.2023;Hayýr;;66;75;;;;19195;3076;3076
MJET KAVAKLI MH MANAVGAT ANT;BATI AKDENÝZ;230;MJET;9;M-JET;8149;36.792679;31.427218;Kavaklý Mah Þeyh Þamil Cad No:13;7;13;ANTALYA;MANAVGAT;29.09.2023;Hayýr;;209;625;;;;18196;3077;3077
KIZILHÝSAR G.ANTEP MACROKIOSK;DOÐU AKDENÝZ;235;MACROKIOSK;243;MACROKIOSK;8150;36.992649;37.3107;Küçük Kýzýlhisar Mah Onkolojý Bulv No: 10/H;27;1;GAZÝANTEP;ÞAHÝNBEY;14.06.2024;Hayýr;;59;244;;;;18747;3078;3078
MJET LEVENT KONAK ÝZMÝR;KUZEY EGE;230;MJET;9;M-JET;8151;38.412461;27.166491;26 Aðustos Mah. Barbaros Hayrettinpaþa Cd. No:141A;35;8;ÝZMÝR;KONAK;25.10.2023;Hayýr;;146;176;;;;19349;3079;3079
MION AGORA AVM ÝZMÝR;KUZEY EGE;237;MION;247;MION;8152;38.394287;27.055219;Bahçelerarasý Mah. Mithatpaþa Cad. No:30/102;35;1;ÝZMÝR;BALÇOVA;13.10.2023;Hayýr;;122;150;;;;18556;3080;3080
MION PAKT PLUS AVM BÝGA Ç.KALE;GÜNEY MARMARA;237;MION;247;MION;8153;40.226828;27.248448;Sakarya mah.Turgut Özal cd. No:1-3 Ýç kapý no:19 B;17;3;ÇANAKKALE;BÝGA;27.10.2023;Hayýr;;120;133;;;;18979;3081;3081
OVACIK KEÇÝÖREN ANKARA M;ÝÇ ANADOLU;1;MÝGROS;6;SELF SERVÝS M;8154;39.997834;32.817435;Sancaktepe Mah. 1572. Cad. No:13G;6;5;ANKARA;KEÇÝÖREN;4.10.2023;Hayýr;;534;933;;;6921;11774;3082;3082
FUAR ALANI ADANA M MÝGROS;DOÐU AKDENÝZ;1;MÝGROS;5;SERVÝS REYONLU M;8155;37.057542;35.242037;Yüzüncüyýl Mah Prof Dr Necmettin Erbakan Bulv;1;15;ADANA;ÇUKUROVA;3.05.2024;Hayýr;;421;592;;;;14880;3083;3083
HURMA 252.SK.KONYAALTI ANT. M;BATI AKDENÝZ;1;MÝGROS;5;SERVÝS REYONLU M;8156;36.85666746;30.59818201;Hurma Mah. 252 Sokak No:31/25;7;18;ANTALYA;KONYAALTI;27.10.2023;Hayýr;;436;542;;;;18642;3084;3084
MJET KADIKÖY EDREMÝT BALIKESÝR;KUZEY EGE;230;MJET;9;M-JET;8157;39.603032;26.987765;KADIKÖY Mah. 20155 Sok. ÝZYAP KÖRFEZ REZÝDANS Sit;10;7;BALIKESÝR;EDREMÝT;18.10.2023;Hayýr;;310;490;;;;19025;3085;3085
NURÞEN ÝMREK REYHANLI HATAY M;DOÐU AKDENÝZ;1;MÝGROS;6;SELF SERVÝS M;8158;36.253319;36.567122;Yeni Mah 142.Sokak No:2/O;31;9;HATAY;REYHANLI;1.12.2023;Hayýr;;398;482;;;;19060;3086;3086
MION ÝYÝ GELECEK FESTÝVALÝ;BATI MARMARA;237;MION;247;MION;8159;41.047319;28.990748;Harbiye Mah.Darülbedai Cd No:3 B5 Katý-Stand No:B5;34;23;ÝSTANBUL;ÞÝÞLÝ;19.10.2023;Hayýr;;33;33;Evet;;;;3087;3087
MERKEZ ALAÇAM SAMSUN M MÝGROS;KARADENÝZ/KUZEYD.AND;1;MÝGROS;7;M ANADOLU;8160;41.610746;35.602451;Yeni Camii Mah. Bafra Cad No:104A/104B;55;1;SAMSUN;ALAÇAM;27.10.2023;Hayýr;;374;711;;;;14668;3088;3088
MION MARAÞ CAD. TRABZON;KARADENÝZ/KUZEYD.AND;237;MION;247;MION;8161;41.00588;39.729504;Kemerkaya Mah.Ahmet Selim Teymur Sok No:5A;61;18;TRABZON;ORTAHÝSAR;25.10.2023;Hayýr;;152;298;;;;18878;3089;3089
MJET KADIKÖY RIHTIM ÝSTANBUL;DOÐU MARMARA;230;MJET;9;M-JET;8163;40.993185;29.025434;Rasimpaþa Mah. Misak-ý Milli Sok.No:7;34;16;ÝSTANBUL;KADIKÖY;10.10.2023;Hayýr;;130;219;;;7685;;3090;3090
MJET ÝSTÝKLAL MARÞI TEKÝRDAÐ;BATI MARMARA;230;MJET;9;M-JET;8164;40.98592;27.540854;Atatürk Mah. Ýstiklal Marþý Cad. No:19A;59;11;TEKÝRDAÐ;SÜLEYMANPAÞA;15.11.2023;Hayýr;;230;305;;;;18926;3091;3091
ALTINTAÞ MAH.AKSU ANTALYA M;BATI AKDENÝZ;1;MÝGROS;5;SERVÝS REYONLU M;8165;36.903694;30.817303;Altýntaþ Mah Kardeþ Kentler Cad No: 119A-119B;7;15;ANTALYA;AKSU;26.10.2023;Hayýr;;343;756;;;;17323;3092;3092
MJET KARÞIYAKA GÜMÜÞHANE;KARADENÝZ/KUZEYD.AND;230;MJET;9;M-JET;8166;40.457556;39.480054;Karþýyaka Mah Osman Bey Cad No:22/A;29;0;GÜMÜÞHANE;MERKEZ;17.10.2023;Hayýr;;119;247;;;;19412;3093;3093
AHMETLÝ MH.ÞÝLE ÝSTANBUL M;DOÐU MARMARA;1;MÝGROS;5;SERVÝS REYONLU M;8167;41.154528;29.589283;Ahmetli Mah. Alacahamam Sok. No:2A-2B-2C;34;32;ÝSTANBUL;ÞÝLE;25.10.2023;Hayýr;;550;766;;;;17481;3094;3094
5M VELUX AVM ANKARA;ÝÇ ANADOLU;185;5M;191;5M;8168;39.945847;32.737819;Ýnönü Mah. Fatih Sultan Mehmet Bulvarý No:4;6;8;ANKARA;YENÝMAHALLE;2.02.2024;Hayýr;;3776;4823;;1,3;;17587;3095;3095
GÜNEÞEVLER MH. ALTINDAÐ ANK.MM;ÝÇ ANADOLU;1;MÝGROS;2;MM;8169;39.968747;32.90289;Güneþevler Mah. Mehmet Akif Ersoy Cad. No:38/B;6;1;ANKARA;ALTINDAÐ;23.11.2023;Hayýr;;671;1353;;;;17865;3096;3096
TÜTÜNCÜ M. EFENDÝ MACROKIOSK;DOÐU MARMARA;235;MACROKIOSK;243;MACROKIOSK;8170;40.97516;29.064122;Göztepe Mah. Tütüncü Mehmet Efendi Cad.No:38;34;16;ÝSTANBUL;KADIKÖY;26.10.2023;Hayýr;;119;175;;;5192;;3097;3097
EÐÝTÝM CADDESÝ AÐRI MM;KARADENÝZ/KUZEYD.AND;1;MÝGROS;2;MM;8171;39.714682;43.026404;Fýrat Mah Çevre Yolu Cad No:414/B;4;0;AÐRI;MERKEZ;27.10.2023;Hayýr;;565;900;;;;19233;3098;3098
MION KASTAMALL AVM KASTAMONU;ÝÇ ANADOLU;237;MION;247;MION;8172;41.363631;33.766491;Saraçlar Mah Stadyum Cad Kastamall AVM No: 40A-79;37;0;KASTAMONU;MERKEZ;12.10.2023;Hayýr;;97;134;;;;18760;3099;3099
MION ATATÜRK MH. ATAÞEHÝR ÝST;DOÐU MARMARA;237;MION;247;MION;8173;40.992888;29.123837;Atatürk Mah. Ataþehir Blv. no: 12AB;34;34;ÝSTANBUL;ATAÞEHÝR;22.11.2023;Hayýr;;298;366;;;;17891;3100;3100
BÝNEVLER ÜNÝ. ANTEP MACROKIOSK;DOÐU AKDENÝZ;235;MACROKIOSK;243;MACROKIOSK;8175;37.05046;37.333671;23 Nisan Mah. Üniversite Bulv. No:233A-Z2;27;1;GAZÝANTEP;ÞAHÝNBEY;2.07.2024;Hayýr;;78;124;;;;18745;3101;3101
GAZÝ OSMAN PAÞA CD. MERSÝN M;DOÐU AKDENÝZ;1;MÝGROS;6;SELF SERVÝS M;8176;36.834264;34.62822;Mevlana Mah Gazi Osman Paþa Cad No:47/A-B-C-D-E;33;12;MERSÝN;TOROSLAR;8.12.2023;Hayýr;;424;581;;;;18734;3102;3102
MJET FATÝH MH BELEN HATAY;DOÐU AKDENÝZ;230;MJET;9;M-JET;8177;36.528776;36.153352;Fatih Mah. Sokullu Mehmet Paþa Cad No:57/A;31;2;HATAY;BELEN;24.11.2023;Hayýr;;205;275;;;;19376;3103;3103
ALTINOVA DÜDEN ANTALYA M;BATI AKDENÝZ;1;MÝGROS;7;M ANADOLU;8178;36.92445;30.764961;Altýnova Düden Mah. Antalya-1 Cad. C/Blok;7;17;ANTALYA;KEPEZ;29.11.2023;Hayýr;;313;476;;;;16840;3104;3104
MJET KÖSEKÖY KARTEPE KOCAELÝ;DOÐU MARMARA;230;MJET;9;M-JET;8179;40.74139;30.01142;Köseköy mah. Gaziyasin cad. Dýþ kapý no:57/A;41;12;KOCAELÝ;KARTEPE;27.10.2023;Hayýr;;313;472;;;;18565;3105;3105
SÝTELER KUÞADASI AYDIN M;GÜNEY EGE;1;MÝGROS;6;SELF SERVÝS M;8180;37.772222;27.2672222;Davutlar Mah.Abdi Ýpekçi Cad. 7/A;9;11;AYDIN;KUÞADASI;20.10.2023;Hayýr;;400;525;;;4526;;3106;3106
MION PAZARCI MH MANAVGAT ANT;BATI AKDENÝZ;237;MION;247;MION;8181;36.7867;31.4503;Aþaðý Pazarcý Mah. 1003 Sokak Dýþ Kapý No:11AB;7;13;ANTALYA;MANAVGAT;7.11.2023;Hayýr;;151;192;;;;18928;3107;3107
MJET BOSTANCILI SÝNOP;KARADENÝZ/KUZEYD.AND;230;MJET;9;M-JET;8183;42.018597;35.124578;Gelincik mahallesi Gelincik yolu caddesi no:8A;57;0;SÝNOP;MERKEZ;27.10.2023;Hayýr;;160;218;;;;19504;3108;3108
MJET EYNESÝL GÝRESUN;KARADENÝZ/KUZEYD.AND;230;MJET;9;M-JET;8184;41.063966;39.141376;Gümüþçay Mah. Gümüþçay Cad. NO:43A-B;28;8;GÝRESUN;EYNESÝL;31.10.2023;Hayýr;;179;307;;;;19584;3109;3109
TERME SAMSUN M MÝGROS;KARADENÝZ/KUZEYD.AND;1;MÝGROS;6;SELF SERVÝS M;8185;41.170497;37.055793;Evci mah. Terme Ünye cad. no:1;55;12;SAMSUN;TERME;31.10.2023;Hayýr;;460;672;;;;19515;3110;3110
EGEMENLÝK MAH.ERZÝNCAN M;KARADENÝZ/KUZEYD.AND;1;MÝGROS;6;SELF SERVÝS M;8186;39.759634;39.492001;Yenimahalle Mah Milli Egemenlik Cad  No:1B;24;0;ERZÝNCAN;MERKEZ;24.11.2023;Hayýr;;273;365;;;;17450;3111;3111
MJET DEMÝRKENT MAH.ERZÝNCAN;KARADENÝZ/KUZEYD.AND;230;MJET;9;M-JET;8187;39.761315;39.464666;Osmanlý Mah. Þehitler Cad. No:2A;24;0;ERZÝNCAN;MERKEZ;26.10.2023;Hayýr;;180;303;;;;19411;3112;3112
MJET FÝKÝRTEPE MH KADIKÖY ÝST;DOÐU MARMARA;230;MJET;9;M-JET;8188;40.995728;29.048958;Fikirtepe Mah Güven Sok No:20;34;16;ÝSTANBUL;KADIKÖY;1.11.2023;Hayýr;;195;251;;;7594;15351;3113;3113
MION TURGUTLU MANÝSA;KUZEY EGE;237;MION;247;MION;8189;38.494141;27.704243;Acarlar Mah. Atatürk Blv. No: 249A;45;15;MANÝSA;TURGUTLU;9.11.2023;Hayýr;;112;138;;;;17542;3114;3114
MJET VATAN CD. KAPAKLI T.DAÐ;BATI MARMARA;230;MJET;9;M-JET;8190;41.33371981;27.98665445;Cumhuriyet Mah Muhtar Çetin Dilsiz Sk.No:73/13/15A;59;10;TEKÝRDAÐ;KAPAKLI;9.11.2023;Hayýr;;248;353;;;;19123;3115;3115
BORÇKA ARTVÝN M MÝGROS;KARADENÝZ/KUZEYD.AND;1;MÝGROS;7;M ANADOLU;8191;41.36424;41.678605;Merkez Mah. Belediye Cad. No: 1L;8;3;ARTVÝN;BORÇKA;3.11.2023;Hayýr;;446;575;;;;19239;3116;3116
MJET 19 MAYIS MH GERZE SÝNOP;KARADENÝZ/KUZEYD.AND;230;MJET;9;M-JET;8193;41.808243;35.192831;19 Mayýs Mah DR.Bahattin Cad No:90A;57;6;SÝNOP;GERZE;27.10.2023;Hayýr;;381;459;;;;19494;3117;3117
MJET YENÝDOÐAN SANCAKTEPE ÝST;DOÐU MARMARA;230;MJET;9;M-JET;8194;41.010061;29.24523;Yenidoðan Mah. Bahçeli Evler Cad No:42 A;34;39;ÝSTANBUL;SANCAKTEPE;1.11.2023;Hayýr;;180;447;;;7763;16567;3118;3118
MION PELÝCAN AVM AVCILAR ÝST;BATI MARMARA;237;MION;247;MION;8195;40.991666;28.714998;Üniversite Mah. E-5 Yanyol No:42.;34;2;ÝSTANBUL;AVCILAR;24.11.2023;Hayýr;;192;259;;;;18925;3119;3119
VALÝLÝK BARTIN M MÝGROS;ÝÇ ANADOLU;1;MÝGROS;6;SELF SERVÝS M;8196;41.624057;32.331612;Kemerköprü Mah.  Arka Sokak No: 18/1;74;0;BARTIN;MERKEZ;10.11.2023;Hayýr;;220;354;;;;18140;3120;3120
ÇAYDÜZÜ BARTIN M MÝGROS;ÝÇ ANADOLU;1;MÝGROS;6;SELF SERVÝS M;8197;41.623672;32.36076;Çaydüzü Mah. 445. Sokak No: 14;74;0;BARTIN;MERKEZ;10.11.2023;Hayýr;;329;404;;;;18709;3121;3121
MJET A.MENDERES AKÞEHÝR KONYA;ÝÇ ANADOLU;230;MJET;9;M-JET;8198;38.359776;31.429696;Ýstasyon Mah.Adnan Menderes Cad No:1/A;42;6;KONYA;AKÞEHÝR;16.11.2023;Hayýr;;251;327;;;;17112;3122;3122
MJET BÖLÜCEK MAH KÜTAHYA;GÜNEY MARMARA;230;MJET;9;M-JET;8199;39.434105;29.95748;Bahçelievler Mah Gelibolu Sok No:3/1A;43;0;KÜTAHYA;MERKEZ;16.11.2023;Hayýr;;277;446;;;;16244;3123;3123
TEMA ÝSTANBUL YOLU M MÝGROS;BATI MARMARA;1;MÝGROS;5;SERVÝS REYONLU M;8200;41.057651;28.76335;Atakent Mah. 243 Sokak No:1/1D Ýç Kapý No 4;34;19;ÝSTANBUL;KÜÇÜKÇEKMECE;17.11.2023;Hayýr;;450;591;;;;18105;3124;3124
MION METROHOME B.DÜZÜ ÝST;BATI MARMARA;237;MION;247;MION;8201;41.014146;28.63863;Cumhuriyet Mah Derviþ Eroðlu Cad. No 4/1;34;36;ÝSTANBUL;BEYLÝKDÜZÜ;27.10.2023;Hayýr;;162;233;;;;17717;3125;3125
MJET Ý.GASPIRALI ÝNCEK ANKARA;ÝÇ ANADOLU;230;MJET;9;M-JET;8202;39.831662;32.763698;Taþpýnar Mah. Ýsmail Gaspralý Cad. No: 3/A;6;4;ANKARA;GÖLBAÞI;3.11.2023;Hayýr;;265;500;;;;17491;3126;3126
MJET KÝRAZLI CD BAÐCILAR ÝST.;BATI MARMARA;230;MJET;9;M-JET;8203;41.033295;28.831833;Güneþli Mah Kirazlý Cad No:9/C;34;3;ÝSTANBUL;BAÐCILAR;29.11.2023;Hayýr;;150;208;;;;18723;3127;3127
MJET MÝMARSÝNAN MH SÝLÝVRÝ ÝST;BATI MARMARA;230;MJET;9;M-JET;8204;41.093967;28.250161;Mimarsinan Mah Günpýnar Sok No:34-36A;34;30;ÝSTANBUL;SÝLÝVRÝ;1.12.2023;Hayýr;;194;279;;;;17118;3128;3128
MJET AYAZMAALTI KARTAL ÝST;DOÐU MARMARA;230;MJET;9;M-JET;8205;40.908298;29.23733;Hürriyet Mah.Vatansever Cad.No:96;34;18;ÝSTANBUL;KARTAL;27.10.2023;Hayýr;;230;319;;;6744;11368;3129;3129
MION G. MUSTAFA KEMAL BLV ANK;ÝÇ ANADOLU;237;MION;247;MION;8206;39.922838;32.849908;Kýzýlay Mah. Gazi Mustafa Kemal Bulv. No: 23B;6;2;ANKARA;ÇANKAYA;29.11.2023;Hayýr;;151;258;;;;18758;3130;3130
MJET ÇARÞI RÝZE;KARADENÝZ/KUZEYD.AND;230;MJET;9;M-JET;8207;41.0244895;40.525382;Ekrem Orhon Mah Cumhuriyet Cad. No:3/13;53;0;RÝZE;MERKEZ;12.12.2023;Hayýr;;254;398;;;;14837;3131;3131
CORNER AVM KAPAKLI T.DAÐ M;BATI MARMARA;1;MÝGROS;6;SELF SERVÝS M;8208;41.319473;27.97911;Ýsmetpaþa Mah. Levent Cad Cornerpark Apt No:1/B;59;10;TEKÝRDAÐ;KAPAKLI;1.11.2023;Hayýr;;575;1181;;;6017;;3132;3132
METROHOME B.DÜZÜ MACROCENTER;BATI MARMARA;4;MACROCENTER;9;MACROCENTER;8209;41.014489;28.63729;Cumhuriyet Mah. Nadir Sok. No:1/14M/79;34;36;ÝSTANBUL;BEYLÝKDÜZÜ;29.02.2024;Hayýr;;830;1205;;;;17685;3133;3133
MION KARÞIYAKA ÇARÞI ÝZMÝR;KUZEY EGE;237;MION;247;MION;8210;38.457489;27.116241;Donanmacý Mh. Kemalpaþa Cad. No: 145 A;35;7;ÝZMÝR;KARÞIYAKA;17.11.2023;Hayýr;;89;114;;;;17496;3134;3134
MION ATATÜRK MH. BUCA ÝZMÝR;GÜNEY EGE;237;MION;247;MION;8211;38.381653;27.176353;Atatürk Mah 220 Sokak No:3/A;35;3;ÝZMÝR;BUCA;9.11.2023;Hayýr;;129;358;;;;17505;3135;3135
MION TUNA KARÞIYAKA ÝZMÝR;KUZEY EGE;237;MION;247;MION;8212;38.456573;27.119019;Tuna Mh. 1690 Sk. Karþýyaka Ýþ Merkezi No: 24B;35;7;ÝZMÝR;KARÞIYAKA;17.11.2023;Hayýr;;103;174;;;;17497;3136;3136
MJET YURT CAD. KIRKLARELÝ;BATI MARMARA;230;MJET;9;M-JET;8213;41.72545758;27.21265339;Ýstasyon Mah Yurt Cad No:5A;39;0;KIRKLARELÝ;MERKEZ;9.11.2023;Hayýr;;183;226;;;;18936;3137;3137
GÜNDOÐDU MANAVGAT ANT M MÝGROS;BATI AKDENÝZ;1;MÝGROS;6;SELF SERVÝS M;8214;36.8237;31.2953;Yavrudoðan Mah.Muhtemet ve Peri (Küme Evleri);7;13;ANTALYA;MANAVGAT;24.11.2023;Hayýr;;306;390;;;;16381;3138;3138
MJET MAHMUDÝYE ÝNEGÖL BURSA PO;GÜNEY MARMARA;230;MJET;255;MJET-ÝSTASYON;8215;40.07963708;29.51755999;Mahmudiye Mah. Ankara Cad. No:8A;16;8;BURSA;ÝNEGÖL;17.04.2024;Hayýr;;118;130;;;;19145;3139;3139
NÝLÜFER HATUN CAD. BURSA M;GÜNEY MARMARA;1;MÝGROS;6;SELF SERVÝS M;8216;40.2261697;28.96542536;Ataevleri Mah Akzambak Sok G Blok NO:1G/A;16;1;BURSA;NÝLÜFER;24.11.2023;Hayýr;;418;546;;;;18572;3140;3140
EÞREF HOCA CD ÇORUM M;ÝÇ ANADOLU;1;MÝGROS;6;SELF SERVÝS M;8217;40.558918;34.959939;Üçtutlar Mah. Eþref Hoca Cad. No: 16A;19;0;ÇORUM;MERKEZ;10.11.2023;Hayýr;;370;600;;;;19015;3141;3141
MJET SELÇUKLU MH K.MARAÞ;DOÐU AKDENÝZ;230;MJET;9;M-JET;8218;37.592379;36.897405;Selçuklu Mah. Dr. Sait Bulv. No:6B;46;11;KAHRAMANMARAÞ;ONÝKÝÞUBAT;20.12.2023;Hayýr;;278;377;;;;17981;3142;3142
KEMERAÐZI KUNDU ANT M MÝGROS;BATI AKDENÝZ;1;MÝGROS;6;SELF SERVÝS M;8219;36.857407;30.873484;Kemeraðzý Mah. Yaþat Sobutay Bulv.;7;15;ANTALYA;AKSU;22.12.2023;Hayýr;;393;595;;;;19555;3143;3143
AGORA ALTINOVA ANT MACROKIOSK;BATI AKDENÝZ;235;MACROKIOSK;243;MACROKIOSK;8220;36.91396554;30.76957909;Altýnova Sinan Mah.Antalya 1 Cad.No:14 Agora AVM;7;17;ANTALYA;KEPEZ;24.11.2023;Hayýr;;97;127;;;;19400;3144;3144
BAHÇEKÖY CD ÇAYIRBAÞI ÝST MM;BATI MARMARA;1;MÝGROS;2;MM;8221;41.158037;29.02295;PTT Evleri Mah Bahçeköy Cad No:33;34;22;ÝSTANBUL;SARIYER;27.12.2023;Hayýr;;746;1279;;;;17089;3145;3145
MION SEFABEY CD YALOVA;DOÐU MARMARA;237;MION;247;MION;8222;40.656433;29.273933;Süleymanbey mah. Sefa Bey cad. no:22/A;77;0;YALOVA;MERKEZ;23.11.2023;Hayýr;;177;192;;;;18727;3146;3146
MION PODIUM AVM Y.MAHALLE ANK;ÝÇ ANADOLU;237;MION;247;MION;8223;39.96233;32.770197;Mehmet Akif Ersoy Mah. Baðdat Cad. No:60/B 135-136;6;8;ANKARA;YENÝMAHALLE;1.12.2023;Hayýr;;134;159;;;;18761;3147;3147
MION KARAMÜRSEL ÇARÞI KOCAELÝ;DOÐU MARMARA;237;MION;247;MION;8224;40.69297498;29.6159787;4 Temmuz Mah. Cumhuriyet Cad. Dýþ Kapý No:32/B;41;4;KOCAELÝ;KARAMÜRSEL;15.12.2023;Hayýr;;173;279;;;;17228;3148;3148
MJET PINAR MH.KIRKLARELÝ;BATI MARMARA;230;MJET;9;M-JET;8225;41.72780146;27.22820733;Pýnar Mah. Rauf Denktaþ Bulvarý No:46 A/B/D;39;0;KIRKLARELÝ;MERKEZ;30.11.2023;Hayýr;;242;366;;;;18935;3149;3149
MION MEYDAN BORNOVA ÝZMÝR;KUZEY EGE;237;MION;247;MION;8226;38.465179;27.218803;Kazým Dirik Mh. Fevzi Çakmak Cad. No:16A;35;2;ÝZMÝR;BORNOVA;7.11.2023;Hayýr;;169;210;;;;17503;3150;3150
MION ANAFARTALAR KONAK ÝZMÝR;KUZEY EGE;237;MION;247;MION;8227;38.418152;27.132666;Konak Mah. Anafartalar Cad. No: 131;35;8;ÝZMÝR;KONAK;8.12.2023;Hayýr;;105;105;;;;17521;3151;3151
MION A. ÇETÝNKAYA ALSANCAK ÝZM;KUZEY EGE;237;MION;247;MION;8228;38.434753;27.141612;Alsancak Mah Ali Çetinkaya Bulv No:17/A;35;8;ÝZMÝR;KONAK;8.12.2023;Hayýr;;121;149;;;;17516;3152;3152
MION GÜMRÜK ÝZMÝR;KUZEY EGE;237;MION;247;MION;8229;38.422607;27.132157;Akdeniz Mah Fethi Bey Cad No:13/A;35;8;ÝZMÝR;KONAK;22.12.2023;Hayýr;;142;159;;;;17523;3153;3153
MION BAYRAKLI MH ÝZMÝR;KUZEY EGE;237;MION;247;MION;8230;38.46402;27.166244;Bayraklý Mah Ord.Prof.Ekrem Akurgal Cad No:38/A;35;29;ÝZMÝR;BAYRAKLI;24.11.2023;Hayýr;;104;208;;;;17501;3154;3154
MION C.GÜRSEL CD BOSTANLI ÝZM;KUZEY EGE;237;MION;247;MION;8231;38.457367;27.098124;Bostanlý Mah Cemal Gürsel Cad No:75/2 A;35;7;ÝZMÝR;KARÞIYAKA;16.11.2023;Hayýr;;122;142;;;;17494;3155;3155
MION MÝTHATPAÞA NARLIDERE ÝZM;KUZEY EGE;237;MION;247;MION;8232;38.394348;27.006903;Narlý Mah Mithatpaþa Cad No:299;35;9;ÝZMÝR;NARLIDERE;29.12.2023;Hayýr;;83;100;;;;17536;3156;3156
MION GÝRNE BAYRAKLI ÝZMÝR;KUZEY EGE;237;MION;247;MION;8233;38.474762;27.115495;Soðukkuyu Mah. Girne Bulv. No:226/A;35;29;ÝZMÝR;BAYRAKLI;17.11.2023;Hayýr;;155;224;;;;17498;3157;3157
MION GÜZELYALI ÝZMÝR;KUZEY EGE;237;MION;247;MION;8234;38.397614;27.084889;Güzelyalý Mah.Mithatpaþa Cad. No:959/A-B;35;8;ÝZMÝR;KONAK;29.12.2023;Hayýr;;65;77;;;;17531;3158;3158
MION MERKEZ URLA ÝZMÝR;KUZEY EGE;237;MION;247;MION;8235;38.324707;26.767105;Haci Ýsa Mah.Bülent Baratalý Bulv. No:44/C;35;28;ÝZMÝR;URLA;12.01.2024;Hayýr;;63;81;;;;19544;3159;3159
MION ÖZKANLAR ÝZMÝR;KUZEY EGE;237;MION;247;MION;8236;38.460693;27.200148;Kazýmdirik Mah. Mustafa Kemal Cad No:135/B;35;2;ÝZMÝR;BORNOVA;24.11.2023;Hayýr;;55;67;;;;17504;3160;3160
GÜLBAÐ MECÝDÝYEKÖY ÝST MM;BATI MARMARA;1;MÝGROS;2;MM;8237;41.068908;29.000122;Mecidiyeköy Mah. Selahattin Pýnar Cad No:32A;34;23;ÝSTANBUL;ÞÝÞLÝ;8.12.2023;Hayýr;;658;997;;;;18066;3161;3161
MION MEYDAN MH TOKAT;KARADENÝZ/KUZEYD.AND;237;MION;247;MION;8238;40.322025;36.551512;Gülbahar Hatun Mah Gaziosmanpaþa Bulvarý 97/A;60;0;TOKAT;MERKEZ;19.12.2023;Hayýr;;128;258;;;;18782;3162;3162
MJET ÝSTÝKLAL CD. BÝLECÝK;GÜNEY MARMARA;230;MJET;9;M-JET;8239;40.16068946;29.97257187;Bahçelievler Mah. Ýstiklal Cad. No:34/A;11;0;BÝLECÝK;MERKEZ;19.12.2023;Hayýr;;294;419;;;;19944;3163;3163
MJET MESUT BÝLÝR CD. BÝLECÝK;GÜNEY MARMARA;230;MJET;9;M-JET;8240;40.13649159;29.97168418;Ertuðrulgazi Mah. Þehit Mesut Bilir Cad. No:37;11;0;BÝLECÝK;MERKEZ;22.12.2023;Hayýr;;179;202;;;;19945;3164;3164
MERKEZ BÝLECÝK MM;GÜNEY MARMARA;1;MÝGROS;2;MM;8241;40.14269926;29.9817922;Ýstiklal Mah Ali Rýza Özkay Cad No:22;11;0;BÝLECÝK;MERKEZ;26.01.2024;Hayýr;;605;1172;;;;19946;3165;3165
ERTUÐRULGAZÝ MH. BÝLECÝK M;GÜNEY MARMARA;1;MÝGROS;7;M ANADOLU;8242;40.13646825;29.97533498;Ertuðrul Gazi Mah. Ünver Sok. No:14;11;0;BÝLECÝK;MERKEZ;22.12.2023;Hayýr;;398;500;;;;19947;3166;3166
MION MASLAK 1453 ÝSTANBUL;BATI MARMARA;237;MION;247;MION;8243;41.118385;29.008801;Maslak Mah. Taþyoncasý Sok. o:1AG, Ýç Kapý No:B2;34;22;ÝSTANBUL;SARIYER;10.11.2023;Hayýr;;114;191;;;;17357;3167;3167
MJET ÝDÝL ÞIRNAK;DOÐU/G.DOÐU ANADOLU;230;MJET;9;M-JET;8244;37.3425125;41.8895374;Yeni Mah. Ebuzeyd Çevrim Sok. Dýþ Kapý No:1;73;4;ÞIRNAK;ÝDÝL;10.11.2023;Hayýr;;260;438;;;;18952;3168;3168
AKDAÐMADENÝ YOZGAT M MÝGROS;ÝÇ ANADOLU;1;MÝGROS;7;M ANADOLU;8245;39.65931;35.882859;Yeþiltepe Mah. 118. Sokak No: 4A;66;1;YOZGAT;AKDAÐMADENÝ;16.11.2023;Hayýr;;467;567;;;;19346;3169;3169
ALLEBEN GAZÝANTEP MACROCENTER;DOÐU AKDENÝZ;4;MACROCENTER;9;MACROCENTER;8246;37.06212;37.31197;15 Temmuz Mah. 148105 Nolu Cadde No:32C;27;2;GAZÝANTEP;ÞEHÝTKAMÝL;5.06.2024;Hayýr;;359;565;;;;13471;3170;3170
TOPTAN ERCÝYES KAYSERÝ;ÝÇ ANADOLU;231;TOPTAN SATIÞ;230;TOPTAN SATIÞ;8247;38.752448;35.389525;Anbar Mah. Ossman Kavuncu Bulv. No:394/C;38;2;KAYSERÝ;MELÝKGAZÝ;15.12.2023;Hayýr;;700;990;;;;18918;3171;3171
MJET ORTABAHAR SK KADIKÖY ÝST;DOÐU MARMARA;230;MJET;9;M-JET;8248;40.984719;29.067347;Merdivenköy Mah. Ortabahar Sk. Dýþ Kapý No:23A-23B;34;16;ÝSTANBUL;KADIKÖY;2.04.2024;Hayýr;;108;150;;;;18172;3172;3172
TÜRKKUYUSU BODRUM MUÐLA MM;GÜNEY EGE;1;MÝGROS;2;MM;8251;37.04259;27.429094;Türkkuyusu Mah. Kýbrýs Þehitleri Cad. No:90;48;1;MUÐLA;BODRUM;1.12.2023;Hayýr;;957;1384;;;;17489;3173;3173
MION ÝNKILAP MH BUCA ÝZMÝR;GÜNEY EGE;237;MION;247;MION;8253;38.39325;27.148692;Ýnkýlap Mah.Mehmet Akif Cad No:9A;35;3;ÝZMÝR;BUCA;15.11.2023;Hayýr;;122;142;;;;17507;3174;3174
ÞAHÝNTEPE MH KARATAÞ G.ANTEP M;DOÐU AKDENÝZ;1;MÝGROS;5;SERVÝS REYONLU M;8254;37.019765;37.33682;Þahintepe Mah 133398 Cadde No:5D/A-B-C-D-E-F;27;1;GAZÝANTEP;ÞAHÝNBEY;5.12.2023;Hayýr;;549;1006;;;;16749;3175;3175
ELBÝSTAN ADLÝYE K.MARAÞ M;DOÐU AKDENÝZ;1;MÝGROS;5;SERVÝS REYONLU M;8255;38.187577;37.217376;Yunus Emre Mah. Dr. Devlet Bahçeli Bulv. No:83;46;5;KAHRAMANMARAÞ;ELBÝSTAN;30.11.2023;Hayýr;;376;551;;;;18122;3176;3176
MJET PARK YENÝÞEHÝR BURSA;GÜNEY MARMARA;230;MJET;9;M-JET;8257;40.26575382;29.6493466;Yenigün Mah. Kozdere Cad. Dýþ Kapý No: 11A;16;17;BURSA;YENÝÞEHÝR;28.11.2023;Hayýr;;235;298;;;;17866;3178;3178
MION ALTINTEPE MH MALTEPE ÝST;DOÐU MARMARA;237;MION;247;MION;8262;40.952451;29.097237;Altýntepe Mah.Baðdat Cad.B Blok No:15-33/12;34;20;ÝSTANBUL;MALTEPE;26.12.2023;Hayýr;;96;109;;;;19026;3179;3179
MION KARAKÖPRÜ Þ.URFA;DOÐU/G.DOÐU ANADOLU;237;MION;247;MION;8263;37.223695;38.804614;Atakent Mah. Atatürk Bulv. No:41/C;63;13;ÞANLIURFA;KARAKÖPRÜ;28.12.2023;Hayýr;;112;205;;;;19520;3180;3180
MJET BAÞKENT CD PENDÝK ÝST;DOÐU MARMARA;230;MJET;9;M-JET;8264;40.891018;29.228396;Yeþilbaðlar Mah. Baþkent Cad. No:4;34;21;ÝSTANBUL;PENDÝK;15.12.2023;Hayýr;;202;373;;;;19222;3181;3181
MJET BÝRLÝK ORG ÝSTANBUL;DOÐU MARMARA;230;MJET;9;M-JET;8273;40.878645;29.391081;Aydýnlý - Birlik Osb. Mah.1 Nolu Cad. No:10;34;24;ÝSTANBUL;TUZLA;1.12.2023;Hayýr;;164;192;;;7287;13139;3182;3182
MION ATATÜRK BULVARI KÜTAHYA;GÜNEY MARMARA;237;MION;247;MION;8275;39.421684;29.986862;Servi mah. Atatürk Bulvarý no:35;43;0;KÜTAHYA;MERKEZ;12.12.2023;Hayýr;;273;343;;;;19956;3183;3183
MION HATAY RENKLÝ ÝZMÝR;GÜNEY EGE;237;MION;247;MION;8276;38.4016;27.1107;Basýn Sitesi Mah. Ýnönü Cad. No: 349F;35;30;ÝZMÝR;KARABAÐLAR;24.11.2023;Hayýr;;103;110;;;;17529;3184;3184
MJET SARAY MH. GÜLNAR MERSÝN;DOÐU AKDENÝZ;230;MJET;9;M-JET;8277;36.337373;33.402565;Saray Mah. Silifke Cad. Kapý No:24/1;33;6;MERSÝN;GÜLNAR;21.12.2023;Hayýr;;213;387;;;;16116;3185;3185
GÜLTEPE MH. SARIÇAM ADANA M;DOÐU AKDENÝZ;1;MÝGROS;6;SELF SERVÝS M;8278;37.059874;35.398994;Gültepe Mah. 810 Sokak. A Blok No:4AD;1;14;ADANA;SARIÇAM;20.12.2023;Hayýr;;490;646;;;;16302;3186;3186
YAZIR KONYA M MÝGROS;ÝÇ ANADOLU;1;MÝGROS;6;SELF SERVÝS M;8279;37.957037;32.50349;Yazýr Mahallesi Türkerler Sokak No:30/A;42;3;KONYA;SELÇUKLU;28.02.2024;Hayýr;;397;828;;;;20010;3187;3187
GÖDENE KONYA M MÝGROS;ÝÇ ANADOLU;1;MÝGROS;5;SERVÝS REYONLU M;8281;37.739091;32.400147;Gödene Mah. Þaheser Sok. No:2/A;42;2;KONYA;MERAM;22.12.2023;Hayýr;;682;925;;;;20008;3188;3188
MJET KONYA KERKÜK CADDESÝ;ÝÇ ANADOLU;230;MJET;9;M-JET;8282;37.885326;32.48825;Feritpaþa Mah. Kerkük Cad. No:16/B;42;3;KONYA;SELÇUKLU;29.12.2023;Hayýr;;289;529;;;;20006;3189;3189
FETÝH CADDESÝ KONYA M MÝGROS;ÝÇ ANADOLU;1;MÝGROS;6;SELF SERVÝS M;8283;37.878081;32.527027;Hacýveyiszade Mah. Þeyhülema Recepaða Cd. No:207/C;42;1;KONYA;KARATAY;29.03.2024;Hayýr;;598;1177;;;;20005;3190;3190
MESAJ CAD. KONYA M MÝGROS;ÝÇ ANADOLU;1;MÝGROS;6;SELF SERVÝS M;8284;38.012755;32.521904;Bosna Hersek Mah. Mesaj Cad. No:42/D;42;3;KONYA;SELÇUKLU;29.12.2023;Hayýr;;435;753;;;;20007;3191;3191
MION ÇARÞI BEYKOZ ÝST;DOÐU MARMARA;237;MION;247;MION;8285;41.134689;29.091378;Merkez Mah Fevzi Paþa Cad No:30 D:Z1;34;8;ÝSTANBUL;BEYKOZ;5.04.2024;Hayýr;;107;134;;;;19631;3192;3192
MION FORUM AVM DÝYARBAKIR;DOÐU/G.DOÐU ANADOLU;237;MION;247;MION;8286;37.957783;40.183788;Fabrika Mah. Elazýð Cad. No:165 Forum Avm;21;17;DÝYARBAKIR;YENÝÞEHÝR;20.12.2023;Hayýr;;149;193;;;;18712;3193;3193
MION BOSNA HERSEK MH KONYA;ÝÇ ANADOLU;237;MION;247;MION;8287;38.010626;32.525369;Bosna Hersek Mah Fatih Sok No:1/N;42;3;KONYA;SELÇUKLU;26.12.2023;Hayýr;;263;528;;;;17486;3194;3194
MOGAN GÖLBAÞI ANK MACROCENTER;ÝÇ ANADOLU;4;MACROCENTER;9;MACROCENTER;8296;39.781329;32.783774;Karþýyaka Mah. Haymana Bulvarý No: 220A;6;4;ANKARA;GÖLBAÞI;27.12.2023;Hayýr;;990;1237;;;;16896;3195;3195
MJET ATATÜRK BV SULUOVA AMASYA;KARADENÝZ/KUZEYD.AND;230;MJET;9;M-JET;8298;40.8216161;35.6566418;Yeni Mah. Atatürk Bulvarý No:121/A;5;5;AMASYA;SULUOVA;17.01.2024;Hayýr;;265;555;;;;17931;3196;3196
MION OPTÝMUM AVM ÝZMÝR;GÜNEY EGE;237;MION;247;MION;8299;38.338345;27.134672;Beyazevler Mah. Akçay Cad NO:101 Z.K.- 020/Z23;35;5;ÝZMÝR;GAZÝEMÝR;8.02.2024;Hayýr;;146;164;;;;17541;3197;3197
MION F. ALTAY MH ÝZMÝR;GÜNEY EGE;237;MION;247;MION;8300;38.39674;27.06954;Fatih Altay Mah Mehmetçik Blv. No:4/A;35;30;ÝZMÝR;KARABAÐLAR;22.12.2023;Hayýr;;85;143;;;;17533;3198;3198
MION MÝLLÝ KÜTÜPHANE CD ÝZMÝR;KUZEY EGE;237;MION;247;MION;8301;38.41831964;27.1296722;Konak Mah Milli Kütüphane Cad No:2;35;8;ÝZMÝR;KONAK;15.12.2023;Hayýr;;77;118;;;;20145;3199;3199
MJET DÝVRÝÐÝ SÝVAS;KARADENÝZ/KUZEYD.AND;230;MJET;9;M-JET;8302;39.371528;38.116118;Mercantepe Mah. Nacidemirað Cad. NO:59/A-B-C;58;3;SÝVAS;DÝVRÝÐÝ;19.01.2024;Hayýr;;263;385;;;;17804;3200;3200
MION FATÝH CD ÇAYIROVA KOCAELÝ;DOÐU MARMARA;237;MION;247;MION;8303;40.821636;29.37212;Yeni Mah. Fatih Cad No:77;41;8;KOCAELÝ;ÇAYIROVA;8.12.2023;Hayýr;;138;240;;;;19502;3201;3201
MJET SARAYKENT SÝVEREK Þ.URFA;DOÐU/G.DOÐU ANADOLU;230;MJET;9;M-JET;8304;37.742782;39.331355;Yeniþehir Mah. Bahri Karakeçili Cad.;63;8;ÞANLIURFA;SÝVEREK;8.12.2023;Hayýr;;200;256;;;;19522;3202;3202
OBA ALANYA MACROCENTER S;BATI AKDENÝZ;4;MACROCENTER;236;MACROCENTER S;8305;36.53736;32.04468;Oba Mah. Fabrika Cad.No:6B/C,6 B/D,6 B/E,6 B/F;7;2;ANTALYA;ALANYA;20.12.2023;Hayýr;;255;410;;;;16456;3203;3203
VEZÝRKÖPRÜ SAMSUN M MÝGROS;KARADENÝZ/KUZEYD.AND;1;MÝGROS;7;M ANADOLU;8306;41.138545;35.461025;Atatürk Mah.Dýþ Kapý No:23 Ýç Kapý No: 3-4;55;13;SAMSUN;VEZÝRKÖPRÜ;26.12.2023;Hayýr;;372;472;;;;19742;3204;3204
DENÝZ MH MEZÝTLÝ MERSÝN M;DOÐU AKDENÝZ;1;MÝGROS;6;SELF SERVÝS M;8307;36.700252;34.455031;Deniz Mh. Gazi Paþa Cd. B Blok Dýþ Kapý No:13B;33;11;MERSÝN;MEZÝTLÝ;26.12.2023;Hayýr;;516;676;;;;16910;3205;3205
MION PARK23 AVM ELAZIÐ;DOÐU/G.DOÐU ANADOLU;237;MION;247;MION;8308;38.665524;39.174888;Cumhuriyet mah. Malatya cad. no:70 Park23 AVM;23;0;ELAZIÐ;MERKEZ;16.02.2024;Hayýr;;106;125;;;;19759;3206;3206
MJET VARTO MUÞ;DOÐU/G.DOÐU ANADOLU;230;MJET;9;M-JET;8309;39.173757;41.455143;Kültür Mah. Atatürk Cad. No:23/1;49;5;MUÞ;VARTO;21.12.2023;Hayýr;;266;436;;;;19413;3207;3207
KADÝR HAS KONGRE MRK KAYSERÝ;DOÐU AKDENÝZ;1;MÝGROS;6;SELF SERVÝS M;8310;38.750894;35.49374;Zümrüt Mah. Bekir Yýldýz Bulv. No:108;38;1;KAYSERÝ;KOCASÝNAN;26.01.2024;Hayýr;;404;731;;;;16650;3208;3208
ATATÜRK CD SERÝK ANTALYA M;BATI AKDENÝZ;1;MÝGROS;6;SELF SERVÝS M;8311;36.91551;31.095603;Orta Mh. Atatürk Cd. No:111/A;7;14;ANTALYA;SERÝK;15.12.2023;Hayýr;;355;665;;;;18570;3209;3209
MION ALSANCAK KONAK ÝZMÝR;KUZEY EGE;237;MION;247;MION;8313;38.43512;27.143412;Alsancak Mah. 1440 Sokak No: 2A -2B;35;8;ÝZMÝR;KONAK;15.12.2023;Hayýr;;105;105;;;;17515;3210;3210
MION PETROL CÝTY AVM BATMAN;DOÐU/G.DOÐU ANADOLU;237;MION;247;MION;8314;37.920425;41.136581;Gültepe Mah. Demokrasi Blv. Petrol City Avm;72;0;BATMAN;MERKEZ;26.12.2023;Hayýr;;105;125;;;;18713;3211;3211
MION NÝNOVA AVM D.BAKIR;DOÐUAKDENZ/GÜNEYDOÐU;237;MION;247;MION;8315;37.935427;40.202043;Selahattin Eyyubi Mah Urfa Bulv.NINOVA;21;14;DÝYARBAKIR;BAÐLAR;29.12.2023;Hayýr;;199;254;;;;19592;3212;3212
MJET KAÞ ANTALYA PO;BATI AKDENÝZ;230;MJET;255;MJET-ÝSTASYON;8316;36.2018;29.6387;Andifli Mah. Atatürk Bulv. No:36;7;9;ANTALYA;KAÞ;22.12.2023;Hayýr;;55;89;;;;19398;3213;3213
KADIKÖY YALOVA M MÝGROS;GÜNEY MARMARA;1;MÝGROS;6;SELF SERVÝS M;8317;40.64224765;29.23742597;Merkez Mah.Kabaktarla Cad. ABlok No:28-29-30;77;0;YALOVA;MERKEZ;26.12.2023;Hayýr;;309;451;;;;14059;3214;3214
MJET GÖKÇEDERE TERMAL YALOVA;GÜNEY MARMARA;230;MJET;9;M-JET;8318;40.6072209;29.17431196;Gökçedere Mah. Turgut Özal Cad. No:66A;77;5;YALOVA;TERMAL;19.01.2024;Hayýr;;138;340;;;;19577;3215;3215
SÖÐÜT BÝLECÝK M MÝGROS;GÜNEY MARMARA;1;MÝGROS;7;M ANADOLU;8319;40.01501842;30.18473336;Orta Mah. Sakarya Cad No:19-25A;11;6;BÝLECÝK;SÖÐÜT;22.12.2023;Hayýr;;450;667;;;;15809;3216;3216
ÖMER MUHTAR BULVARI BATMAN MM;DOÐU/G.DOÐU ANADOLU;1;MÝGROS;2;MM;8320;37.904555;41.137836;Belde Mah Ömer Muhtar Bulv Florya Park Site A Blok;72;0;BATMAN;MERKEZ;29.02.2024;Hayýr;;1060;1512;;;;17745;3217;3217
GAZÝLER DÝYARBAKIR M MÝGROS;DOÐUAKDENZ/GÜNEYDOÐU;1;MÝGROS;5;SERVÝS REYONLU M;8321;37.933225;40.156636;Fýrat Mah. Yazýcýoðlu Ýnþ.;21;15;DÝYARBAKIR;KAYAPINAR;27.12.2023;Hayýr;;420;509;;;;14206;3218;3218
MJET SARIGÜLLÜK MH.GAZÝANTEP;DOÐU AKDENÝZ;230;MJET;9;M-JET;8322;37.068491;37.357199;Sarýgüllük Mah Kýlýç Ali Cad Flaþ Apt No:25/A-B;27;2;GAZÝANTEP;ÞEHÝTKAMÝL;14.12.2023;Hayýr;;177;222;;;;19394;3219;3219
YENÝ MAH.HÝLVAN ÞANLIURFA M;DOÐU/G.DOÐU ANADOLU;1;MÝGROS;7;M ANADOLU;8326;37.585803;38.959672;Yeni Mah. Diyarbakýr Cad. No:137E;63;7;ÞANLIURFA;HÝLVAN;14.12.2023;Hayýr;;338;926;;;;15276;3220;3220
MION CUMHURÝYET BLV ÞIRNAK;DOÐU/G.DOÐU ANADOLU;237;MION;247;MION;8327;37.52198;42.458124;Aydýnlýkevler Mah. Cumhuriyet Bulv. No:25 Z4;73;0;ÞIRNAK;MERKEZ;27.12.2023;Hayýr;;129;139;;;;19603;3221;3221
ATLASPARK ÝST TANSAÞ GROSS;DOÐU MARMARA;231;TOPTAN SATIÞ;251;GROSS;8328;40.969521;29.255422;Abdurrahman Gazi Mah.Fatih Bulvarý No:67;34;31;ÝSTANBUL;SULTANBEYLÝ;19.01.2024;Hayýr;;3079;3993;;1;4775;;3222;3222
YENÝ MAHALLE ÞIRNAK M MÝGROS;DOÐU/G.DOÐU ANADOLU;1;MÝGROS;5;SERVÝS REYONLU M;8329;37.521581;42.4582452;Aydýnlýkevler Mah. Cumhuriyet Bulv. No:25-Z3;73;0;ÞIRNAK;MERKEZ;27.12.2023;Hayýr;;435;625;;;;19593;3223;3223
HÜKÜMET KONAÐI NUSAYBÝN MARDÝN;DOÐU/G.DOÐU ANADOLU;1;MÝGROS;7;M ANADOLU;8330;37.077847;41.2151117;Devrim Mah. Hýnýs Cad. No:51A-B-C-D-E;47;6;MARDÝN;NUSAYBÝN;26.12.2023;Hayýr;;388;489;;;;18096;3224;3224
MJET MUSAZADE MH ARHAVÝ ARTVÝN;KARADENÝZ/KUZEYD.AND;230;MJET;9;M-JET;8331;41.348969;41.307373;Musazade Mah. Musa Ulutaþ Cad. No:34/11;8;2;ARTVÝN;ARHAVÝ;14.12.2023;Hayýr;;178;330;;;;19598;3225;3225
MION U.MUMCU BLV ÖZLÜCE BURSA;GÜNEY MARMARA;237;MION;247;MION;8332;40.22084352;28.9159482;Altýnþehir Mah. Uður Mumcu Bulv. No:76 / A;16;1;BURSA;NÝLÜFER;22.12.2023;Hayýr;;211;263;;;;19775;3226;3226
SARIKAMIÞ KARS M MÝGROS;KARADENÝZ/KUZEYD.AND;1;MÝGROS;7;M ANADOLU;8334;40.333274;42.586934;Cumhuriyet Mah. Cumhuriyet Cad. No:17;36;5;KARS;SARIKAMIÞ;23.02.2024;Hayýr;;554;812;;;;19437;3227;3227
MAHALL BOMONTÝ ÝZM MACROCENTER;KUZEY EGE;4;MACROCENTER;9;MACROCENTER;8335;38.434532;27.163043;Halkapýnar Mah. Mürselpaþa Blv. Mahall Bomonti;35;8;ÝZMÝR;KONAK;20.03.2024;Hayýr;;390;519;;;;16426;3228;3228
MJET GÜRCÜKAPI ERZURUM;DOÐUKARDENZ/KUZEYDÐU;230;MJET;9;M-JET;8336;39.911228;41.274797;Kazým Karabekir Paþa  Mah.Orhan Þerif Soy Cad.No:4;25;21;ERZURUM;YAKUTÝYE;29.12.2023;Hayýr;;170;232;;;;19803;3229;3229
MÝTHATPAÞA MH. ÝST M MÝGROS;BATI MARMARA;1;MÝGROS;5;SERVÝS REYONLU M;8337;41.15846;28.91217;Mithatpaþa Mah. 3. Pýnar Sok. No:6/A-B-C;34;12;ÝSTANBUL;EYÜPSULTAN;8.02.2024;Hayýr;;352;480;;;;19390;3230;3230
BELEDÝYE ZÝLE TOKAT M MÝGROS;KARADENÝZ/KUZEYD.AND;1;MÝGROS;5;SERVÝS REYONLU M;8339;40.301715;35.886298;Cedit Mah. Cumhuriyet Cad. No:7/A;60;11;TOKAT;ZÝLE;29.12.2023;Hayýr;;621;1803;;;;19190;3231;3231
AHÝ MESUT MH. ANKARA M MÝGROS;ÝÇ ANADOLU;1;MÝGROS;6;SELF SERVÝS M;8340;39.931557;32.63651;Ahi Mesut Mah. Zirve Cad. No:18/1;6;3;ANKARA;ETÝMESGUT;22.12.2023;Hayýr;;450;600;;;;17524;3232;3232
KAPIKULE EDÝRNE M MÝGROS;BATI MARMARA;1;MÝGROS;6;SELF SERVÝS M;8341;41.70811205;26.38825676;Kemal Köyü Mah Kapýkule Yolu Dýþ Kapý No: 554;22;0;EDÝRNE;MERKEZ;29.03.2024;Hayýr;;271;360;;;;;3233;3233
ÖNERLER MH ÇORLU TEKÝRDAÐ M;BATI MARMARA;1;MÝGROS;5;SERVÝS REYONLU M;8342;41.1574709;27.8781707;Önerler Mah. Çamlýbel Cad. No:125A-B;59;2;TEKÝRDAÐ;ÇORLU;12.01.2024;Hayýr;;290;397;;;;18069;3234;3234
MION ARMONÝPARK AVM ÝSTANBUL;BATI MARMARA;237;MION;247;MION;8343;41.006977;28.797333;Tevfik Bey Mah. Halkalý Cd No:130;34;19;ÝSTANBUL;KÜÇÜKÇEKMECE;29.12.2023;Hayýr;;99;120;;;;19144;3235;3235
MJET ALPARK  ÝSTANBUL;BATI MARMARA;230;MJET;9;M-JET;8344;41.085694;28.943039;Alibeyköy Mah Boðaziçi Cad No:50-62 Ýç Kapý No:35;34;12;ÝSTANBUL;EYÜPSULTAN;28.12.2023;Hayýr;;170;290;;;;18835;3236;3236
MJET ORTAKÖY MH MUÐLA;GÜNEY EGE;230;MJET;9;M-JET;8349;37.184479;28.429341;Ortaköy Mh. Diðer Küme Evler 269/17A No:10;48;12;MUÐLA;MENTEÞE;12.01.2024;Hayýr;;275;321;;;;14583;3237;3237
U.MUMCU BLV ADANA MACROCENTER;DOÐU AKDENÝZ;4;MACROCENTER;9;MACROCENTER;8350;37.048795;35.301525;Güzelyalý Mah. Uður Mumcu Bulv. No:10;1;15;ADANA;ÇUKUROVA;28.02.2024;Hayýr;;588;1167;;;;12463;3238;3238
MION METROPORT AVM B.EVLER ÝST;BATI MARMARA;237;MION;247;MION;8351;40.995515;28.862792;Bahçelievler Mah. Kültür Sok. Metroport No: 1;34;4;ÝSTANBUL;BAHÇELÝEVLER;26.01.2024;Hayýr;;125;140;;;;19552;3239;3239
MJET ATATÜRK CD BUCAK BURDUR;BATI AKDENÝZ;230;MJET;9;M-JET;8352;37.4565;30.5964;Karayvatlar Mah. 951. Sok. No:1/A;15;3;BURDUR;BUCAK;31.01.2024;Hayýr;;169;359;;;;18568;3240;3240
ÖMERLÝ ÇEKMEKÖY ÝSTANBUL MMM;DOÐU MARMARA;1;MÝGROS;3;MMM;8353;41.083605;29.330431;Ömerli Mah. Ilgýn Cad No:22/AA;34;37;ÝSTANBUL;ÇEKMEKÖY;5.04.2024;Hayýr;;1304;1754;;3;;17585;3241;3241
PAÞABAYIRI BANDIRMA B.KESÝR M;GÜNEY MARMARA;1;MÝGROS;6;SELF SERVÝS M;8354;40.3415737;27.95454137;Paþakonak Mah. Hamitkaplan Cad. No:75/B1;10;3;BALIKESÝR;BANDIRMA;3.01.2024;Hayýr;;404;600;;;5483;;3242;3242
UNCALI MH ANTALYA MACROCENTER;BATI AKDENÝZ;4;MACROCENTER;9;MACROCENTER;8359;36.879758;30.626342;Uncalý Mah. Gazi Nustafa Kemal Bulv. B1 Blok;7;18;ANTALYA;KONYAALTI;13.02.2024;Hayýr;;530;1597;;;;19484;3243;3243
ÝDEALÝSTKENT ÞÝLE ÝSTANBUL M;DOÐU MARMARA;1;MÝGROS;6;SELF SERVÝS M;8360;41.168669;29.604833;Çavuþ Mah. Bayrak Cad. No:5;34;32;ÝSTANBUL;ÞÝLE;3.01.2024;Hayýr;;603;814;;;7209;10766;3244;3244
FSM CD DARICA KOCAELÝ M MÝGROS;DOÐU MARMARA;1;MÝGROS;5;SERVÝS REYONLU M;8361;40.78802;29.345447;Bayramoðlu Mah. FSM Cad. Kefeli Ýþ Merkezi;41;9;KOCAELÝ;DARICA;30.12.2023;Hayýr;;327;387;;;;14332;3245;3245
BÜYÜKADA M MÝGROS;DOÐU MARMARA;1;MÝGROS;6;SELF SERVÝS M;8362;40.874192;29.127003;Nizam Mah. Gülistan Cad. No:123/B;34;1;ÝSTANBUL;ADALAR;3.01.2024;Hayýr;;445;506;;;3543;;3246;3246
YENÝ MH AÞKALE ERZURUM M;KARADENÝZ/KUZEYD.AND;1;MÝGROS;6;SELF SERVÝS M;8365;39.919552;40.684756;Yeni Mah. Ýstanbul Cad. No:81AH 81AF 81AE 81AG;25;1;ERZURUM;AÞKALE;2.02.2024;Hayýr;;305;392;;;;19443;3247;3247
MJET NUMUNE YAKUTÝYE ERZURUM;KARADENÝZ/KUZEYD.AND;230;MJET;9;M-JET;8366;39.90833;41.267857;Lalapaþa Mah. Çaykara Cad No:12/B;25;21;ERZURUM;YAKUTÝYE;30.01.2024;Hayýr;;178;256;;;;19807;3248;3248
MJET GÖMBE MH KAÞ ANTALYA;BATI AKDENÝZ;230;MJET;9;M-JET;8367;36.5524;29.6697;Gömbe Mah. Söðütcük Cad. Dýþ Kapý No:1/3;7;9;ANTALYA;KAÞ;5.04.2024;Hayýr;;155;238;;;;16208;3249;3249
YAKUT MH KAYSERÝ M MÝGROS;DOÐU AKDENÝZ;1;MÝGROS;6;SELF SERVÝS M;8369;38.738056;35.492837;Yakut Mah.Elisevler Cad. No: 2/A;38;1;KAYSERÝ;KOCASÝNAN;5.01.2024;Hayýr;;320;803;;;5058;;3250;3250
YENÝDOÐAN MH. KAYSERÝ M;DOÐU AKDENÝZ;1;MÝGROS;6;SELF SERVÝS M;8370;38.697739;35.549394;Yenidoðan Mah.Kayabaðlar Cad.No:43;38;13;KAYSERÝ;TALAS;5.01.2024;Hayýr;;313;478;;;4364;;3251;3251
ÇAYYOLU MH. KÖYÝÇÝ ANKARA M;ÝÇ ANADOLU;1;MÝGROS;6;SELF SERVÝS M;8371;39.886607;32.694832;Çayyolu Mah. 2661/1 Sokak No: 3E/3-3E/4;6;2;ANKARA;ÇANKAYA;2.02.2024;Hayýr;;550;950;;;6884;9911;3252;3252
GÖKSU MH. ERYAMAN ANKARA;ÝÇ ANADOLU;1;MÝGROS;6;SELF SERVÝS M;8372;40.003185;32.640335;Göksu Mah. 2. Ýnönü Cad. No:20.A.20.B.20.C;6;3;ANKARA;ETÝMESGUT;2.02.2024;Hayýr;;451;780;;;7450;13736;3253;3253
ANAYURT TALAS KAYSERÝ M MÝGROS;DOÐU AKDENÝZ;1;MÝGROS;6;SELF SERVÝS M;8373;38.708216;35.555582;Mevlana Mah.Mehmet Timuçin Cad.No:2;38;13;KAYSERÝ;TALAS;5.01.2024;Hayýr;;330;706;;;4291;;3254;3254
GEREKLÝ SOKAK ESKÝÞEHÝR M;ÝÇ ANADOLU;1;MÝGROS;6;SELF SERVÝS M;8382;39.790905;30.469218;Batýkent Mah. Kardak Sok.No:1/A;26;14;ESKÝÞEHÝR;TEPEBAÞI;9.01.2024;Hayýr;;610;850;;;6603;9400;3255;3255
MJET YAÞAM PLUS BAÐCILAR ÝST;BATI MARMARA;230;MJET;9;M-JET;8383;41.044409;28.835227;Yenimahalle Mah. 1545 Sokak  No:1-3J;34;3;ÝSTANBUL;BAÐCILAR;9.02.2024;Hayýr;;165;206;;;;19139;3256;3256
MJET DÖRTYOL HORASAN ERZURUM;KARADENÝZ/KUZEYD.AND;230;MJET;9;M-JET;8393;40.039521;42.168672;Adnan Menderes mah. Erzurum yolu cad. no:9;25;4;ERZURUM;HORASAN;1.02.2024;Hayýr;;160;210;;;;19875;3257;3257
OYAK DRAGOS ÝST MACROCENTER;DOÐU MARMARA;4;MACROCENTER;9;MACROCENTER;8394;40.91704;29.158329;Cevizli Mah.Tugay Yolu Cad. No:10/C;34;20;ÝSTANBUL;MALTEPE;26.03.2024;Hayýr;;482;865;;;;19710;3258;3258
MJET GAZÝ MH MENEMEN ÝZMÝR;KUZEY EGE;230;MJET;9;M-JET;8395;38.564609;27.066989;Gazi Mah. 7733 Sok. No:6;35;22;ÝZMÝR;MENEMEN;19.01.2024;Hayýr;;229;669;;;;18668;3259;3259
MJET ALMUS TOKAT;KARADENÝZ/KUZEYD.AND;230;MJET;9;M-JET;8396;40.376923;36.903638;Ýstiklal Mah. Meydan Cad. No:10/A;60;1;TOKAT;ALMUS;4.04.2024;Hayýr;;200;245;;;;18967;3260;3260
MJET ADALI SK MALTEPE ÝSTANBUL;DOÐU MARMARA;230;MJET;9;M-JET;8397;40.927639;29.130292;Altayçeþme Mah. Adalý Sok. No:3;34;20;ÝSTANBUL;MALTEPE;25.04.2024;Hayýr;;247;390;;;;17818;3261;3261
ÇENGELKÖY CADDE ÝSTANBUL MM;DOÐU MARMARA;1;MÝGROS;2;MM;8398;41.050766;29.062708;Çengelköy Mah Prof Dr Beynun Akyavaþ Cd No:16A-16B;34;26;ÝSTANBUL;ÜSKÜDAR;31.05.2024;Hayýr;;842;1145;;;;15059;3262;3262
MJET SEYYAH PARK ÇORUM;ÝÇ ANADOLU;230;MJET;9;M-JET;8399;40.571777;34.992221;Üçtutlar Mahallesi Samsun Yolu Bulvarý No: 13B;19;0;ÇORUM;MERKEZ;25.01.2024;Hayýr;;209;439;;;;19041;3263;3263
ALTINTAS DALAMAN MUÐLA M;GÜNEY EGE;1;MÝGROS;6;SELF SERVÝS M;8400;36.781891;28.809828;Altýntas Mah. Ýstiklal Cd. No:33 A;48;2;MUÐLA;DALAMAN;14.02.2024;Hayýr;;471;926;;;;16106;3264;3264
MJET ÞEHÝTLÝK MH POLATLI ANK;ÝÇ ANADOLU;230;MJET;9;M-JET;8401;39.59074;32.129448;Þehitlik Mah. Emine Iþýnsu Cad. No: 11A;6;23;ANKARA;POLATLI;21.02.2024;Hayýr;;236;307;;;;19211;3265;3265
MARÝN ALAÇATI MACROCENTER S;KUZEY EGE;4;MACROCENTER;236;MACROCENTER S;8402;38.253937;26.383341;Alaçatý Mah. 18000/1 Sok. No:4/18;35;14;ÝZMÝR;ÇEÞME;21.05.2024;Hayýr;;225;320;;;;18191;3266;3266
MJET ÜNGÜT MH K.MARAÞ PO;DOÐU AKDENÝZ;230;MJET;255;MJET-ÝSTASYON;8403;37.599752;36.826107;Üngüt Mah. Prof. Necmettin Erbakan Bulvarý No:177;46;11;KAHRAMANMARAÞ;ONÝKÝÞUBAT;4.03.2024;Hayýr;;70;73;;;;19893;3267;3267
MJET MERKEZ MH. GOP ÝSTANBUL;BATI MARMARA;230;MJET;9;M-JET;8404;41.059062;28.908656;Merkez Mah. Çukurçeþme Cad. No:49B;34;14;ÝSTANBUL;GAZÝOSMANPAÞA;1.02.2024;Hayýr;;222;353;;;;19224;3268;3268
MJET BÜLBÜLDERESÝ CD ANKARA;ÝÇ ANADOLU;230;MJET;9;M-JET;8405;39.911262;32.866523;Doðuþ Mah. Bülbülderesi Cad. No: 77A;6;2;ANKARA;ÇANKAYA;30.01.2024;Hayýr;;133;171;;;;17322;3269;3269
MJET TOKÝ EDREMÝT VAN;DOÐU/G.DOÐU ANADOLU;230;MJET;9;M-JET;8406;38.407948;43.252825;Erdemkent Mah. Toki 3.Cadde No: 8/3;65;5;VAN;EDREMÝT;22.02.2024;Hayýr;;233;282;;;;19800;3270;3270
VATAN MH. KARABAÐLAR ÝZMÝR M;GÜNEY EGE;1;MÝGROS;6;SELF SERVÝS M;8407;38.392487;27.10113;Vatan Mh. 9086/6 sk. no:99-105;35;30;ÝZMÝR;KARABAÐLAR;23.02.2024;Hayýr;;532;639;;;;17184;3271;3271
ATAÞEHÝR DK MUTFAK;DOÐU MARMARA;1;MÝGROS;8;DK MUTFAK;8408;40.9908438;29.10144746;Barbaros Mah. Timur Sok. No:2/A;34;34;ÝSTANBUL;ATAÞEHÝR;9.01.2024;Hayýr;;90;90;;;;;3272;3272
BEÞÝKTAÞ DK MUTFAK;BATI MARMARA;1;MÝGROS;8;DK MUTFAK;8409;41.05200601;29.0053653;Abbasaða Mah. Fulya Deresi Sok. No:15/A;34;7;ÝSTANBUL;BEÞÝKTAÞ;9.01.2024;Hayýr;;240;240;;;;;3273;3273
GÖKTÜRK DK MUTFAK;BATI MARMARA;1;MÝGROS;8;DK MUTFAK;8410;41.1832586;28.88725161;Göktürk Mah. 1.Candan Sok. No:8B;34;12;ÝSTANBUL;EYÜPSULTAN;9.01.2024;Hayýr;;200;200;;;;;3274;3274
PURSAKLAR ANKARA M MÝGROS;ÝÇ ANADOLU;1;MÝGROS;6;SELF SERVÝS M;8411;40.069291;32.926085;Saray Cumhuriyet Mah. Þehit Ahmet Edem Cad. No:6/D;6;25;ANKARA;PURSAKLAR;2.02.2024;Hayýr;;403;561;;;7146;13816;3275;3275
SAKLIVADÝ ÝSTANBUL MACROCENTER;BATI MARMARA;4;MACROCENTER;9;MACROCENTER;8412;41.102916;28.976563;Ayazaða Mah.215 Cad.No:10D B2 Blok Zemin kat;34;22;ÝSTANBUL;SARIYER;15.05.2024;Hayýr;;385;550;;;;17240;3276;3276
MJET YEÞÝL MAHALLE KAYSERÝ;DOÐU AKDENÝZ;230;MJET;9;M-JET;8413;38.752939;35.469699;Yeþil Mah. Erkilet Bulvarý No:202/A;38;1;KAYSERÝ;KOCASÝNAN;16.02.2024;Hayýr;;220;659;;;;16908;3277;3277
MJET ATATÜRK MH TUNCELÝ;KARADENÝZ/KUZEYD.AND;230;MJET;9;M-JET;8415;39.081331;39.537359;Atatürk Mah. 15 Temmuz Þehitler Bulv. Þah apt;62;0;TUNCELÝ;MERKEZ;15.02.2024;Hayýr;;207;410;;;;19806;3278;3278
MJET ÇAVDIR KAÞ ANTALYA;BATI AKDENÝZ;230;MJET;9;M-JET;8416;36.3638;29.353;Çavdýr Mah.Merkez Çavdýr Sok No:27/1 ÝçKapý 1;7;9;ANTALYA;KAÞ;16.02.2024;Hayýr;;175;204;;;;19402;3279;3279
MEHMET AKÝF ERSOY ALANYA ANT M;BATI AKDENÝZ;1;MÝGROS;6;SELF SERVÝS M;8417;36.5515;31.9864;Kýzlarpýnarý Mah. Mehmet Akif Ersoy Cad.;7;2;ANTALYA;ALANYA;23.02.2024;Hayýr;;454;562;;;;19980;3280;3280
VADÝÞEHÝR MH ESKÝÞEHÝR MM;ÝÇ ANADOLU;1;MÝGROS;2;MM;8418;39.743975;30.539191;Vadiþehir Mah. Özlem Cad. No:74/AA;26;13;ESKÝÞEHÝR;ODUNPAZARI;22.03.2024;Hayýr;;590;860;;;;18795;3281;3281
MJET ULUOYMAK MH GEDÝZ KÜTAHYA;GÜNEY MARMARA;230;MJET;9;M-JET;8419;38.988686;29.392664;Uluoymak Mah 71.Sokak No:24/A;43;7;KÜTAHYA;GEDÝZ;30.01.2024;Hayýr;;260;703;;;;16773;3282;3282
MJET MERVEÞEHÝR MH G.ANTEP;DOÐU AKDENÝZ;230;MJET;9;M-JET;8420;37.096606;37.391784;Merveþehir Mah. 49008 Sk. Zeytin Apt.;27;2;GAZÝANTEP;ÞEHÝTKAMÝL;22.02.2024;Hayýr;;238;320;;;;19901;3283;3283
MJET BOLVADÝN AFYONKARAHÝSAR;ÝÇ ANADOLU;230;MJET;9;M-JET;8421;38.71167;31.044361;Lala Sinan Paþa Mah Ýhsaniye Cad No:3/7;3;3;AFYONKARAHÝSAR;BOLVADÝN;9.02.2024;Hayýr;;244;743;;;;16628;3284;3284
HASTANE GÖLBAÞI ANKARA M;ÝÇ ANADOLU;1;MÝGROS;5;SERVÝS REYONLU M;8422;39.789775;32.82986;Seðmenler Mah. Cumhuriyet Cad. No: 144AA;6;4;ANKARA;GÖLBAÞI;8.02.2024;Hayýr;;495;684;;;;14626;3285;3285
MJET ALTINOVA ORTA MH ANTALYA;BATI AKDENÝZ;230;MJET;9;M-JET;8423;36.925827;30.774014;Altýnova Orta Mah. Þelale Sok. No:57AA;7;17;ANTALYA;KEPEZ;23.02.2024;Hayýr;;273;373;;;;14969;3286;3286
AYAÞ ANKARA M MÝGROS;ÝÇ ANADOLU;1;MÝGROS;7;M ANADOLU;8424;40.019202;32.321905;Hacý Recep Mahallesi Ayaþ Ankara Bulvarý No: 27A;6;10;ANKARA;AYAÞ;16.02.2024;Hayýr;;335;458;;;;16401;3287;3287
MJET UÇHÝSAR NEVÞEHÝR;DOÐU AKDENÝZ;230;MJET;9;M-JET;8425;38.627852;34.797361;Yukarý Mah. Fatih Cad. No:56;50;0;NEVÞEHÝR;MERKEZ;5.04.2024;Hayýr;;125;266;;;;18611;3288;3288
MION MASLAK ORJÝN ÝSTANBUL;BATI MARMARA;237;MION;247;MION;8426;41.108959;29.019174;Maslak Mah. Eski Büyükdere Cad. No:27/8-9;34;22;ÝSTANBUL;SARIYER;27.02.2024;Hayýr;;131;165;;;;19389;3289;3289
MION GEBZE CENTER KOCAELÝ;DOÐU MARMARA;237;MION;247;MION;8427;40.79574;29.44208;Alýþveriþ Merkezi, Tatlýkuyu Mah.1319/1 Sok.;41;1;KOCAELÝ;GEBZE;22.03.2024;Hayýr;;102;123;;;;19988;3290;3290
TOKÝ EDÝRNE MM MÝGROS;BATI MARMARA;1;MÝGROS;2;MM;8428;41.69118595;26.57940022;Barutluk Mah. Tekirdaðlý Hüseyin Cad.;22;0;EDÝRNE;MERKEZ;4.07.2024;Hayýr;;894;1569;;;;18934;3291;3291
GAFFAR OKKAN ATAKUM SAMSUN M;KARADENÝZ/KUZEYD.AND;1;MÝGROS;6;SELF SERVÝS M;8430;41.338032;36.236373;Yeni Mahalle Mah. Ali Gaffar Okkan Cad.No:89B;55;15;SAMSUN;ATAKUM;9.02.2024;Hayýr;;437;737;;;;19473;3292;3292
GELÝÞÝM MH KÖYCEÐÝZ MUÐLA MM;GÜNEY EGE;1;MÝGROS;2;MM;8431;36.967804;28.690543;Geliþim Mah. Ýnönü Cad. No:12A/ 1-2 12B/1-2;48;6;MUÐLA;KÖYCEÐÝZ;29.02.2024;Hayýr;;632;1238;;;;16243;3293;3293
ÞÝLE ÝSTANBUL MACROCENTER;DOÐU MARMARA;4;MACROCENTER;9;MACROCENTER;8432;41.15795;29.589909;Ahmetli Mah.Üsküdar Cad.No:336/C;34;32;ÝSTANBUL;ÞÝLE;31.07.2024;Hayýr;;723;954;;;;19756;3294;3294
MJET TAÞOCAÐI CD ESENLER ÝST;BATI MARMARA;230;MJET;9;M-JET;8433;41.055003;28.869613;Esenler Havaalaný Mah. Taþocaðý Cad.;34;11;ÝSTANBUL;ESENLER;3.04.2024;Hayýr;;205;253;;;;20113;3295;3295
MJET GAZÝ CD ÜSKÜDAR ÝSTANBUL;DOÐU MARMARA;230;MJET;9;M-JET;8434;41.023362;29.028092;Muratreis Mah. Topal Sok. Dýþ Kapý No: 32 A;34;26;ÝSTANBUL;ÜSKÜDAR;31.01.2024;Hayýr;;148;186;;;;19090;3296;3296
SAÐLIK MH ERGENE TEKÝRDAÐ M;BATI MARMARA;1;MÝGROS;6;SELF SERVÝS M;8435;41.18527439;27.76766238;Saðlýk Mah. Piri Reis Cad. No:17-19 A;59;9;TEKÝRDAÐ;ERGENE;8.04.2024;Hayýr;;320;505;;;;19971;3297;3297
MACUN MH AKSU ANTALYA M;BATI AKDENÝZ;1;MÝGROS;6;SELF SERVÝS M;8436;36.9561;30.84328;Macun Mah. 2026 Sokak No:15/7-8;7;15;ANTALYA;AKSU;19.04.2024;Hayýr;;298;487;;;;16470;3298;3298
TEYYAREDÜZÜ MH GÝRESUN M;KARADENÝZ/KUZEYD.AND;1;MÝGROS;5;SERVÝS REYONLU M;8437;40.911308;38.334465;Teyyaredüzü Mah Karabekir Sok Dýþ Kapý No:3438A;28;0;GÝRESUN;MERKEZ;27.02.2024;Hayýr;;382;630;;;;18883;3299;3299
KALE YOLU VAN M MÝGROS;DOÐU/G.DOÐU ANADOLU;1;MÝGROS;7;M ANADOLU;8438;38.501335;43.359848;Halilaða Mah Melen Cad Dýþ Kapý No:55A-B-C-D;65;12;VAN;ÝPEKYOLU;2.04.2024;Hayýr;;358;533;;;;19874;3300;3300
MION C.KARAVÝL AVM D.BAKIR;DOÐU/G.DOÐU ANADOLU;237;MION;247;MION;8439;37.928274;40.17089;Peyas Mah Diyarbakýr-Þanlýurfa yolu üzeri;21;15;DÝYARBAKIR;KAYAPINAR;31.01.2024;Hayýr;;163;187;;;;19834;3301;3301
A. ÇETÝNKAYA AYVALIK B.KESÝR M;KUZEY EGE;1;MÝGROS;6;SELF SERVÝS M;8440;39.333356;26.713451;ALÝ ÇETÝNKAYA Mah. 3028 Sok. No: 2 A;10;1;BALIKESÝR;AYVALIK;20.02.2024;Hayýr;;416;661;;;6427;;3302;3302
50. YIL MH YENÝÞEHÝR MERSÝN M;DOÐU AKDENÝZ;1;MÝGROS;6;SELF SERVÝS M;8441;36.802192;34.567726;50. Yýl Mah. 15. Cadd. Ekinci Solaris A Blok;33;13;MERSÝN;YENÝÞEHÝR;5.04.2024;Hayýr;;500;700;;;;15233;3303;3303
MJET KARÞIYAKA MH CANÝK SAMSUN;KARADENÝZ/KUZEYD.AND;230;MJET;9;M-JET;8442;41.271852;36.366099;Karþýyaka Mah. Ulus 1 Sokak No:1;55;16;SAMSUN;CANÝK;8.02.2024;Hayýr;;245;297;;;7916;17564;3304;3304
KARABURUN ÝZMÝR MACROCENTER S;KUZEY EGE;4;MACROCENTER;236;MACROCENTER S;8443;38.642866;26.514429;Ýskele Mah. Kuyucak Cad. No:28A-28B;35;17;ÝZMÝR;KARABURUN;27.02.2024;Hayýr;;258;578;;;;17567;3305;3305
OBA SAHÝL ALANYA MACROKIOSK;BATI AKDENÝZ;235;MACROKIOSK;243;MACROKIOSK;8444;36.5342;32.0363;Oba Mah. Atatürk Cad. No:17/BA-17/BB;7;2;ANTALYA;ALANYA;21.02.2024;Hayýr;;140;189;;;;19906;3306;3306
KUYUMCUKENT B.EVLER ÝST MM;BATI MARMARA;1;MÝGROS;2;MM;8445;41.008191;28.818393;Merkez Mah Ladin Sok.KuyumcuKent Sit No:4;34;4;ÝSTANBUL;BAHÇELÝEVLER;22.05.2024;Hayýr;;664;863;;;;18827;3307;3307
MJET TRABZON YAYLACIK;KARADENÝZ/KUZEYD.AND;230;MJET;9;M-JET;8446;41.016239;39.587094;Yaylacýk Mah. Ýlkadým Cad No:9/B;61;1;TRABZON;AKÇAABAT;13.02.2024;Hayýr;;257;292;;;7233;14484;3308;3308
MJET AKÇAABAT TRABZON;DOÐUKARDENZ/KUZEYDÐU;230;MJET;9;M-JET;8447;41.02028;39.57588;Dürbinal Mah. Ýnönü Cad No:15;61;1;TRABZON;AKÇAABAT;16.02.2024;Hayýr;;214;240;;;7337;;3309;3309
MJET ADATEPE TRABZON;KARADENÝZ/KUZEYD.AND;230;MJET;9;M-JET;8448;40.992171;39.664678;1 Nolu Beþirli Mah. Eyüpoðlu Cad No:17/A;61;18;TRABZON;ORTAHÝSAR;20.02.2024;Hayýr;;305;379;;;7346;;3310;3310
MJET YAVUZ SELÝM BLV TRABZON;KARADENÝZ/KUZEYD.AND;230;MJET;9;M-JET;8449;41.002904;39.722924;Cumhuriyet Mah. No:195/A;61;18;TRABZON;ORTAHÝSAR;27.02.2024;Hayýr;;286;317;;;7338;;3311;3311
MJET SÜRMENE TRABZON;KARADENÝZ/KUZEYD.AND;230;MJET;9;M-JET;8450;40.912029;40.115981;Çarþý Mah Hükümet Cad No:26/A;61;13;TRABZON;SÜRMENE;9.02.2024;Hayýr;;243;260;;;7335;;3312;3312
MJET M. YAZICIOÐLU BOLU;ÝÇ ANADOLU;230;MJET;9;M-JET;8462;40.739443;31.567354;Kýlýçarslan Mah. Muhsin Yazýcýoðlu Bulvarý No:13A;14;0;BOLU;MERKEZ;29.02.2024;Hayýr;;257;310;;;;17954;3313;3313
MJET AKTAÞ BOLU;ÝÇ ANADOLU;230;MJET;9;M-JET;8463;40.727763;31.611162;Aktaþ Mah. Akýncý Sok. No: 72/A;14;0;BOLU;MERKEZ;15.02.2024;Hayýr;;248;291;;;;19621;3314;3314
MJET KURTULUÞ CD KEMER ANTALYA;BATI AKDENÝZ;230;MJET;9;M-JET;8464;36.6711;30.5489;Göynük Mah. Kurtuluþ Cad. A blok No:13 A-B;7;10;ANTALYA;KEMER;17.05.2024;Hayýr;;167;325;;;;17797;3315;3315
MJET TIP FAKÜLTESÝ DÜZCE;GÜNEY MARMARA;230;MJET;9;M-JET;8465;40.90613805;31.17166678;Orhangazi Mah. Konuralp 431 Cad.;81;0;DÜZCE;MERKEZ;1.03.2024;Hayýr;;209;242;;;;19499;3316;3316
MJET DARICA KOCAELÝ PO;DOÐU MARMARA;230;MJET;255;MJET-ÝSTASYON;8466;40.794637;29.367917;Emek Mah. Fatih Sultan Mehmet Cad Petrol No:110;41;9;KOCAELÝ;DARICA;23.02.2024;Hayýr;;89;97;;;;19757;3317;3317
ATATÜRK MH KAPAKLI TEKÝRDAÐ M;BATI MARMARA;1;MÝGROS;6;SELF SERVÝS M;8467;41.33586494;27.97923844;Atatürk Mah. Yýldýz Cad. No: 63-65 C-D;59;10;TEKÝRDAÐ;KAPAKLI;31.07.2024;Hayýr;;355;484;;;;19978;3318;3318
1923 BEYTEPE ANKARA M MÝGROS;ÝÇ ANADOLU;1;MÝGROS;6;SELF SERVÝS M;8470;39.860973;32.712159;Beytepe Mah. 5388. Sokak No: 1C-1;6;2;ANKARA;ÇANKAYA;13.06.2024;Hayýr;;450;559;;;;16897;3320;3320
MJET KARÇÝÇEÐÝ SK GÖLBAÞI ANK;ÝÇ ANADOLU;230;MJET;9;M-JET;8471;39.777403;32.756776;Karþýyaka Mahallesi 492. Cadde No: 74;6;4;ANKARA;GÖLBAÞI;3.04.2024;Hayýr;;267;632;;;;19859;3321;3321
MJET NERGÝZ SK DALAMAN MUÐLA;GÜNEY EGE;230;MJET;9;M-JET;8480;36.76477685;28.80758767;Karaçalý Mah. Þehit Hamza Atakul Cad.;48;2;MUÐLA;DALAMAN;4.04.2024;Hayýr;;263;398;;;;15550;3322;3322
MJET GAFFAR OKKAN BLV KAYSERÝ;DOÐU AKDENÝZ;230;MJET;9;M-JET;8481;38.725429;35.58973;Tavlusun Mah. Gaffar Okkan Bulv No:82/A-B;38;2;KAYSERÝ;MELÝKGAZÝ;4.04.2024;Hayýr;;259;295;;;;16510;3323;3323
7.CD BAHÇELÝEVLER MACROKIOSK;ÝÇ ANADOLU;235;MACROKIOSK;243;MACROKIOSK;8482;39.919114;32.828982;Yukarý Bahçelievler Mah. Þehit Mehmet Aras Sok.;6;2;ANKARA;ÇANKAYA;29.02.2024;Hayýr;;136;331;;;;20231;3324;3324
BÝLKENT ANKUVA MACROKIOSK;ÝÇ ANADOLU;235;MACROKIOSK;243;MACROKIOSK;8484;39.883775;32.755764;Üniversiteler Mah. 1597. Cad. No: 12/23;6;2;ANKARA;ÇANKAYA;2.05.2024;Hayýr;;103;148;;;;18708;3325;3325
BÜYÜKKARIÞTIRAN KIRKLARELÝ M;BATI MARMARA;1;MÝGROS;6;SELF SERVÝS M;8485;41.29848917;27.54481131;Büyükkarýþtýran BeldesiÝ Yeni Mah. Horhor sok.;39;4;KIRKLARELÝ;LÜLEBURGAZ;23.02.2024;Hayýr;;399;483;;;;19918;3326;3326
YAÞAM EVLERÝ EDÝRNE M MÝGROS;BATI MARMARA;1;MÝGROS;6;SELF SERVÝS M;8486;41.67864;26.5913188;Þükrüpaþa Mah. 20025 Sok. No:18 B-C / 36-37;22;0;EDÝRNE;MERKEZ;30.04.2024;Hayýr;;515;640;;;;13242;3327;3327
ATIFBEY MH GAZÝEMÝR ÝZMÝR MM;GÜNEY EGE;1;MÝGROS;2;MM;8487;38.316327;27.139054;Atýfbey Mah. 681 Sokak No:5;35;5;ÝZMÝR;GAZÝEMÝR;26.07.2024;Hayýr;;750;1060;;;;17928;3328;3328
MJET DEVRENT CD ÜNYE ORDU;KARADENÝZ/KUZEYD.AND;230;MJET;9;M-JET;8488;41.143908;37.260752;Gölevi mah. Devlet Sahil yolu cad.No:825A;52;18;ORDU;ÜNYE;28.02.2024;Hayýr;;288;424;;;;20028;3329;3329
MION 39 BURDA AVM KIRKLARELÝ;BATI MARMARA;237;MION;247;MION;8492;41.3857282;27.34918107;8 Kasým Mah. Ýstasyon Cad. No:151;39;4;KIRKLARELÝ;LÜLEBURGAZ;4.04.2024;Hayýr;;138;159;;;;19966;3330;3330
SÜMBÜL MH HAKKARÝ M MÝGROS;DOÐU/G.DOÐU ANADOLU;1;MÝGROS;7;M ANADOLU;8494;37.565759;43.749318;Sümbül Mah. 105.Sok. No:3;30;0;HAKKARÝ;MERKEZ;4.04.2024;Hayýr;;442;580;;;;20053;3331;3331
KUNDU HÝSAR AVM ANTALYA MM;BATI AKDENÝZ;1;MÝGROS;2;MM;8495;36.857272;30.882012;Kemeraðzý Mah. Yaþar Sobutay Bulv. No:49/D;7;15;ANTALYA;AKSU;13.02.2024;Hayýr;;766;1095;;;6876;11714;3332;3332
PARADÝSE ÇEKMEKÖY ÝSTANBUL;DOÐU MARMARA;1;MÝGROS;6;SELF SERVÝS M;8496;41.022745;29.184558;Mehmet Akif Mah. Ulubatlý Hasan Cad. No:28;34;37;ÝSTANBUL;ÇEKMEKÖY;16.02.2024;Hayýr;;517;1338;;;3248;;3333;3333
MJET ÝHSAN ÇAKRAK HATAY;DOÐU AKDENÝZ;230;MJET;9;M-JET;8497;36.279867;36.191923;Büyükdalyan Mah. E5 Karayolu Cad. NO:271/1;31;12;HATAY;ANTAKYA;22.03.2024;Hayýr;;304;421;;;;19228;3334;3334
TEÞVÝKÝYE HÜSREV GEREDE ÝST. M;BATI MARMARA;1;MÝGROS;6;SELF SERVÝS M;8498;41.047161;28.997308;VÝÞNEZADE MAH. HÜSREV GEREDE CAD. NO: 61A;34;7;ÝSTANBUL;BEÞÝKTAÞ;6.03.2024;Hayýr;;260;528;;;1992;;3335;3335
DÜZKÖY KAVÞAÐI TRABZON M;KARADENÝZ/KUZEYD.AND;1;MÝGROS;6;SELF SERVÝS M;8499;41.015809;39.592616;YAYLACIK MAH.ADNAN MENDERES CAD.ÝKÝKULE BÝNA NO:91;61;1;TRABZON;AKÇAABAT;23.02.2024;Hayýr;;542;891;;;7336;;3336;3336
REÞÝT PAÞA CD ÜMRANÝYE ÝST MM;DOÐU MARMARA;1;MÝGROS;2;MM;8500;41.019661;29.106484;Atakent Mah. Reþitpaþa Cad. No: 26A-26B;34;25;ÝSTANBUL;ÜMRANÝYE;26.04.2024;Hayýr;;614;875;;;;16714;3337;3337
ÇAMLIK MH BUCA ÝZMÝR M MÝGROS;GÜNEY EGE;1;MÝGROS;6;SELF SERVÝS M;8501;38.4015;27.157;Çamlýk Mah. Onat Cad. No:180;35;3;ÝZMÝR;BUCA;1.03.2024;Hayýr;;294;418;;;5598;;3338;3338
BELEDÝYE CD KONYAALTI ANT M;BATI AKDENÝZ;1;MÝGROS;5;SERVÝS REYONLU M;8502;36.875007;30.653065;Arapsuyu Mah. Belediye Cad. SEA LIFE LOUNGE OTEL;7;18;ANTALYA;KONYAALTI;20.02.2024;Hayýr;;459;617;;;6534;;3339;3339
MEYDAN AVM ÝSTANBUL MMM MÝGROS;DOÐU MARMARA;1;MÝGROS;3;MMM;8503;41.023893;29.126514;Fatih Sultan Mehmet Mah. Balkan Cad.;34;25;ÝSTANBUL;ÜMRANÝYE;28.03.2024;Hayýr;;1841;3016;;1,3;5482;;3340;3340
MERSÝNAKÝ CD FOÇA ÝZMÝR M;KUZEY EGE;1;MÝGROS;5;SERVÝS REYONLU M;8504;38.67798818;26.74878994;Ýsmetpaþa Mah. Mersianaki Cad.No:140/1;35;16;ÝZMÝR;FOÇA;28.02.2024;Hayýr;;338;451;;;7354;12593;3341;3341
ÇAYIRHAN MH NALLIHAN ANKARA M;ÝÇ ANADOLU;1;MÝGROS;7;M ANADOLU;8506;40.094391;31.671833;Çayýrhan Mah. Atatürk Bulvarý No: 30A;6;22;ANKARA;NALLIHAN;5.04.2024;Hayýr;;412;876;;;;15774;3342;3342
BELEDÝYE KAHRAMANKAZAN ANK MM;ÝÇ ANADOLU;1;MÝGROS;2;MM;8507;40.20559;32.680335;Atatürk Mah. Ankara Bulvarý No:105/39;6;20;ANKARA;KAHRAMANKAZAN;17.05.2024;Hayýr;;1100;1665;;;;16913;3343;3343
TERRA MANZARA MACROKIOSK;BATI AKDENÝZ;235;MACROKIOSK;243;MACROKIOSK;8508;36.902599;30.652306;Gülveren Mah. 3705 Sokak No:1 A5/104;7;17;ANTALYA;KEPEZ;3.04.2024;Hayýr;;76;243;;;;20228;3344;3344
NAZIM HÝKMET KONYAALTI ANT M;BATI AKDENÝZ;1;MÝGROS;6;SELF SERVÝS M;8509;36.8849;30.6498;Pýnarbaþý Mah 751. Sokak DIþ Kapý No:1 13A;7;18;ANTALYA;KONYAALTI;3.04.2024;Hayýr;;308;514;;;;17212;3345;3345
MJET TANJANT TRABZON;DOÐUKARDENZ/KUZEYDÐU;230;MJET;9;M-JET;8510;40.996968;39.684144;Toklu Mah.Yavuz Selim Bulv. No : 408/A;61;18;TRABZON;ORTAHISAR;22.02.2024;Hayýr;;287;333;;;7334;;3346;3346
MJET CUMHURÝYET CD ARSUZ HATAY;DOÐU AKDENÝZ;230;MJET;9;M-JET;8520;36.422206;35.90596;Gözcüler Mah. Cumhuriyet 3 Cad No:24;31;13;HATAY;ARSUZ;27.03.2024;Hayýr;;160;220;Evet;;;20390;3347;3347
HABÝPLER MH KEPEZ ANTALYA M;BATI AKDENÝZ;1;MÝGROS;5;SERVÝS REYONLU M;8521;36.941798;30.730563;Habibler Mah. Elmalýlý Hamdi Yazýr Cad.1A Blok;7;17;ANTALYA;KEPEZ;5.03.2024;Hayýr;;620;1990;;3;6584;6652;3348;3348
SAÐLIK MAH BOLU M MÝGROS;ÝÇ ANADOLU;1;MÝGROS;6;SELF SERVÝS M;8522;40.747211;31.605607;Saðlýk Mah. Þehitler Cad. No: 66A;14;0;BOLU;MERKEZ;5.04.2024;Hayýr;;362;484;;;;19690;3349;3349
MJET HÜRRÝYET CD TEMELLÝ ANK;ÝÇ ANADOLU;230;MJET;9;M-JET;8523;39.725646;32.353382;Cumhuriyet Mah. Hürriyet Cad. No:13A;6;7;ANKARA;SÝNCAN;19.04.2024;Hayýr;;240;304;;;;19210;3350;3350
MJET HÜRRÝYET MH BÝLECÝK;GÜNEY MARMARA;230;MJET;9;M-JET;8524;40.1569714;29.98129429;Hürriyet Mah Laleli Sok Dýþ Kapý No:32/A;11;0;BÝLECÝK;MERKEZ;8.03.2024;Hayýr;;257;395;;;;20239;3351;3351
MASTFROÞ CD DÝYARBAKIR M;DOÐU/G.DOÐU ANADOLU;1;MÝGROS;6;SELF SERVÝS M;8525;37.950989;40.154323;Diclekent Mah Mastfroþ Cad;21;15;DÝYARBAKIR;KAYAPINAR;7.03.2024;Hayýr;;348;428;;;;19968;3352;3352
GÜZELYAKA CD ÇORLU TEKÝRDAÐ M;BATI MARMARA;1;MÝGROS;6;SELF SERVÝS M;8526;41.16550743;27.84054094;Hürriyet Mah. Güzelyaka Cad. No:6/B;59;2;TEKÝRDAÐ;ÇORLU;10.05.2024;Hayýr;;293;356;;;;20024;3353;3353
HÜR SK ÇORLU TEKÝRDAÐ M;BATI MARMARA;1;MÝGROS;6;SELF SERVÝS M;8527;41.00932283;27.71593152;Yenice Mah. Hür Sok. No:74/43C;59;2;TEKÝRDAÐ;ÇORLU;7.06.2024;Hayýr;;326;616;;;;20273;3354;3354
MJET 24 ÞUBAT TRABZON;DOÐUKARDENZ/KUZEYDÐU;230;MJET;9;M-JET;8528;40.995911;39.68271;Karþýyaka Mah. 24 Þubat Cad. No:15;61;18;TRABZON;ORTAHÝSAR;28.02.2024;Hayýr;;243;303;;;7333;;3355;3355
STADYUM KONYA M MÝGROS;ÝÇ ANADOLU;1;MÝGROS;6;SELF SERVÝS M;8529;37.94591;32.493613;Þeyh Þamil Mah. Tacer Sokak No:18/A;42;3;KONYA;SELÇUKLU;8.03.2024;Hayýr;;336;748;;;;20009;3356;3356
ORMAN GM ANKARA M MÝGROS;ÝÇ ANADOLU;1;MÝGROS;6;SELF SERVÝS M;8532;39.921277;32.801574;Beþtepe Mah 9 Cadde No:2/2;6;8;ANKARA;YENÝMAHALLE;23.02.2024;Hayýr;;547;784;;1;7043;13436;3357;3357
AÞKIN AMASYA M MÝGROS;KARADENÝZ/KUZEYD.AND;1;MÝGROS;6;SELF SERVÝS M;8533;40.640666;35.805341;Hacýlar Meydaný Mah. Sefa Sok.;5;0;AMASYA;MERKEZ;22.02.2024;Hayýr;;382;510;;;6901;10361;3358;3358
ATATÜRK CD TOKAT M MÝGROS;KARADENÝZ/KUZEYD.AND;1;MÝGROS;6;SELF SERVÝS M;8534;40.337643;36.553572;Esentepe Mah. Atatürk Cad. No:38/A-B-C-D-E;60;0;TOKAT;MERKEZ;22.02.2024;Hayýr;;399;670;;;6880;1110;3359;3359
YILDIZ MH ANTALYA M MÝGROS;BATI AKDENÝZ;1;MÝGROS;5;SERVÝS REYONLU M;8535;36.8945357;30.6858486;Yýldýz Mah Çakýrlar Cad. No:9 A/B;7;19;ANTALYA;MURATPAÞA;19.04.2024;Hayýr;;343;549;;;;19136;3360;3360
SÖÐÜTÖNÜ ESKÝÞEHÝR MM MÝGROS;ÝÇ ANADOLU;1;MÝGROS;2;MM;8536;39.798624;30.455424;Zincirlikuyu Mah. 100.Yýl Bulvarý No:38/A;26;14;ESKÝÞEHÝR;TEPEBAÞI;22.04.2024;Hayýr;;1062;1392;;;;19131;3361;3361
MJET CANÝK KONAKLARI SAMSUN;KARADENÝZ/KUZEYD.AND;230;MJET;9;M-JET;8539;41.266847;36.34742;Kuzey Yýldýzý Mah. Cevdetpaþa Sok. NO:66;55;16;SAMSUN;CANÝK;28.02.2024;Hayýr;;295;447;;;7493;14670;3362;3362
MJET KAMALI SAMSUN;KARADENÝZ/KUZEYD.AND;230;MJET;9;M-JET;8540;41.331243;36.24638;Atatepe Mah. Toki Yolu Cad. No: 8B;55;15;SAMSUN;ATAKUM;29.02.2024;Hayýr;;305;415;;;7310;14577;3363;3363
29 EKÝM YENÝKENT ANK M MÝGROS;ÝÇ ANADOLU;1;MÝGROS;7;M ANADOLU;8542;40.017021;32.534879;29 Ekim Mah. Melih Gökçek Bulvarý No: 5AA;6;7;ANKARA;SÝNCAN;4.04.2024;Hayýr;;328;708;;;;17048;3364;3364
KAVACIK ÝSTANBUL M  MÝGROS;DOÐU MARMARA;1;MÝGROS;6;SELF SERVÝS M;8543;41.094805;29.091714;Kavacýk Mah Orhan Veli Kanýk Cad. No:106;34;8;ÝSTANBUL;BEYKOZ;12.03.2024;Hayýr;;600;732;;;6728;9239;3365;3365
MJET KANTÝN NÝDAKULE ATAÞEHÝR;DOÐU MARMARA;230;MJET;253;MÝGROS KANTÝN;8544;40.999881;29.098383;Barbaros Mah. Begonya Sok. No: 3;34;34;ÝSTANBUL;ATAÞEHÝR;28.02.2024;Hayýr;;12;12;;;;;3366;3366
CEMÝLTOPUZLU ÝSTANBUL M MÝGROS;DOÐU MARMARA;1;MÝGROS;6;SELF SERVÝS M;8548;40.97387;29.04671;Fenerbahçe Mah Operatör Cemil Topuzlu Cad. NO:6/1;34;16;ÝSTANBUL;KADIKÖY;6.03.2024;Hayýr;;248;368;;;3256;;3367;3367
MÜHÜRDAR CD KADIKÖY ÝSTANBUL M;DOÐU MARMARA;1;MÝGROS;6;SELF SERVÝS M;8557;40.98582;29.02157;Caferaða Mah. Mühürdar Cad. NO:107/A-B-C;34;16;ÝSTANBUL;KADIKÖY;20.03.2024;Hayýr;;400;805;;;6731;10600;3368;3368
ÝNCEK CADDE ANKARA M MÝGROS;ÝÇ ANADOLU;1;MÝGROS;6;SELF SERVÝS M;8558;39.828333;32.710278;Alacaatlý Mahallesi 3602. Cadde No:1/65-227;6;2;ANKARA;ÇANKAYA;12.03.2024;Hayýr;;488;1142;;;5057;;3369;3369
MJET 30 AÐUSTOS MH KAYSERÝ;DOÐU AKDENÝZ;230;MJET;9;M-JET;8559;38.750824;35.392176;30 Aðustos Mah. Osman Kavuncu Bulvarý No:449/B;38;2;KAYSERÝ;MELÝKGAZÝ;3.04.2024;Hayýr;;250;450;;;;18904;3370;3370
TOKÝ KAYSERÝ M MÝGROS;DOÐU AKDENÝZ;1;MÝGROS;6;SELF SERVÝS M;8560;38.758113;35.589665;Fatih Mah. Kadir Has Bulv. No:151;38;2;KAYSERÝ;MELÝKGAZÝ;3.04.2024;Hayýr;;367;569;;;;20104;3371;3371
ÇÝFTELER ESKÝÞEHÝR M MÝGROS;ÝÇ ANADOLU;1;MÝGROS;7;M ANADOLU;8561;39.379142;31.03843;Sakarya Mah.  Atatürk Cd. No:15;26;3;ESKÝÞEHÝR;ÇÝFTELER;30.04.2024;Hayýr;;395;497;;;;19590;3372;3372
MJET MATBACILAR SÝTESÝ KAYSERÝ;DOÐU AKDENÝZ;230;MJET;9;M-JET;8562;38.742331;35.433233;Yenidoðan Mah. 3199.Sokak No:5/C;38;1;KAYSERÝ;KOCASÝNAN;4.04.2024;Hayýr;;210;410;;;;19909;3373;3373
KURTULUÞ ALÝAÐA ÝZMÝR M MÝGROS;KUZEY EGE;1;MÝGROS;6;SELF SERVÝS M;8563;38.799634;26.974555;Kurtuluþ Mah.Fevzi Paþa Cad. No:99;35;10;ÝZMÝR;ALÝAÐA;29.03.2024;Hayýr;;347;847;;;4714;;3374;3374
SÝTELER ALÝAÐA ÝZMÝR M MÝGROS;KUZEY EGE;1;MÝGROS;6;SELF SERVÝS M;8564;38.78982239;26.95879735;Siteler Mah. Özlem Cad. No:2/A;35;10;ÝZMÝR;ALÝAÐA;29.03.2024;Hayýr;;461;649;;;4948;;3375;3375
11 EYLÜL SEFERÝHÝSAR M MÝGROS;KUZEY EGE;1;MÝGROS;6;SELF SERVÝS M;8565;38.193574;26.840005;Hýdýrlýk Mah. 11 Eylül Cad. No:28A-28B;35;24;ÝZMÝR;SEFERÝHÝSAR;5.04.2024;Hayýr;;366;517;;;;20208;3376;3376
MJET 75. YIL MH KARABÜK;ÝÇ ANADOLU;230;MJET;9;M-JET;8566;41.239192;32.650918;5000 Evler 75. Yýl Mah. 107.Cadde No:25B;78;0;KARABÜK;MERKEZ;31.05.2024;Hayýr;;219;272;;;;17162;3377;3377
MION ATATÜRK BLV KIZILAY ANK;ÝÇ ANADOLU;237;MION;247;MION;8579;39.916053;32.854585;Meþrutiyet Mah. Atatürk Bulvarý No:135-2;6;2;ANKARA;ÇANKAYA;24.05.2024;Hayýr;;205;244;;;;20559;3378;3378
MJET HACIOÐLU ERENLER SAKARYA;GÜNEY MARMARA;230;MJET;9;M-JET;8580;40.75931455;30.40364669;Hacýoðlu Mah. Sakarbaba Cad. No:34/A;54;15;SAKARYA;ERENLER;19.04.2024;Hayýr;;209;291;;;;19564;3379;3379
MION KARÝA PORT AVM MUÐLA;GÜNEY EGE;237;MION;247;MION;8581;37.16508451;27.5898469;Meþelik Mah Bodrum Yolu Sokak No:144/2 D:Z11;48;8;MUÐLA;MÝLAS;29.03.2024;Hayýr;;148;174;;;;20207;3380;3380
BELEK FORSA ANTALYA MM MÝGROS;BATI AKDENÝZ;1;MÝGROS;2;MM;8582;36.870575;31.016021;Kadriye Mah.Beylikler Cad. Forsa 2000 Avm No:3-1/1;7;14;ANTALYA;SERÝK;16.04.2024;Hayýr;;733;1332;;;4254;;3381;3381
ÞEHÝTLER BLV ÇORLU M MÝGROS;BATI MARMARA;1;MÝGROS;5;SERVÝS REYONLU M;8583;41.14553715;27.87176931;Önerler Mah. Çanakkale Þehitleri Bulv. No:15/A;59;2;TEKÝRDAÐ;ÇORLU;19.07.2024;Hayýr;;460;590;;;;18064;3382;3382
S.SÜLEYMAN BLV ANK MM MÝGROS;ÝÇ ANADOLU;1;MÝGROS;2;MM;8586;39.831066;32.708383;Alacaatlý Mah.Kanuni Sultan Süleyman Bulv No:128BE;6;2;ANKARA;ÇANKAYA;14.06.2024;Hayýr;;798;1541;;;;17817;3383;3383
ÝSTÝKBAL CD ÝZMÝR M MÝGROS;KUZEY EGE;1;MÝGROS;6;SELF SERVÝS M;8587;38.365135;26.885214;Çelebi Mh. Ýstikbal Cd. No:164/2-1;35;6;ÝZMÝR;GÜZELBAHÇE;21.03.2024;Hayýr;;403;847;;;7632;15576;3384;3384
AKTOWERS TRABZON M MÝGROS;KARADENÝZ/KUZEYD.AND;1;MÝGROS;6;SELF SERVÝS M;8589;41.006667;39.610833;Söðütlü Mah. Atatürk Blv.No:70/4;61;1;TRABZON;AKÇAABAT;29.03.2024;Hayýr;;287;895;;;6250;;3385;3385
TAVUKÇUYOLU ACISU ÝST M MÝGROS;DOÐU MARMARA;1;MÝGROS;7;M ANADOLU;8590;41.007085;29.147119;Yukarý Dudullu Mah. Acýsu Cad. No:87B,87C,87D,87E;34;25;ÝSTANBUL;ÜMRANÝYE;30.04.2024;Hayýr;;284;354;;;;20222;3386;3386
MION 01 BURDA AVM ADANA;DOÐU AKDENÝZ;237;MION;247;MION;8591;36.993795;35.306892;Ahmet Remzi Yüreðir Mah Erdal Acet Cad;1;1;ADANA;SEYHAN;5.04.2024;Hayýr;;132;159;;;;20234;3387;3387
TOROS CD EREÐLÝ KONYA M MÝGROS;ÝÇ ANADOLU;1;MÝGROS;5;SERVÝS REYONLU M;8592;37.460764;34.050707;Toros Mah. 94473 Sokak No:2/A;42;17;KONYA;EREÐLÝ;10.05.2024;Hayýr;;541;678;;;;16372;3388;3388
KOZLUK BATMAN M MÝGROS;DOÐU/G.DOÐU ANADOLU;1;MÝGROS;7;M ANADOLU;8593;38.167147;41.499292;Aþaðý Güneþli Mah. Ýpek Yolu Cad;72;4;BATMAN;KOZLUK;25.04.2024;Hayýr;;475;698;;;;17025;3389;3389
TOPTAN ÇEÞME ÝZMÝR;KUZEY EGE;231;TOPTAN SATIÞ;230;TOPTAN SATIÞ;8594;38.355918;26.312695;Dalyan Mah. 4218 Sokak. No: 53A;35;14;ÝZMÝR;ÇEÞME;26.04.2024;Hayýr;;380;492;;;4521;;3390;3390
MJET AYANCIK SÝNOP;KARADENÝZ/KUZEYD.AND;230;MJET;9;M-JET;8595;41.940822;34.588166;Yalý Mah. Atatürk Caddesi No:37A;57;1;SÝNOP;AYANCIK;28.06.2024;Hayýr;;284;524;;;;20139;3391;3391
MJET ÝSTÝKLAL MH ATAKUM SAMSUN;KARADENÝZ/KUZEYD.AND;230;MJET;9;M-JET;8596;41.324595;36.259916;Ýstiklal Mah. Recep Tayyip Erdoðan Bulvarý No:84A;55;15;SAMSUN;ATAKUM;25.04.2024;Hayýr;;386;483;;;;19748;3392;3392
MUSTAFA UYGUR BLV ELAZIÐ M;DOÐU/G.DOÐU ANADOLU;1;MÝGROS;6;SELF SERVÝS M;8597;38.667526;39.188575;Sürsürü Mah.Þht.Mustafa Uygur Bulv.No:82/A;23;0;ELAZIÐ;MERKEZ;19.04.2024;Hayýr;;425;792;;;;19961;3393;3393
MJET ÇARÞI ÝÇÝ CD MAMAK ANK;ÝÇ ANADOLU;230;MJET;9;M-JET;8598;39.931782;32.913012;Hüseyingazi Mah. Mamak Çarþý Ýçi Cad. No:62C;6;6;ANKARA;MAMAK;23.07.2024;Hayýr;;173;309;;;;19827;3394;3394
YUVACIK KOCAELÝ M MÝGROS;DOÐU MARMARA;1;MÝGROS;6;SELF SERVÝS M;8599;40.7215049;29.9678791;Yaylacýk Mah. Hürler Cad. No:270/D/4A;41;7;KOCAELÝ;BAÞÝSKELE;19.03.2024;Hayýr;;593;742;;;7086;12530;3395;3395
KARGICAK ALANYA ANT M MÝGROS;BATI AKDENÝZ;1;MÝGROS;6;SELF SERVÝS M;8600;36.458086;32.124281;Karagedik Mah Köyiçi Cad No 2A/13 Kargýcak;7;2;ANTALYA;ALANYA;29.03.2024;Hayýr;;259;339;;;4052;;3396;3396
MJET ADÝL SK PENDÝK ÝSTANBUL;DOÐU MARMARA;230;MJET;9;M-JET;8601;40.882042;29.220505;Sapanbaðlarý Mah. Adil Sok. No:29/A;34;21;ÝSTANBUL;PENDÝK;15.03.2024;Hayýr;;148;170;;;7251;14181;3397;3397
MJET ATLANTÝK PENDÝK ÝSTANBUL;DOÐU MARMARA;230;MJET;9;M-JET;8602;40.892385;29.277273;Güllü Baðlar Mah. Tandoðan Cad. No:102;34;21;ÝSTANBUL;PENDÝK;15.03.2024;Hayýr;;147;201;;;6746;11615;3398;3398
MJET A. KORHAN CD KOCAELÝ;DOÐU MARMARA;230;MJET;9;M-JET;8607;40.828439;29.371292;Yeni Mah. Abdurrahman Korhan Cad. No:21;41;8;KOCAELÝ;ÇAYIROVA;15.03.2024;Hayýr;;177;347;;;7225;14098;3399;3399
MJET KADÝR HAS CD ÝSTANBUL;DOÐU MARMARA;230;MJET;9;M-JET;8609;40.943965;29.117554;Çýnar Mah. Kadir Has Cad. No: 25 C-D;34;20;ÝSTANBUL;MALTEPE;19.03.2024;Hayýr;;126;193;;;7858;16048;3401;3401
MJET GÜLYOLU MALTEPE ÝSTANBUL;DOÐU MARMARA;230;MJET;9;M-JET;8610;40.924561;29.139341;Baðlarbaþý Mah. Gülyolu Sok. No:27;34;20;ÝSTANBUL;MALTEPE;19.03.2024;Hayýr;;164;245;;;7396;14823;3402;3402
MJET KAYNARCA ÇARÞI ÝSTANBUL;DOÐU MARMARA;230;MJET;9;M-JET;8611;40.87807;29.263972;Fevzi Çakmak Mah. Menderes Cad. No:12;34;21;ÝSTANBUL;PENDÝK;20.03.2024;Hayýr;;148;202;;;7275;14115;3403;3403
MJET ÞAKAYIK SK KARTAL ÝST;DOÐU MARMARA;230;MJET;9;M-JET;8612;40.904403;29.162428;Orhantepe Mah. Tekel Cad. No:28A-28B;34;18;ÝSTANBUL;KARTAL;21.03.2024;Hayýr;;159;199;;;7712;15943;3404;3404
MJET ROTAMAVÝ KARTAL ÝSTANBUL;DOÐU MARMARA;230;MJET;9;M-JET;8613;40.914088;29.214791;Yakacýk Çarþý Mah. Panorama Sok. No:18;34;18;ÝSTANBUL;KARTAL;20.03.2024;Hayýr;;170;204;;;7213;13768;3405;3405
MJET AVRUPA DEPO ÝSTANBUL;BATI MARMARA;230;MJET;9;M-JET;8614;41.077158;28.641449;Akçaburgaz Mah. 1579 Sokak No:2;34;38;ÝSTANBUL;ESENYURT;21.03.2024;Hayýr;;54;64;;;8017;18109;3406;3406
MJET CUMHURÝYET Ç.OVA KOCAELÝ;DOÐU MARMARA;230;MJET;9;M-JET;8615;40.858457;29.369433;Cumhuriyet Mah. Geçit Sokak. No:22;41;8;KOCAELÝ;ÇAYIROVA;19.03.2024;Hayýr;;211;381;;;7223;14499;3407;3407
OF TRABZON M MÝGROS;KARADENÝZ/KUZEYD.AND;1;MÝGROS;6;SELF SERVÝS M;8617;40.942911;40.262882;Ýrfanlý Mah. Fatih Cad. No:3/A;61;12;TRABZON;OF;22.03.2024;Hayýr;;788;1400;;;7330;;3409;3409
SÜTÇÜLER KEPEZ ANT M MÝGROS;BATI AKDENÝZ;1;MÝGROS;6;SELF SERVÝS M;8618;36.937043;30.719851;Gazi Mah. Sütçüler Cad. No:63/A;7;17;ANTALYA;KEPEZ;19.03.2024;Hayýr;;479;782;;;6623;10247;3410;3410
ÇANKAYA MH KEPEZ ANT M MÝGROS;BATI AKDENÝZ;1;MÝGROS;6;SELF SERVÝS M;8619;36.934372;30.681981;Çankaya Mah. Barýþ Manço Bulvarý No:158/A-B;7;17;ANTALYA;KEPEZ;20.03.2024;Hayýr;;417;577;;;6502;;3411;3411
TOSMUR SAHÝL ALANYA M;BATI AKDENÝZ;1;MÝGROS;6;SELF SERVÝS M;8620;36.526975;32.049751;Aþaðý Oba Mah. Ý. Bilgen Cad. No:12;7;2;ANTALYA;ALANYA;29.03.2024;Hayýr;;400;623;;;3949;;3412;3412
HASTANE CD ALANYA ANT M;BATI AKDENÝZ;1;MÝGROS;6;SELF SERVÝS M;8621;36.538149;32.04509;Oba Mah Oba Fabriklar Cad. No:17/ A-B;7;2;ANTALYA;ALANYA;29.03.2024;Hayýr;;353;478;;;6312;;3413;3413
VANYOLU MH ERÇÝÞ VAN M MÝGROS;DOÐU/G.DOÐU ANADOLU;1;MÝGROS;7;M ANADOLU;8622;39.02223;43.374453;Vanyolu Mah.Kara Yusuf Bey Bulvarý No : 69A;65;6;VAN;ERCÝÞ;15.05.2024;Hayýr;;432;680;;;;19801;3414;3414
ATATÜRK BLV ALANYA M MÝGROS;BATI AKDENÝZ;1;MÝGROS;6;SELF SERVÝS M;8623;36.479444;32.111389;Mahmutlar Mah. Atatürk Cad. No:161/A;7;2;ANTALYA;ALANYA;29.03.2024;Hayýr;;312;548;;;7862;;3415;3415
GÜNEÞ MH KEPEZ ANT M MÝGROS;BATI AKDENÝZ;1;MÝGROS;6;SELF SERVÝS M;8627;36.919135;30.733179;Güneþ Mah. Necip Fazýl Kýsakürek Cad. No:133/A-B;7;17;ANTALYA;KEPEZ;3.04.2024;Hayýr;;463;845;;;6032;;3416;3416
GÜNDOÐDU MH KEPEZ ANT M MÝGROS;BATI AKDENÝZ;1;MÝGROS;6;SELF SERVÝS M;8628;36.928619;30.707966;Gündoðdu Mah.2481 Sokak.No:3;7;17;ANTALYA;KEPEZ;5.04.2024;Hayýr;;554;1084;;;6036;;3417;3417
WHÝTE HÝLL AVM M MÝGROS;BATI MARMARA;1;MÝGROS;6;SELF SERVÝS M;8629;41.079392;28.931363;Karadolap Mah. Saya Mevkii White Hill AVM No:13;34;12;ÝSTANBUL;EYÜPSULTAN;2.04.2024;Hayýr;;400;1650;;;3556;;3418;3418
CUMHURÝYET CD MUÞ M MÝGROS;DOÐU/G.DOÐU ANADOLU;1;MÝGROS;7;M ANADOLU;8630;38.745862;41.506572;Sunay Mah.Cumhuriyet Cad. No: 181A-B-C;49;0;MUÞ;MERKEZ;17.04.2024;Hayýr;;325;462;;;;20409;3419;3419
SAHÝLYOLU RÝZE M MÝGROS;KARADENÝZ/KUZEYD.AND;1;MÝGROS;7;M ANADOLU;8631;41.036637;40.563494;Ýslampaþa Mah. Menderes Bulvarý No : 548A;53;0;RÝZE;MERKEZ;24.04.2024;Hayýr;;420;595;;;;20245;3420;3420
ÞEHÝT M. SAFÝTÜRK ANK M MÝGROS;ÝÇ ANADOLU;1;MÝGROS;6;SELF SERVÝS M;8632;39.980271;32.686763;Yeni Batý Mah.;6;8;ANKARA;YENÝMAHALLE;24.05.2024;Hayýr;;375;870;;;;19571;3421;3421
ÇATALZEYTÝN KASTAMONU M MÝGROS;ÝÇ ANADOLU;1;MÝGROS;7;M ANADOLU;8633;41.953301;34.21561;Merkez Mah. Þehit Mehmet Serkan Meþe 1 Sok. No:16A;37;7;KASTAMONU;ÇATALZEYTÝN;19.04.2024;Hayýr;;420;818;;;;17151;3422;3422
KUNDU BULVAR ANTALYA M MÝGROS;BATI AKDENÝZ;1;MÝGROS;6;SELF SERVÝS M;8634;36.860833;30.837778;Güzeloba Mah. Yaþar Sabutay Bulvarý No:61;7;19;ANTALYA;MURATPAÞA;26.03.2024;Hayýr;;318;514;;;5061;;3423;3423
GÜZELOBA PAZAR ANT M MÝGROS;BATI AKDENÝZ;1;MÝGROS;6;SELF SERVÝS M;8635;36.860567;30.791344;Güzeloba Mah. Havaalaný Cad. No:64/6;7;19;ANTALYA;MURATPAÞA;22.03.2024;Hayýr;;550;989;;;4314;;3424;3424
ÇALIÞ SÝTELER FETHÝYE M MÝGROS;GÜNEY EGE;1;MÝGROS;6;SELF SERVÝS M;8636;36.656701;29.123238;Foça Mah. Yerguzlar Cad. 967 Sok. No:28;48;4;MUÐLA;FETHÝYE;21.03.2024;Hayýr;;335;775;;;3812;;3425;3425
ÇAMDÝBÝ BORNOVA ÝZMÝR M MÝGROS;KUZEY EGE;1;MÝGROS;6;SELF SERVÝS M;8637;38.43369;27.19068;Gazi Osman Paþa Mh 5227 Srok No:60 A Kartal Duraðý;35;2;ÝZMÝR;BORNOVA;26.03.2024;Hayýr;;324;445;;;4700;;3426;3426
ALTINDAÐ BORNOVA ÝZM M MÝGROS;KUZEY EGE;1;MÝGROS;6;SELF SERVÝS M;8638;38.426023;27.198745;Birlik Mah.4217 Sk No:4;35;2;ÝZMÝR;BORNOVA;28.03.2024;Hayýr;;286;400;;;4754;;3427;3427
MODERNEVLER ISPARTA M MÝGROS;BATI AKDENÝZ;1;MÝGROS;6;SELF SERVÝS M;8639;37.778228;30.548281;Sanayi Mah. 102.Cadde No:52;32;0;ISPARTA;MERKEZ;17.04.2024;Hayýr;;382;550;;;4584;;3428;3428
ISPARTA PLUSLÝFE M MÝGROS;BATI AKDENÝZ;1;MÝGROS;6;SELF SERVÝS M;8640;37.784251;30.558067;Sanayi Mah. 3235 Sok. C Blok No:1 C-E 55-5 I Blok;32;0;ISPARTA;MERKEZ;25.04.2024;Hayýr;;464;585;;;6690;9443;3429;3429
MJET ORTA MH PENDÝK ÝSTANBUL;DOÐU MARMARA;230;MJET;9;M-JET;8641;40.887571;29.241877;Orta Mah. 50.Yýl Cad. No:1/A;34;21;ÝSTANBUL;PENDÝK;22.03.2024;Hayýr;;139;166;;;6891;12531;3430;3430
ÇARÞI MENEMEN ÝZMÝR M MÝGROS;KUZEY EGE;1;MÝGROS;6;SELF SERVÝS M;8642;38.60720295;27.0743951;Kasýmpaþa Mah.Altuð Karaburun Cad.No:3;35;22;ÝZMÝR;MENEMEN;19.04.2024;Hayýr;;269;481;;;4678;;3431;3431
MJET ERTUÐRULGAZÝ CD BALIKESÝR;GÜNEY MARMARA;230;MJET;9;M-JET;8645;39.667251;27.871988;1.Sakarya Mah. 2064 Sok. No:4;10;20;BALIKESÝR;KARESÝ;29.04.2024;Hayýr;;274;341;;;;17560;3432;3432
9 EYLÜL CD ALTINOLUK B.KESÝR M;KUZEY EGE;1;MÝGROS;6;SELF SERVÝS M;8647;39.5631881;26.7123124;ALTINOLUK Mah. STADYUM Cad. No: 2 /2A;10;7;BALIKESÝR;EDREMÝT;17.05.2024;Hayýr;;458;790;;;;20250;3433;3433
KOCAÇALIÞ FETHÝYE MUÐLA M;GÜNEY EGE;1;MÝGROS;5;SERVÝS REYONLU M;8649;36.681183;29.098575;Çiftlik Mah 109 Sokak No:3;48;4;MUÐLA;FETHÝYE;10.05.2024;Hayýr;;291;479;;;;18145;3434;3434
GÜNEÞ HATUN CADDESÝ AFYON M;ÝÇ ANADOLU;1;MÝGROS;6;SELF SERVÝS M;8650;38.776419;30.511284;Selçuklu Mah. 1473 Sok. No:2/3A;3;0;AFYONKARAHÝSAR;MERKEZ;24.05.2024;Hayýr;;405;576;;;;18870;3435;3435
TOKÝ YOLU KIRKLARELÝ M MÝGROS;BATI MARMARA;1;MÝGROS;7;M ANADOLU;8651;41.75238746;27.22163368;Atatürk Mah. Kazým Karabekir Paþa Cd. No:12A/17;39;0;KIRKLARELÝ;MERKEZ;12.06.2024;Hayýr;;332;579;;;;;3436;3436
MÝLLET CD M.EREÐLÝ TEKÝRDAÐ MM;BATI MARMARA;1;MÝGROS;2;MM;8652;40.98044354;27.86523807;Dereaðzý Mah. 5001. Sokak No:18/1;59;5;TEKÝRDAÐ;MARMARAEREÐLÝSÝ;26.07.2024;Hayýr;;653;802;;;;19679;3437;3437
MJET CUMHURÝYET ÞARKIÞLA SÝVAS;KARADENÝZ/KUZEYD.AND;230;MJET;9;M-JET;8653;39.349999;36.407164;Pýnarönü Mah. Karabulut Sok. No:1;58;13;SÝVAS;ÞARKIÞLA;17.05.2024;Hayýr;;261;979;;;;19633;3438;3438
ÝNAN ARI ERZÝN HATAY M MÝGROS;DOÐU AKDENÝZ;1;MÝGROS;7;M ANADOLU;8654;36.945352;36.211431;Bahçelievler Mah Ýbrahim Sýtký Kara Bulv No:53A;31;4;HATAY;ERZÝN;24.05.2024;Hayýr;;533;737;;;;19878;3439;3439
GÜZELBAHÇE SAHÝL MACROCENTER;KUZEY EGE;4;MACROCENTER;9;MACROCENTER;8655;38.38398422;26.92331647;Maltepe Mah. Mithatpaþa Cad No:15;35;6;ÝZMÝR;GÜZELBAHÇE;30.04.2024;Hayýr;;310;464;;;;20178;3440;3440
AND PASTEL ÝST MÝGROS 7/24;DOÐU MARMARA;230;MJET;253;MÝGROS KANTÝN;8656;40.909328;29.186147;Esentepe Mah.Anadolu Cad. AND Pastel Sitesi No:5;34;18;ÝSTANBUL;KARTAL;16.04.2024;Hayýr;;5;5;;;8182;19536;3441;3441
TEMA ÝSTANBUL MÝGROS 7/24;BATI MARMARA;230;MJET;253;MÝGROS KANTÝN;8658;41.047994;28.764551;Atakent Mah. 243. Sokak No: 6 Tema Ýstanbul Sitesi;34;19;ÝSTANBUL;KÜÇÜKÇEKMECE;16.04.2024;Hayýr;;5;5;;;7148;;3443;3443
CÜNEYT BEY MH ÝZMÝR M MÝGROS;GÜNEY EGE;1;MÝGROS;5;SERVÝS REYONLU M;8660;38.243813;27.134458;Cüneytbey Mah. Ýbrahim Turan Cad. No:154A;35;21;ÝZMÝR;MENDERES;14.06.2024;Hayýr;;367;467;;;;18985;3444;3444
KARADOLAP ÝSTANBUL M MÝGROS;BATI MARMARA;1;MÝGROS;6;SELF SERVÝS M;8661;41.069213;28.933681;Karadolap Mah Gaziosmanpaþa Cad No:148;34;12;ÝSTANBUL;EYÜPSULTAN;23.05.2024;Hayýr;;354;560;;;;19076;3445;3445
MJET KALE CD TÖMÜK MERSÝN;DOÐU AKDENÝZ;230;MJET;9;M-JET;8662;36.642865;34.366985;Tömük Mah Kale Cad No:26/A-B-C;33;5;MERSÝN;ERDEMLÝ;7.06.2024;Hayýr;;167;210;Evet;;;20080;3446;3446
SÝNAN CD EFELER AYDIN M MÝGROS;GÜNEY EGE;1;MÝGROS;5;SERVÝS REYONLU M;8663;37.8527;27.8002;Mimar Sinan Mah. 2423 Sokak No:28A;9;17;AYDIN;EFELER;19.07.2024;Hayýr;;603;988;;;;19019;3447;3447
B.EVLER 7.CD MACROCENTER S;ÝÇ ANADOLU;4;MACROCENTER;236;MACROCENTER S;8664;39.923901;32.825894;Yukarý Bahçelievler Mah. Aþkabat Cad.(Eski 7.Cad.);6;2;ANKARA;ÇANKAYA;23.05.2024;Hayýr;;207;384;;;;20129;3448;3448
ESEN CD TUZLA ÝST MM;DOÐU MARMARA;1;MÝGROS;2;MM;8665;40.819124;29.305993;CAMÝ MAH. ÝSTASYON CAD. NO:74A;34;24;ÝSTANBUL;TUZLA;26.07.2024;Hayýr;;783;1135;;3;;19070;3449;3449
BOSTANLI PARK ÝZMÝR M MÝGROS;KUZEY EGE;1;MÝGROS;6;SELF SERVÝS M;8666;38.457655;27.098122;Bostanlý Mah. Cemal Gürsel Cad. No:492/A;35;7;ÝZMÝR;KARÞIYAKA;19.04.2024;Hayýr;;381;996;;;4711;;3450;3450
ÇARÞI CD GÖCEK MUÐLA M MÝGROS;GÜNEY EGE;1;MÝGROS;6;SELF SERVÝS M;8667;36.7552;28.9401;Çarþý Yolu Cad. Göcek Mahallesi No: 63/A;48;4;MUÐLA;FETHÝYE;16.04.2024;Hayýr;;252;469;;;5617;;3451;3451
SARIYER MACROKIOSK;BATI MARMARA;235;MACROKIOSK;243;MACROKIOSK;8668;41.194268;29.050856;Zekeriyaköy Mh. Emlak Konut Koru Evleri 1AA;34;22;ÝSTANBUL;SARIYER;16.04.2024;Hayýr;;135;224;;;6908;12130;3452;3452
MJET YALINAYAK MERSÝN PO;DOÐU AKDENÝZ;230;MJET;255;MJET-ÝSTASYON;8669;36.8369443;34.638504;Yalýnayak Mah. Çiftçiler_4 Caddesi No:268;33;12;MERSÝN;TOROSLAR;17.05.2024;Hayýr;;90;100;;;;20411;3453;3453
MÝLENYUM NEVÞEHÝR M MÝGROS;DOÐU AKDENÝZ;1;MÝGROS;5;SERVÝS REYONLU M;8670;38.63171;34.744265;Güzelyurt Mah. Ürgüp Cad. No:81/A-B-C-D;50;0;NEVÞEHÝR;MERKEZ;6.06.2024;Hayýr;;576;766;;;;15610;3454;3454
AKAR LÝFE DÖÞEMEALTI ANTALYA M;BATI AKDENÝZ;1;MÝGROS;5;SERVÝS REYONLU M;8671;37.0241;30.6357;Altýnkale Mah. Göktürk Cad.B.No:10 A-B-C NO:25;7;16;ANTALYA;DÖÞEMEALTI;30.05.2024;Hayýr;;541;1152;;;;20339;3455;3455
TELLÝDERE SEYHAN ADANA M;DOÐUAKDENZ/GÜNEYDOÐU;1;MÝGROS;5;SERVÝS REYONLU M;8672;37.027929;35.290374;TELLÝDERE MAH. MÜCAHÝTLER CAD.NO:308;1;1;ADANA;SEYHAN;7.06.2024;Hayýr;;649;1534;;;;19644;3456;3456
ATÝK MH SÝLÝFKE MERSÝN M;DOÐU AKDENÝZ;1;MÝGROS;5;SERVÝS REYONLU M;8673;36.37598339;33.9369444;Atik Mah. 129 Sokak No: 2/2A;33;8;MERSÝN;SÝLÝFKE;31.05.2024;Hayýr;;620;994;;;;20500;3457;3457
MJET A.BURGAZ ESENYURT ÝST PO;BATI MARMARA;230;MJET;255;MJET-ÝSTASYON;8675;41.079549;28.626065;A.Burgaz Mah. Hadýmköy Yolu Cad. No:204;34;38;ÝSTANBUL;ESENYURT;21.05.2024;Hayýr;;79;92;;;;20646;3458;3458
MJET AKGÖL TAÞUCU MERSÝN;DOÐU AKDENÝZ;230;MJET;9;M-JET;8678;36.30914019;33.9209372;Taþucu Mah 506 Sokak No:16A B Blok ÝçKapý No 1;33;8;MERSÝN;SÝLÝFKE;24.05.2024;Hayýr;;156;254;Evet;;;20307;3459;3459
AKÇAY MH ELMALI ANT M MÝGROS;BATI AKDENÝZ;1;MÝGROS;6;SELF SERVÝS M;8679;36.5985;29.7457;Akçay Mah.Atatürk Olukbaþý Sok.42/A;7;3;ANTALYA;ELMALI;14.06.2024;Hayýr;;284;542;;;;17104;3460;3460
ATATÜRK BLV YALOVA M MÝGROS;GÜNEY MARMARA;1;MÝGROS;5;SERVÝS REYONLU M;8682;40.6597325;29.3014378;Ýsmetpaþa Mah. Atatürk Bulv. No:162/A;77;0;YALOVA;MERKEZ;7.06.2024;Hayýr;;540;700;;;;19056;3461;3461
BURUNUCU MH ÜNYE ORDU M MÝGROS;KARADENÝZ/KUZEYD.AND;1;MÝGROS;6;SELF SERVÝS M;8683;41.142782;37.292294;Burunucu Mah. Devlet Sahil Yolu Cad. No:565B;52;18;ORDU;ÜNYE;17.05.2024;Hayýr;;466;630;;;;19510;3462;3462
DAVUTLAR KUÞADASI AYDIN M;GÜNEY EGE;1;MÝGROS;5;SERVÝS REYONLU M;8684;37.75963;27.26767;Davutlar Mah. Cengiz Topel Cad. No:130A;9;11;AYDIN;KUÞADASI;3.05.2024;Hayýr;;457;618;;;7196;13476;3463;3463
VÝLLAKENT MENEMEN ÝZM M MÝGROS;KUZEY EGE;1;MÝGROS;6;SELF SERVÝS M;8685;38.60021564;26.9298085;Villakent Mah. 5201 Sokak No:7B;35;22;ÝZMÝR;MENEMEN;10.05.2024;Hayýr;;520;654;;;7187;12342;3464;3464
D-MARÝN GÖCEK MACROCENTER S;GÜNEY EGE;4;MACROCENTER;236;MACROCENTER S;8689;36.749416;28.944796;Göcek Mah. Port Marina Küme Evler Kapý No:24;48;4;MUÐLA;FETHÝYE;28.05.2024;Hayýr;;176;256;;;;20712;3465;3465
DOWNTOWN ALANYA MACROCENTER;BATI AKDENÝZ;4;MACROCENTER;9;MACROCENTER;8691;36.5498;31.9808;Kýzlar Pýnarý Mah.Türkmenbaþý Cad No:1-1A-1B;7;2;ANTALYA;ALANYA;31.05.2024;Hayýr;;278;425;;2;;21068;3466;3466
MJET OTOGAR Þ.KAMÝL GAZÝANTEP;DOÐU AKDENÝZ;230;MJET;9;M-JET;8692;37.100074;37.405864;Sanayi Mah. 69725 Nolu Cad. No:26C-26D-26E;27;2;GAZÝANTEP;ÞEHÝTKAMÝL;14.06.2024;Hayýr;;256;547;;;;20735;3467;3467
PTT MAH MARDÝN M MÝGROS;DOÐU/G.DOÐU ANADOLU;1;MÝGROS;5;SERVÝS REYONLU M;8693;37.319553;40.721127;Yeniþehir Mah. PTT 283 Cad. No:10A-10B-10C;47;10;MARDÝN;ARTUKLU;14.06.2024;Hayýr;;455;882;;;;14305;3468;3468
TURGUT ÖZAL BLV ÝDÝL ÞIRNAK M;DOÐU/G.DOÐU ANADOLU;1;MÝGROS;5;SERVÝS REYONLU M;8694;37.342144;41.882292;Turgut Özal Mah. Adile Naþit Cad.;73;4;ÞIRNAK;ÝDÝL;13.06.2024;Hayýr;;454;989;;;;20154;3469;3469
GÖRÜKLE MACROKIOSK;GÜNEY MARMARA;235;MACROKIOSK;243;MACROKIOSK;8695;40.22153276;28.8490267;Görükle Dumlupýnar Mah Kader Sok No:13 A/C 13 A/D;16;1;BURSA;NÝLÜFER;3.07.2024;Hayýr;;144;499;;;;20975;3470;3470
ZÜBEYDE HANIM CD KIRÞEHÝR MM;ÝÇ ANADOLU;1;MÝGROS;2;MM;8696;39.158196;34.159901;Ahi Evran Mah. Zübeyde Haným Cad. Vizyon No:3/C;40;0;KIRÞEHÝR;MERKEZ;27.06.2024;Hayýr;;922;1382;;;;13960;3471;3471
UÐUR MUMCU CD ARSUZ HATAY M;DOÐU AKDENÝZ;1;MÝGROS;6;SELF SERVÝS M;8697;36.5776086;36.1386064;Karaaðaç Mah. Uður Mumcu (Konarlý )Cad. No 369/1A;31;13;HATAY;ARSUZ;28.05.2024;Hayýr;;497;873;;;6831;;3472;3472
ALTINTAÞ URLA ÝZMÝR M MÝGROS;KUZEY EGE;1;MÝGROS;6;SELF SERVÝS M;8698;38.321445;26.75305;Altýntaþ Mah Ahmet Besim Uyal Cad No:56/A;35;28;ÝZMÝR;URLA;30.04.2024;Hayýr;;585;720;;;3792;;3473;3473
RÜYA 48 AVM MUÐLA M MÝGROS;GÜNEY EGE;1;MÝGROS;6;SELF SERVÝS M;8700;37.2551956;28.2285805;Paþapýnar Mah.Ticaret Alaný (PSP) Sok No:2/N;48;12;MUÐLA;MENTEÞE;26.07.2024;Hayýr;;330;464;;;;20462;3474;3474
MEYDAN ERYAMAN ANKARA M MÝGROS;ÝÇ ANADOLU;1;MÝGROS;6;SELF SERVÝS M;8701;39.9779864;32.6388041;Göksu Mah. Ertuðrul Bey Cad. No:2/10;6;3;ANKARA;ETÝMESGUT;28.05.2024;Hayýr;;547;696;;;;20302;3475;3475
ULUBATLI HASAN CD KEPEZ ANT M;BATI AKDENÝZ;1;MÝGROS;6;SELF SERVÝS M;8702;36.948582;30.694565;Fevzi Çakmak Mah Ulubatlý Hasan Cad G Blok No:64;7;17;ANTALYA;KEPEZ;31.05.2024;Hayýr;;380;508;;;;20348;3476;3476
BEYSUKENT MACROCENTER;ÝÇ ANADOLU;4;MACROCENTER;9;MACROCENTER;8703;39.892352;32.7237389;Mutlukent Mah. 2049. Sokak No:12/13-14-15;6;2;ANKARA;ÇANKAYA;23.07.2024;Hayýr;;840;1282;;;;18644;3477;3477
KALICI KONUTLAR BOLU M MÝGROS;ÝÇ ANADOLU;1;MÝGROS;6;SELF SERVÝS M;8704;40.740555;31.577777;Kýlýçarslan Mah. No:38/A-B;14;0;BOLU;MERKEZ;17.05.2024;Hayýr;;488;773;;;4213;;3478;3478
TORBA BODRUM MACROCENTER S;GÜNEY EGE;4;MACROCENTER;236;MACROCENTER S;8705;37.065317;27.464175;Torba Mah. Rýza Anter Cad. No:11/28-29-33;48;1;MUÐLA;BODRUM;7.06.2024;Hayýr;;243;353;;;6913;12472;3479;3479
STRADA MEYDAN KOCAELÝ M;DOÐU MARMARA;1;MÝGROS;5;SERVÝS REYONLU M;8706;40.7268159;29.9598637;Mahmutpaþa Mah. Karamürsel Cad. No:339;41;7;KOCAELÝ;BAÞÝSKELE;26.07.2024;Hayýr;;600;891;;;;20511;3480;3480
YAKINCA MH MALATYA M MÝGROS;DOÐU/G.DOÐU ANADOLU;1;MÝGROS;5;SERVÝS REYONLU M;8708;38.331411;38.218563;Yakýnca Mah. Alparslan Türkeþ-1 Blv. No:12/1-12/1A;44;13;MALATYA;YEÞÝLYURT;12.06.2024;Hayýr;;498;864;;;;20274;3481;3481
YENÝKENT KIZILTEPE MARDÝN M;DOÐU/G.DOÐU ANADOLU;1;MÝGROS;5;SERVÝS REYONLU M;8709;37.230785;40.621921;Yenikent Mah. 4.Cadde B Blok No:46A - 46B;47;3;MARDÝN;KIZILTEPE;14.06.2024;Hayýr;;532;835;;;;20110;3482;3482
MJET ULUS MH CEYHAN ADANA;DOÐU AKDENÝZ;230;MJET;9;M-JET;8710;37.02585729;35.83228575;Ulus Mah. Ýbrahim Mete Bulv No:122 Ýþyeri No:Z1;1;4;ADANA;CEYHAN;12.06.2024;Hayýr;;296;463;;;;20551;3483;3483
KASAPLAR MH MANAVGAT ANT M;BATI AKDENÝZ;1;MÝGROS;6;SELF SERVÝS M;8711;36.79;31.4291;Kasaplar Mah. Hasan Fehmi Boztepe Cad. No:146;7;13;ANTALYA;MANAVGAT;13.06.2024;Hayýr;;423;670;;;;20356;3484;3484
SOÐANCILAR CD ÇÝNE AYDIN M;GÜNEY EGE;1;MÝGROS;7;M ANADOLU;8715;37.615448;28.060137;Hamidabat Mah. Soðancýlar Cad. No:17/C-D-E;9;3;AYDIN;ÇÝNE;19.07.2024;Hayýr;;379;565;;;;16652;3485;3485
AÞAÐI MH ACIPAYAM DENÝZLÝ M;GÜNEY EGE;1;MÝGROS;7;M ANADOLU;8716;37.431024;29.350217;Aþaðý Mah Adnan Menderes Blv. No:19/A-B-C;20;1;DENÝZLÝ;ACIPAYAM;19.07.2024;Hayýr;;340;435;;;;18078;3486;3486
MION ILICA MH ÇEÞME ÝZMÝR;KUZEY EGE;237;MION;247;MION;8717;38.30650889;26.36335546;Ilýca Mah. 5065 Sokak No:36;35;14;ÝZMÝR;ÇEÞME;24.05.2024;Hayýr;;211;250;Evet;;;20635;3487;3487
MJET ÇÝFTLÝK GÖLCÜK KOCAELÝ PO;DOÐU MARMARA;230;MJET;255;MJET-ÝSTASYON;8718;40.70665109;29.84906993;Çiftlik Mah Atatürk Blv. No:357/1;41;2;KOCAELÝ;GÖLCÜK;31.05.2024;Hayýr;;120;153;;;;19244;3488;3488
CUMHURÝYET MH DOÐANBEY ÝZMÝR M;KUZEY EGE;1;MÝGROS;6;SELF SERVÝS M;8719;38.069641;26.909425;Cumhuriyet Mah. Karakoç Cad. No:2/2;35;24;ÝZMÝR;SEFERÝHÝSAR;14.06.2024;Hayýr;;366;517;;;;15527;3489;3489
MJET CEMRE SK ERÝKLÝ EDÝRNE;BATI MARMARA;230;MJET;9;M-JET;8727;40.6166543;26.4706306;Erikli Sahili Cemre Sok No:9;22;4;EDÝRNE;KEÞAN;4.07.2024;Hayýr;;108;161;Evet;;;20408;3490;3490
MION CAROUSEL ÝSTANBUL;BATI MARMARA;237;MION;247;MION;8728;40.97753818;28.87313338;Zeytinlik Mah.Halit Ziya Uþaklýgil Cad. No:1/1A;34;5;ÝSTANBUL;BAKIRKÖY;14.06.2024;Hayýr;;118;137;;;;20944;3491;3491
D-MARÝN DÝDÝM MACROCENTER;GÜNEY EGE;4;MACROCENTER;9;MACROCENTER;8729;37.34034804;27.26060842;Çamlýk Mah. 5028. Sokak No:5 D-Marin;9;4;AYDIN;DÝDÝM;14.06.2024;Hayýr;;431;625;;;4475;;3492;3492
GÖLE ARDAHAN M MÝGROS;KARADENÝZ/KUZEYD.AND;1;MÝGROS;7;M ANADOLU;8730;40.79308281;42.61078582;Kazým Karabekir Mah. Kars Cad. No: 37/A;75;3;ARDAHAN;GÖLE;7.06.2024;Hayýr;;342;623;;;;20294;3493;3493
GÜZELYURT YUNUSEMRE MANÝSA MM;KUZEY EGE;1;MÝGROS;2;MM;8731;38.62868525;27.37276516;Güzelyurt Mah. 5744.Sokak No:32F-32G-32H;45;17;MANÝSA;YUNUSEMRE;28.06.2024;Hayýr;;708;1098;;3;;14229;3494;3494
KIZILKAYA MÝLAS MUÐLA M MÝGROS;GÜNEY EGE;1;MÝGROS;5;SERVÝS REYONLU M;8732;37.262498;27.542401;Kýyýkýþlacýk Mah. Kýzýlkaya Sok. No:19 A;48;8;MUÐLA;MÝLAS;26.07.2024;Hayýr;;404;531;;;;20967;3495;3495
AÞKAN MH MERAM KONYA M MÝGROS;ÝÇ ANADOLU;1;MÝGROS;6;SELF SERVÝS M;8733;37.86614553;32.45337882;Aþkan Mah. Fatih Cad. No:3/A;42;2;KONYA;MERAM;13.06.2024;Hayýr;;394;586;;;;20865;3496;3496
BARIÞ CD SELÇUKLU KONYA MM;ÝÇ ANADOLU;1;MÝGROS;2;MM;8734;37.93958812;32.49261266;Buhara Mah. Barýþ Cad. No:79/A;42;3;KONYA;SELÇUKLU;27.06.2024;Hayýr;;621;835;;;;20870;3497;3497
MJET ÇINAR CD KARTAL ÝSTANBUL;DOÐU MARMARA;230;MJET;9;M-JET;8739;40.90765;29.15981;Orhantepe Mah.Çýnar Cad. Ýnanýrlar Ýþ Merkezi No:1;34;18;ÝSTANBUL;KARTAL;26.07.2024;Hayýr;;250;364;;;;20210;3498;3498
MJET BÝTEZ YALI BODRUM MUÐLA;GÜNEY EGE;230;MJET;9;M-JET;8740;37.029092;27.380317;Bitez Mah Pomelan Cad No:3/D;48;1;MUÐLA;BODRUM;26.06.2024;Hayýr;;152;206;;;;19922;3499;3499
MJET KARAAÐAÇ ALKENT ÝSTANBUL;BATI MARMARA;230;MJET;9;M-JET;8741;41.08709278;28.6285107;Karaaðaç Mah. Yiðittürk Cad. No:2/1;34;28;ÝSTANBUL;BÜYÜKÇEKMECE;21.05.2024;Hayýr;;195;344;;;6352;;3500;3500
MJET ÞEHÝT H. ÖZER CD ANKARA;ÝÇ ANADOLU;230;MJET;9;M-JET;8742;39.9332;32.655321;Alsancak Mah. Þehit Hikmet Özer Cad. No:132A;6;3;ANKARA;ETÝMESGUT;28.06.2024;Hayýr;;310;424;;;;19221;3501;3501
MJET TOKÝ TURKUAZ ANKARA;ÝÇ ANADOLU;230;MJET;9;M-JET;8743;39.813436;32.575137;Turkuaz Mah. 4321. Sok. No:1 Ýç Kapý No: 10;6;3;ANKARA;ETÝMESGUT;14.06.2024;Hayýr;;159;307;;;;20812;3502;3502
MJET SAHÝL DEMRE ANTALYA;BATI AKDENÝZ;230;MJET;9;M-JET;8744;36.2302;29.9908;Büyükkum Mah. Tokgözler Sok No:3B;7;8;ANTALYA;DEMRE;19.07.2024;Hayýr;;218;387;;;;14771;3503;3503
MION MAHMUTLAR ALANYA ANTALYA;BATI AKDENÝZ;237;MION;247;MION;8746;36.478;32.1084;Mahmutlar Mah. Barbaros Cad. No:187 BD;7;2;ANTALYA;ALANYA;12.07.2024;Hayýr;;201;235;;;;21031;3504;3504
LIFE TOWERS SAMSUN M MÝGROS;KARADENÝZ/KUZEYD.AND;1;MÝGROS;6;SELF SERVÝS M;8748;41.2663;36.33317;Kýþla Mah. 959 Sok. Blok 1-A No:25,26;55;17;SAMSUN;ÝLKADIM;24.05.2024;Hayýr;;489;1099;;;6874;11947;3505;3505
MION VEGA AVM SULTANGAZÝ ÝST;BATI MARMARA;237;MION;247;MION;8749;41.093098;28.903827;Cebeci Mah Lütfü Aykaç Bulvarý No:81;34;40;ÝSTANBUL;SULTANGAZÝ;16.07.2024;Hayýr;;211;245;;;;19853;3506;3506
MJET ILIPINAR FOÇA ÝZMÝR;KUZEY EGE;230;MJET;9;M-JET;8755;38.68591281;26.91992551;Ilýpýnar Köyü Küme Evler No:403-403A-543A;35;16;ÝZMÝR;FOÇA;28.06.2024;Hayýr;;278;358;Evet;;;20371;3507;3507
MION ATATÜRK CD MALTEPE ÝST;DOÐU MARMARA;237;MION;247;MION;8756;40.922691;29.12976;Baðlarbaþý Mah. Atatürk Cad. Kapý No: 8-10B;34;20;ÝSTANBUL;MALTEPE;1.08.2024;Hayýr;;167;483;;;;21150;3508;3508
ÝSA KÜÇÜLMEZ CD ALANYA ANT M;BATI AKDENÝZ;1;MÝGROS;6;SELF SERVÝS M;8757;36.5045;32.0822;Kestel Mah. Ýsa Küçülmez Cad No:170AB;7;2;ANTALYA;ALANYA;12.07.2024;Hayýr;;297;499;;;;17966;3509;3509
BAÐCILAR DÝYARBAKIR MM MÝGROS;DOÐU/G.DOÐU ANADOLU;1;MÝGROS;2;MM;8758;37.911988;40.129162;Baðcýlar Mah. Hashavar Cad. No:9E;21;14;DÝYARBAKIR;BAÐLAR;25.07.2024;Hayýr;;708;1120;;;;20480;3510;3510
MION ALTINOLUK SAHÝL B.KESÝR;KUZEY EGE;237;MION;247;MION;8759;39.56677101;26.74508814;ÝSKELE Mah. BARBAROS Cad. OLIVE CAFE Apt. No: 6 /2;10;7;BALIKESÝR;EDREMÝT;12.07.2024;Hayýr;;235;276;;;;20709;3511;3511
MJET OCAKLAR ERDEK BALIKESÝR;GÜNEY MARMARA;230;MJET;9;M-JET;8760;40.44389479;27.75614772;Ocaklar Mah. Necmi Türe Sok. No:13/1;10;8;BALIKESÝR;ERDEK;4.07.2024;Hayýr;;182;246;Evet;;;20805;3512;3512
PAZAR RÝZE M MÝGROS;KARADENÝZ/KUZEYD.AND;1;MÝGROS;7;M ANADOLU;8764;41.180529;40.889841;Pazar Mah. Yeþil Sok.;53;11;RÝZE;PAZAR;25.07.2024;Hayýr;;315;542;;;;17872;3513;3513
MJET BELKÖY KEMER ANTALYA;BATI AKDENÝZ;230;MJET;9;M-JET;8765;36.71875545;30.56278711;Beldibi Mah. Baþkomutan Atatürk Cad. No:135;7;10;ANTALYA;KEMER;14.06.2024;Hayýr;;125;178;;;;21407;3514;3514
MJET EMNÝYET MH ANKARA;ÝÇ ANADOLU;230;MJET;9;M-JET;8766;39.9441318;32.8186778;Emniyet Mah. Afet Sok. No:22-13;6;8;ANKARA;YENÝMAHALLE;12.07.2024;Hayýr;;185;267;;;;17838;3515;3515
MJET ÝLÝMTEPE KOCAELÝ;DOÐU MARMARA;230;MJET;9;M-JET;8768;40.800725;29.76888497;Ýlimtepe Mah. Ýlim Cad. No:68/1;41;5;KOCAELÝ;KÖRFEZ;25.06.2024;Hayýr;;358;634;;;7369;14464;3516;3516
KÜLTÜR BÝNGÖL M MÝGROS;DOÐU/G.DOÐU ANADOLU;1;MÝGROS;6;SELF SERVÝS M;8773;38.884433;40.50706;Ýnönü Mh.Kültür Cad. No:1;12;0;BÝNGÖL;MERKEZ;11.06.2024;Hayýr;;587;1023;;;6770;10818;3517;3517
MJET FERHAT UYSAL CD ÝZMÝR;KUZEY EGE;230;MJET;9;M-JET;8774;38.942297;26.934407;Çandarlý Mah. Ferhat Uysal Cad.;35;15;ÝZMÝR;DÝKÝLÝ;26.07.2024;Hayýr;;282;357;;;;18899;3518;3518
TRÝO GAZÝANTEP MACROKIOSK;DOÐU AKDENÝZ;235;MACROKIOSK;243;MACROKIOSK;8784;37.076485;37.330905;BATIKENT MAH. KÜRÞAT TÜZMEN BULV.;27;2;GAZÝANTEP;ÞEHÝTKAMÝL;31.07.2024;Hayýr;;105;175;;;;19397;3519;3519
MJET HANLI MH ARÝFÝYE SAKARYA;GÜNEY MARMARA;230;MJET;9;M-JET;8809;40.72716003;30.39326802;Hanlýköy Mah. Merkez Cad. Dýþ Kapý No:2/A;54;14;SAKARYA;ARÝFÝYE;31.07.2024;Hayýr;;230;313;;;;21455;3520;3520
MION MERKEZ SEFERÝHÝSAR ÝZMÝR;KUZEY EGE;237;MION;247;MION;8810;38.195103;26.83664;Camikebir Mah. Atatürk Cad. No:38/A;35;24;ÝZMÝR;SEFERÝHÝSAR;1.08.2024;Hayýr;;155;340;;;;17631;3521;3521
ÇEÞME MM MÝGROS;KUZEY EGE;1;MÝGROS;2;MM;904;38.328848;26.315517;Sakarya Mah. Bozalan Mevkii  Atatürk Bulv. NO:133;35;14;ÝZMÝR;ÇEÞME;11.08.2000;Evet;85;1455;2980;;3;;;3522;3522
FENERBAHÇE STAD MM MÝGROS;DOÐU MARMARA;1;MÝGROS;2;MM;911;40.987698;29.035411;Zühtüpaþa Mah. Þefikbey Sok. NO:18;34;16;ÝSTANBUL;KADIKÖY;1.09.2000;Evet;500;1212;1775;;59,3,9;;;3523;3523
KIRKLARELÝ M MÝGROS;BATI MARMARA;1;MÝGROS;5;SERVÝS REYONLU M;924;41.735814;27.22514;Kocahýdýr Mah. Paþa Çeþme Sok. No:5/Z1;39;0;KIRKLARELÝ;MERKEZ;20.10.2000;Hayýr;;655;1475;;;;;3524;3524
SÝVAS MMM MÝGROS;KARADENÝZ/KUZEYD.AND;1;MÝGROS;3;MMM;925;39.739885;37.016839;Kaleardý Mah. Turgut Özal Cad. No:29/A;58;0;SÝVAS;MERKEZ;11.10.2000;Evet;80;1580;2525;;3;;;3525;3525
KOÇ ÜNÝVERSÝTESÝ M MÝGROS;BATI MARMARA;1;MÝGROS;6;SELF SERVÝS M;929;41.205825;29.073011;Rumeli Fener Yolu Koç Üniversitesi Kampüsü;34;22;ÝSTANBUL;SARIYER;26.09.2000;Hayýr;;285;405;;59;;;3526;3526
BABAESKÝ M MÝGROS;BATI MARMARA;1;MÝGROS;5;SERVÝS REYONLU M;947;41.430348;27.090338;BabaeskI Ýlçesi Dindoðru Mah.Fatih Cad..NO:12;39;1;KIRKLARELÝ;BABAESKÝ;15.12.2000;Hayýr;15;465;670;;;;;3528;3528
TEKÝRDAÐ MM MÝGROS;BATI MARMARA;1;MÝGROS;2;MM;948;40.983523;27.554859;Hürriyet Mahallesi Yahya Kemal Beyatlý Cad. No:2;59;11;TEKÝRDAÐ;SÜLEYMANPAÞA;22.12.2000;Hayýr;25;1293;2333;;59,3,13;;;3529;3529
BANDIRMA MM MÝGROS;GÜNEY MARMARA;1;MÝGROS;2;MM;954;40.34309;27.9667;Paþabayýr Mah. Hamit Kaplan Cad. 1018.Sokak;10;3;BALIKESÝR;BANDIRMA;22.12.2000;Hayýr;40;885;1810;;59,3,13;;;3530;3530
ESENYURT MM MÝGROS;BATI MARMARA;1;MÝGROS;2;MM;965;41.060165;28.676146;Esenkent Mah. Süleyman Demirel Cad. Bina No:1;34;38;ÝSTANBUL;ESENYURT;26.01.2001;Hayýr;20;841;1262;;51,1,3,13;;;3531;3531
EKÝNOBA MM MÝGROS;BATI MARMARA;1;MÝGROS;2;MM;966;41.011301;28.536547;Ekinoba Konutlarý Batýköy Mevkii A Blok Mimarsinan;34;28;ÝSTANBUL;BÜYÜKÇEKMECE;9.02.2001;Hayýr;40;1605;2127;;3;;;3532;3532
5M ANTALYA;BATI AKDENÝZ;185;5M;191;5M;971;36.882618;30.659414;Arapsuyu Mah.Atatürk Bulv. 5M MÝGROS Apt.No:3/Z18;7;18;ANTALYA;KONYAALTI;6.06.2001;Evet;;4608;8612;;58,6,1,3;;;3533;3533
DATÇA MMM MÝGROS;GÜNEY EGE;1;MÝGROS;3;MMM;987;36.731988;27.68221;Belediye Eski Terminali,Jandarma Karþýsý Ýskele Mh;48;3;MUÐLA;DATÇA;15.06.2001;Evet;81;1690;2675;;1,3,13;;;3534;3534
FETHÝYE MMM MÝGROS;GÜNEY EGE;1;MÝGROS;3;MMM;997;36.62456;29.12561;Tuzla Mahallesi Mustafa Kemal Bulvarý No:8;48;4;MUÐLA;FETHÝYE;14.09.2001;Evet;80;1985;2767;;1,3,13;;;3536;3536
CAROUSEL MMM MÝGROS;BATI MARMARA;1;MÝGROS;3;MMM;999;40.977748;28.873454;Zeytinlik Mah. Halit Ziya Uþaklýgil Cad.NO:1 Kat 2;34;5;ÝSTANBUL;BAKIRKÖY;19.09.2001;Evet;;1162;1573;;;;;3537;3537
MION MEÞRUTÝYET CD ANKARA;ÝÇ ANADOLU;237;MION;247;MION;8699;39.9180298;32.8562493;Meþrutiyet Mahallesi Meþrutiyet Caddesi No:15A;6;2;ANKARA;ÇANKAYA;2.08.2024;Hayýr;;141;252;;;;20825;3538;3538
ALACA ÇORUM M MÝGROS;ÝÇ ANADOLU;1;MÝGROS;7;M ANADOLU;8779;40.1693969;34.8430156;Yýldýzhan Mah. Koca Yusuf Sok. No: 2/13;19;1;ÇORUM;ALACA;6.08.2024;Hayýr;;246;421;;;;20673;3539;3539
MJET MEÞRUTÝYET CD ANKARA;ÝÇ ANADOLU;230;MJET;9;M-JET;8786;39.91785;32.856562;Meþrutiyet Mah. Meþrutiyet Cad. No: 16A;6;2;ANKARA;ÇANKAYA;6.08.2024;Hayýr;;114;285;;;;21275;3540;3540
MAVÝDA ERDEMLÝ MERSÝN M;DOÐU AKDENÝZ;1;MÝGROS;5;SERVÝS REYONLU M;8802;36.64010764;34.36158319;Arpaçbahþiþ Mah. 203 Cad. B Blok No:15B/A-B-C-D-E;33;5;MERSÝN;ERDEMLÝ;6.08.2024;Hayýr;;583;832;;;;21144;3541;3541
MJET ÞEHÝR HASTANESÝ ERZURUM;KARADENÝZ/KUZEYD.AND;230;MJET;9;M-JET;8803;39.88752;41.237555;Atatürk Mah. Çat Yolu Cad. No:2 E1 Blok;25;21;ERZURUM;YAKUTÝYE;6.08.2024;Hayýr;;302;833;;;;20931;3542;3542
MÜCAHÝTLER MH GAZÝANTEP M;DOÐU AKDENÝZ;1;MÝGROS;6;SELF SERVÝS M;8776;37.07701448;37.36509933;Mücahitler Mah. Kudüs Cad No:17C-17D-1A-1B-1C;27;2;GAZÝANTEP;ÞEHÝTKAMÝL;8.08.2024;Hayýr;;364;550;;;;20487;3543;3543
MJET ALÝKAHYA OSB KOCAELÝ;DOÐU MARMARA;230;MJET;256;MJET-PLAZA;8841;40.77056592;30.02288854;Asým Kibar OSB. Mah No:3 Alikahya;41;11;KOCAELÝ;ÝZMÝT;8.08.2024;Hayýr;;88;103;;;;20166;3544;3544
ECEABAT ÇANAKKALE M MÝGROS;GÜNEY MARMARA;1;MÝGROS;6;SELF SERVÝS M;8707;40.169441;26.36495;Ýsmetpaþa Mah. Piri Reis Cad. No:1/AD;17;6;ÇANAKKALE;ECEABAT;9.08.2024;Hayýr;;396;611;;;;16997;3545;3545
MION BÝLKENT ÇANKAYA ANKARA;ÝÇ ANADOLU;237;MION;247;MION;8745;39.884249;32.758348;Üniversiteler Mah. 1597. Cad. No:3-102;6;2;ANKARA;ÇANKAYA;9.08.2024;Hayýr;;185;211;;;;20926;3546;3546
MJET ATA CADDESÝ MERKEZ ÇORUM;ÝÇ ANADOLU;230;MJET;9;M-JET;8818;40.53451385;34.96612298;Kale Mah. Ata Cad. No:126/A-B;19;0;ÇORUM;MERKEZ;9.08.2024;Hayýr;;269;546;;;;21262;3547;3547
MJET FARÝLYA MH BODRUM MUÐLA;GÜNEY EGE;230;MJET;9;M-JET;8817;37.125179;27.344255;Farilya Mah. Atatürk (Farilya) Cad No:92 B/1-2 A/2;48;1;MUÐLA;BODRUM;23.08.2024;Hayýr;;200;462;;;;21529;3548;3548
MARMARÝS MUÐLA MACROCENTER;GÜNEY EGE;4;MACROCENTER;9;MACROCENTER;8816;36.8411;28.2511;Siteler Mah. 248 Sokak No:5/1-2-3;48;7;MUÐLA;MARMARÝS;21.08.2024;Hayýr;;323;408;;;;17747;3549;3549
ÞEREFÝYE MH VAN M MÝGROS;DOÐU/G.DOÐU ANADOLU;1;MÝGROS;6;SELF SERVÝS M;8844;38.498392;43.403633;Þerefiye Mah. M.Fevzi Çakmak Cad. No:49/A;65;12;VAN;ÝPEKYOLU;14.08.2024;Hayýr;;553;965;;;5853;;3550;3550
SÝGORTA YAKUTÝYE ERZURUM M;KARADENÝZ/KUZEYD.AND;1;MÝGROS;7;M ANADOLU;8813;39.901409;41.267146;Muratpaþa Mah. Sabunhane Cad. No:16/A;25;21;ERZURUM;YAKUTÝYE;23.08.2024;Hayýr;;554;1115;;;;19876;3551;3551
YAZICIZADE GELÝBOLU Ç.KALE M;GÜNEY MARMARA;1;MÝGROS;5;SERVÝS REYONLU M;8721;40.419839;26.677407;Yazýcýzade Mah. Dumlupýnar Sok No:14/1;17;8;ÇANAKKALE;GELÝBOLU;16.08.2024;Hayýr;;426;732;;;;16992;3552;3552
MION ARENAPARK ÝSTANBUL;BATI MARMARA;237;MION;247;MION;8780;41.054354;28.7921;Atakent Mah Çiçekli Vadi Cad. No:1;34;19;ÝSTANBUL;KÜÇÜKÇEKMECE;13.08.2024;Hayýr;;126;147;;;;21060;3553;3553
MJET ÜÇKUYULAR MH DÝYARBAKIR;DOÐU/G.DOÐU ANADOLU;230;MJET;9;M-JET;8819;37.99136438;40.15125275;Üçküyü Mah. Þehit Ali Gaffar Okan Blv.;21;17;DÝYARBAKIR;YENÝÞEHÝR;21.08.2024;Hayýr;;265;342;;;;21264;3554;3554
K.PINAR DÝYARBAKIR MACROCENTER;DOÐU/G.DOÐU ANADOLU;4;MACROCENTER;9;MACROCENTER;8714;37.9366204;40.1547054;Mezopotamya Mah. 75.Yol Fýrat Bulv. Kesiþimi;21;15;DÝYARBAKIR;KAYAPINAR;14.08.2024;Hayýr;;580;796;;;;20540;3555;3555
MJET 115. CADDE ISPARTA;BATI AKDENÝZ;230;MJET;9;M-JET;8713;37.766975;30.563815;Karaaðaç Mah. 1804Sokak No:2 /13;32;0;ISPARTA;MERKEZ;16.08.2024;Hayýr;;152;179;;;;18092;3556;3556
MJET KORUMAR KUÞADASI AYDIN;GÜNEY EGE;230;MJET;9;M-JET;8791;37.86017;27.274911;Ege Mah. 423 Sokak No:2CA-2CB-2CC;9;11;AYDIN;KUÞADASI;21.08.2024;Hayýr;;281;432;;;;19383;3557;3557
DÖRTTEPE MH MÝLAS MUÐLA M;GÜNEY EGE;1;MÝGROS;6;SELF SERVÝS M;8783;37.183648;27.621573;Dörttepe Mah. Dörttepe Mücavir Sok. No:74;48;8;MUÐLA;MÝLAS;16.08.2024;Hayýr;;401;647;;;;20744;3558;3558
BEYOBASI MH KÖYCEÐÝZ MUÐLA M;GÜNEY EGE;1;MÝGROS;6;SELF SERVÝS M;8785;36.912637;28.743348;Beyobasý Mah 3(Merkez) Bulv. No:4A;48;6;MUÐLA;KÖYCEÐÝZ;21.08.2024;Hayýr;;399;541;;;;20261;3559;3559
MJET BEÞTEPE ANKARA;ÝÇ ANADOLU;230;MJET;9;M-JET;8686;39.929079;32.812992;Beþtepe Mah. Alparslan Türkeþ Cad. No:47-9;6;8;ANKARA;YENÝMAHALLE;16.08.2024;Hayýr;;129;223;;;;15637;3560;3560
ORMANKÖY ÝSTANBUL MACROCENTER;DOÐU MARMARA;4;MACROCENTER;9;MACROCENTER;8676;41.025;29.215333;Güngören Mah. Tolgahan Sok. I Blok No:41/42/43/44;34;37;ÝSTANBUL;ÇEKMEKÖY;22.08.2024;Hayýr;;750;1045;;;;19706;3561;3561
KUZDERE MH. KEMER ANTALYA M;BATI AKDENÝZ;1;MÝGROS;6;SELF SERVÝS M;8812;36.582;30.5277;Kuzdere Mah. Mustafa Kemal Cad. No:55/1;7;10;ANTALYA;KEMER;23.08.2024;Hayýr;;245;572;;;;20338;3562;3562
MEVLANA BLV KÖRFEZ KOCAELÝ M;DOÐU MARMARA;1;MÝGROS;7;M ANADOLU;8778;40.775909;29.79102;Yavuz Sultan Selim Mah. Mevlana Bulvarý No:118/1B;41;5;KOCAELÝ;KÖRFEZ;13.08.2024;Hayýr;;345;513;;;;19045;3563;3563
VAKFIKEBÝR TRABZON M MÝGROS;KARADENÝZ/KUZEYD.AND;1;MÝGROS;7;M ANADOLU;8842;41.047948;39.271967;Çarþý Mah. Gülbaharhatun Cad. Huzur Plaza A BLOK;61;16;TRABZON;VAKFIKEBÝR;26.08.2024;Hayýr;;313;416;;;;19602;3564;3564
YALI MH ALÝAÐA ÝZMÝR M MÝGROS;KUZEY EGE;1;MÝGROS;5;SERVÝS REYONLU M;8815;38.81948;26.98428;Yalý Mah. Hürriyet Cad. No:340A;35;10;ÝZMÝR;ALÝAÐA;28.08.2024;Hayýr;;382;593;;;;17514;3565;3565
MJET TOKÝ ÝSLAHÝYE GAZÝANTEP;DOÐU AKDENÝZ;230;MJET;9;M-JET;8836;37.026184;36.651328;Atatürk Mah. Avcýlar Çiftliði Sok NO:37;27;4;GAZÝANTEP;ÝSLAHÝYE;28.08.2024;Hayýr;;270;350;;;;21145;3566;3566
ALÝ ULVÝ KURUCU CD KONYA M;ÝÇ ANADOLU;1;MÝGROS;6;SELF SERVÝS M;8735;37.885048;32.5053975;Keçeciler Mah Ali Ulvi Kurucu Cad No:91/B;42;1;KONYA;KARATAY;29.08.2024;Hayýr;;443;766;;;;20857;3567;3567
MTA SELÇUKLU KONYA MM MÝGROS;ÝÇ ANADOLU;1;MÝGROS;2;MM;8736;37.9582948;32.52600878;Sancak Mah. Taç Mahal Cad. No:20/2A;42;3;KONYA;SELÇUKLU;29.08.2024;Hayýr;;732;1487;;;;20872;3568;3568
ELBÝSTAN KÜMBET MH K.MARAÞ;DOÐU AKDENÝZ;1;MÝGROS;5;SERVÝS REYONLU M;8839;38.19903082;37.20398784;Kümbet Mah. Hacý Esat Efendi Cad.;46;5;KAHRAMANMARAÞ;ELBÝSTAN;29.08.2024;Hayýr;;528;1023;;;;19902;3569;3569
PANCAR TORBALI ÝZMÝR M MÝGROS;GÜNEY EGE;1;MÝGROS;6;SELF SERVÝS M;8659;38.198517;27.236241;Kazým Karabekir Mah. Bekir Saydam Cad. No:10A-10B;35;27;ÝZMÝR;TORBALI;29.08.2024;Hayýr;;308;367;;;;17336;3570;3570
KARACAÖREN MH KARS M MÝGROS;KARADENÝZ/KUZEYD.AND;1;MÝGROS;7;M ANADOLU;8838;40.579411;43.090208;Yeniþehir Mah. 93.Sok. No:2/1;36;0;KARS;MERKEZ;29.08.2024;Hayýr;;391;490;;;;20441;3571;3571
ADAPAZARI SAKARYA TANSAÞ GROSS;GÜNEY MARMARA;231;TOPTAN SATIÞ;251;GROSS;8814;40.7918;30.3851;Þeker Mah. Gezici Sokak No:296;54;13;SAKARYA;ADAPAZARI;29.08.2024;Hayýr;;3706;4056;;1;6083;;3572;3572
MJET TORBALI DM;GÜNEY EGE;230;MJET;9;M-JET;8840;38.212494;27.309899;Yazýbaþý Mah. 9213 Sokak;35;27;ÝZMÝR;TORBALI;5.09.2024;Hayýr;;38;38;;;;21153;3574;3574
ÇALDIRAN VAN M MÝGROS;DOÐU/G.DOÐU ANADOLU;1;MÝGROS;6;SELF SERVÝS M;8861;39.133419;43.899695;Cumhuriyet Mah. Azarbeycan Cad.No:181/A;65;3;VAN;ÇALDIRAN;5.09.2024;Hayýr;;346;524;;;;21582;3575;3575
GÜLLÜK MÝLAS MACROCENTER S;GÜNEY EGE;4;MACROCENTER;236;MACROCENTER S;8738;37.24030269;27.59676464;Güllük Mah. Manastýr Cad No:18/1;48;8;MUÐLA;MÝLAS;5.09.2024;Hayýr;;278;344;;;;21082;3576;3576
BÝNKONUT SELÇUKLU KONYA MM;ÝÇ ANADOLU;1;MÝGROS;2;MM;8737;37.93743592;32.50281582;Þeyh Þamil Mah.Eyüp Sultan Cad No:54;42;3;KONYA;SELÇUKLU;6.09.2024;Hayýr;;927;1528;;;;20867;3577;3577
MION VALÝ OZAN CD MARDÝN;DOÐUAKDENZ/GÜNEYDOÐU;237;MION;247;MION;8863;37.3251;40.7184;13 Mart Mah. Vali Ozan Cad.No:80A;47;10;MARDÝN;ARTUKLU;6.09.2024;Hayýr;;223;431;;;;21607;3578;3578
METRO SÝNCAN ANKARA M MÝGROS;ÝÇ ANADOLU;1;MÝGROS;7;M ANADOLU;8837;39.984147;32.586426;Fatih Mahallesi Kültür Caddesi No:10-O;6;7;ANKARA;SÝNCAN;10.09.2024;Hayýr;;339;483;;;;15024;3579;3579
CAFERAÐA ÝSTANBUL MACROKIOSK;DOÐU MARMARA;235;MACROKIOSK;243;MACROKIOSK;8854;40.988213;29.02661;Caferaða Mah. Sakýz Sok.NO:8A-8B;34;16;ÝSTANBUL;KADIKÖY;11.09.2024;Hayýr;;89;255;;;;20956;3580;3580
MJET 19 MAYIS TEKKEKÖY SAMSUN;KARADENÝZ/KUZEYD.AND;230;MJET;9;M-JET;8868;41.22006888;36.45337618;19 Mayýs Mah. Hacý Ali Ekinci Bulvarý No:6A6B;55;11;SAMSUN;TEKKEKÖY;13.09.2024;Hayýr;;279;383;;;;21756;3581;3581
MJET ELÇÝ CD ANKARA;ÝÇ ANADOLU;230;MJET;9;M-JET;8777;39.90275556;32.84828289;Ayrancý Mahallesi Elçi Caddesi No: 11A;6;2;ANKARA;ÇANKAYA;13.09.2024;Hayýr;;158;194;;;;20327;3582;3582
MION MALTEPE PARK AVM ÝSTANBUL;DOÐU MARMARA;237;MION;247;MION;8801;40.9187;29.1635;Malptepe Park AVM Cevizli Mah;34;20;ÝSTANBUL;MALTEPE;13.09.2024;Hayýr;;162;183;;;;21024;3583;3583
1071 KADIKÖY ÝSTANBUL M;DOÐU MARMARA;1;MÝGROS;6;SELF SERVÝS M;8879;40.991073;29.052618;Fikirtepe Mah. Hýzýrbey Caddesi  No:133;34;16;ÝSTANBUL;KADIKÖY;18.09.2024;Hayýr;;402;541;;;7039;12071;3584;3584
BEREKETLER DENÝZLÝ M MÝGROS;GÜNEY EGE;1;MÝGROS;6;SELF SERVÝS M;8888;37.78113794;29.02947018;Adalet Mah. Tuna Cad. No:23/AA;20;20;DENÝZLÝ;MERKEZEFENDÝ;17.09.2024;Hayýr;;298;477;;;4958;;3585;3585
CÝNKAYA BULVARI DENÝZLÝ M;GÜNEY EGE;1;MÝGROS;6;SELF SERVÝS M;8889;37.7965;29.0418;Þemikler Mah. Cinkaya Bulvarý No: 110AA;20;20;DENÝZLÝ;MERKEZEFENDÝ;17.09.2024;Hayýr;;532;673;;;6663;7090;3586;3586
ÞEKER MH KONYA M MÝGROS;ÝÇ ANADOLU;1;MÝGROS;6;SELF SERVÝS M;8886;37.879811;32.467947;Selçuk Mah.Hoca Cihan Tekke Cad. No:72 A;42;3;KONYA;SELÇUKLU;17.09.2024;Hayýr;;359;474;;;7089;10426;3587;3587
MEHTAP CD KALKANCI SAMSUN M;KARADENÝZ/KUZEYD.AND;1;MÝGROS;6;SELF SERVÝS M;8884;41.314896;36.314825;Kalkancý Mah Mehtap Cad Dýþ Kapý No:57;55;17;SAMSUN;ÝLKADIM;19.09.2024;Hayýr;;534;707;;;7882;17289;3588;3588
ACIBADEM KONAKLARI ÝSTANBUL M;DOÐU MARMARA;1;MÝGROS;6;SELF SERVÝS M;8690;41.010353;29.047597;Acýbadem Mahallesi, Derya Sokak, No:11AA;34;26;ÝSTANBUL;ÜSKÜDAR;19.09.2024;Hayýr;;312;402;;;;20014;3589;3589
GÖLYANI SAPANCA MACROKIOSK;GÜNEY MARMARA;235;MACROKIOSK;243;MACROKIOSK;8858;40.69693562;30.26716248;RÜSTEMPAÞA MAH. KUMBAZ CAD.;54;11;SAKARYA;SAPANCA;19.09.2024;Hayýr;;78;113;;;;21454;3590;3590
ÖRNEKKÖY PAZARYERÝ KARÞIYAKA M;KUZEY EGE;1;MÝGROS;6;SELF SERVÝS M;8899;38.479967;27.1132329;Örnekköy Mahallesi 7401 Sokak No:72/A;35;7;ÝZMÝR;KARÞIYAKA;19.09.2024;Hayýr;;441;856;;;5832;;3591;3591
MARÝNA MUDANYA MACROKIOSK;GÜNEY MARMARA;235;MACROKIOSK;243;MACROKIOSK;8859;40.38209667;28.87293961;Halitpaþa Mah. Kumyaka Cad.No:5/A;16;13;BURSA;MUDANYA;20.09.2024;Hayýr;;114;317;;;;21573;3592;3592
BAÐLICA GÜZELKÖY ANKARA M;ÝÇ ANADOLU;1;MÝGROS;6;SELF SERVÝS M;8883;39.886838;32.626647;Baðlýca Mah. Güzelköy Cad. No:19/C-CA;6;3;ANKARA;ETÝMESGUT;24.09.2024;Hayýr;;437;933;;;7619;9279;3593;3593
SORGUN ANTALYA M MÝGROS;BATI AKDENÝZ;1;MÝGROS;6;SELF SERVÝS M;8677;36.7712;31.4311;SORGUN MAH. HÜSEYÝN AVNÝ AKIN CAD.;7;13;ANTALYA;MANAVGAT;27.09.2024;Hayýr;;420;917;;;;16366;3594;3594
SÝLÝVRÝ BELEDÝYE ÝST MM MÝGROS;BATI MARMARA;1;MÝGROS;2;MM;8541;41.073665;28.255246;Alibey Mah. Hasan Korsan Cad No:2/1B;34;30;ÝSTANBUL;SÝLÝVRÝ;27.09.2024;Hayýr;;855;1536;;;;20262;3595;3595
OPTÝMÝST RESÝDENCE ÝSTANBUL M;DOÐU MARMARA;1;MÝGROS;6;SELF SERVÝS M;8787;40.995543;29.052158;Fikirtepe Mah Yýldýrým Sok.NO:10/37-38-39-40;34;16;ÝSTANBUL;KADIKÖY;27.09.2024;Hayýr;;391;569;;;;20000;3596;3596
TEMA WORLD ÝSTANBUL MACROKIOSK;BATI MARMARA;235;MACROKIOSK;243;MACROKIOSK;8775;41.052924;28.770476;Atakent Mah. 243 Sokak NO:28/1;34;19;ÝSTANBUL;KÜÇÜKÇEKMECE;27.09.2024;Hayýr;;53;62;;;;20122;3597;3597
BATIKENT ESK MACROKIOSK;ÝÇ ANADOLU;235;MACROKIOSK;243;MACROKIOSK;8857;39.793419;30.453426;Batýkent Mahallesi Bülent Ecevit Bulvarý No:14/BB;26;14;ESKÝÞEHÝR;TEPEBAÞI;30.09.2024;Hayýr;;80;103;;;;20787;3598;3598
ÝZCÝ SK ÇANKAYA ANKARA M;ÝÇ ANADOLU;1;MÝGROS;6;SELF SERVÝS M;8864;39.897302;32.871457;Kazým Özalp Mahallesi Ýzci Sokak No: 2A;6;2;ANKARA;ÇANKAYA;30.09.2024;Hayýr;;250;550;;;;21206;3599;3599
BARIÞ MH SAFRANBOLU KARABÜK M;ÝÇ ANADOLU;1;MÝGROS;6;SELF SERVÝS M;8904;41.242527;32.682934;Barýþ Mah Göztepe Cad No: 14/1;78;4;KARABÜK;SAFRANBOLU;30.09.2024;Hayýr;;423;628;;;;19816;3600;3600
SUADÝYE MH KADIKÖY ÝST M;DOÐU MARMARA;1;MÝGROS;6;SELF SERVÝS M;8922;40.962473;29.084799;Suadiye Mah. Aydýn Sok. Nazýmbey Ap. No:13/A;34;16;ÝSTANBUL;KADIKÖY;1.10.2024;Hayýr;;270;281;;;3600;;3602;3602
MION METROWAY AVM B.ÞEHÝR ÝST;BATI MARMARA;237;MION;247;MION;8792;41.12324;28.768051;KAYABAÞI MAH. KAYABAÞI BULV.;34;35;ÝSTANBUL;BAÞAKÞEHÝR;3.10.2024;Hayýr;;168;202;;;;21028;3603;3603
METROWAY AVM ÝSTANBUL MM;BATI MARMARA;1;MÝGROS;2;MM;8767;41.119416;28.765753;Kayabaþý Mah. Kayabaþý Bulv. No:45;34;35;ÝSTANBUL;BAÞAKÞEHÝR;3.10.2024;Hayýr;;785;1149;;;;20542;3604;3604
KUMBABA PLAJYOLU ÞÝLE ÝST;DOÐU MARMARA;1;MÝGROS;6;SELF SERVÝS M;8927;41.158983;29.590121;Ahmetli Mah. Üsküdar Cad. No:324;34;32;ÝSTANBUL;ÞÝLE;3.10.2024;Hayýr;;357;486;;;5901;;3605;3605
KARABÜK M MÝGROS;ÝÇ ANADOLU;1;MÝGROS;6;SELF SERVÝS M;8913;41.195997;32.615997;Bayýr Mah.Kemal Güneþ Cad.No:92/Z11;78;0;KARABÜK;MERKEZ;3.10.2024;Hayýr;;530;935;;;3281;;3606;3606
BOZKIR KONYA M MÝGROS;ÝÇ ANADOLU;1;MÝGROS;6;SELF SERVÝS M;8878;37.188283;32.244369;Cumhuriyet Mah Ýsmet Ýnönü Cad No:39;42;9;KONYA;BOZKIR;4.10.2024;Hayýr;;370;726;;;;21155;3607;3607
CEYHUN ATUF KANSU CD ANKARA;ÝÇ ANADOLU;1;MÝGROS;6;SELF SERVÝS M;8926;39.889362;32.815633;Ehlibeyt Mah. Ceyhun Atuf Kansu Cad. No:126/E-F;6;2;ANKARA;ÇANKAYA;4.10.2024;Hayýr;;382;877;;;7789;16450;3608;3608
ARABAN GAZÝANTEP M MÝGROS;DOÐU AKDENÝZ;1;MÝGROS;7;M ANADOLU;8860;37.42501;37.68713;DUMLUPINAR MAH. GAZÝANTEP CAD.NO:10A;27;3;GAZÝANTEP;ARABAN;4.10.2024;Hayýr;;265;478;;;;20935;3609;3609
S.DEMÝREL BL KUÞADASI AYDIN MM;GÜNEY EGE;1;MÝGROS;2;MM;8856;37.832096;27.256197;KADINLAR DENÝZÝ MAH. 587. Sok. No:2A;9;11;AYDIN;KUÞADASI;4.10.2024;Hayýr;;650;1230;;;;20698;3610;3610
AÐALAR MH KOCAALÝ SAKARYA M;GÜNEY MARMARA;1;MÝGROS;7;M ANADOLU;8873;41.0556464;30.85218183;Aðalar Mah. Osmanbey Cad. No: 7/2;54;9;SAKARYA;KOCAALÝ;4.10.2024;Hayýr;;326;497;;;;21352;3611;3611
MION TURGUTREÝS BODRUM MUÐLA;GÜNEY EGE;237;MION;247;MION;8901;37.008053;27.261234;BAHÇELÝEVLER MAH. MEHMET HÝLMÝ CAD. NO:45/4;48;1;MUÐLA;BODRUM;4.10.2024;Hayýr;;176;205;;;;21234;3612;3612
ATATÜRK MH GERZE SÝNOP M;KARADENÝZ/KUZEYD.AND;1;MÝGROS;7;M ANADOLU;8875;41.80417362;35.1863161;Atatürk Mah. Halil Bayraktar Cad.No:35A;57;6;SÝNOP;GERZE;4.10.2024;Hayýr;;267;320;;;;21596;3613;3613
A.TÜRKEÞ BLV KIRIKKALE M;ÝÇ ANADOLU;1;MÝGROS;6;SELF SERVÝS M;8925;39.847583;33.51322;Gürler Mah. Alparslan Türkeþ Bulvarý No:178-A;71;0;KIRIKKALE;MERKEZ;4.10.2024;Hayýr;;350;598;;;7736;15979;3614;3614
BARINAKLAR BLV ANTALYA M;BATI AKDENÝZ;1;MÝGROS;6;SELF SERVÝS M;8914;36.8514;30.7692;Barýnaklar Bulvarý Çaðlayan Mah No:62 A-B;7;19;ANTALYA;MURATPAÞA;8.10.2024;Hayýr;;256;454;;;5974;;3615;3615
LUSSO BORNOVA MACROCENTER;KUZEY EGE;4;MACROCENTER;9;MACROCENTER;8674;38.4468569;27.205571;Kazýmdirik Mah 364/1 Sokak. NO:9A-9C;35;2;ÝZMÝR;BORNOVA;9.10.2024;Hayýr;;405;555;;;;20258;3616;3616
BAHTILI MH KONYAALTI ANT M;BATI AKDENÝZ;1;MÝGROS;6;SELF SERVÝS M;8855;36.8824;30.5705;BAHTILI MAH. ULUÖNDER ATATÜRK CAD.;7;18;ANTALYA;KONYAALTI;11.10.2024;Hayýr;;442;593;;;;21384;3617;3617
BAÐLARÝÇÝ ÇORLU TEKÝRDAÐ MM;BATI MARMARA;1;MÝGROS;2;MM;8845;41.1522612;27.8114308;Muhittin Mah. Þehit Arman Galata Sok. No:23-29A;59;2;TEKÝRDAÐ;ÇORLU;11.10.2024;Hayýr;;640;811;;;;21480;3618;3618
MARGÝ AVM EDÝRNE M MÝGROS;BATI MARMARA;1;MÝGROS;5;SERVÝS REYONLU M;8846;41.66235306;26.58133457;1.MURAT MAH. TALATPAÞA CAD.;22;0;EDÝRNE;MERKEZ;11.10.2024;Hayýr;;563;733;;;;21502;3619;3619
EMÝRDAÐ AFYON M MÝGROS;ÝÇ ANADOLU;1;MÝGROS;6;SELF SERVÝS M;8930;39.021224;31.152243;YENÝ MAHALLE ESKÝÞEHÝR CADDESÝ NO:48/1;3;8;AFYONKARAHÝSAR;EMÝRDAÐ;15.10.2024;Hayýr;;377;921;;;3238;;3620;3620
SAPANCA MACROCENTER;GÜNEY MARMARA;4;MACROCENTER;9;MACROCENTER;8680;40.69072;30.217297;KIRKPINAR HASANPAÞA MAH.;54;11;SAKARYA;SAPANCA;16.10.2024;Hayýr;;500;800;;;;20537;3622;3622
TUBA KARAKAYA MALATYA M MÝGROS;DOÐU/G.DOÐU ANADOLU;1;MÝGROS;5;SERVÝS REYONLU M;8885;38.340912;38.258962;Karakavak Mah. Turgut Özal Bulv.;44;13;MALATYA;YEÞÝLYURT;16.10.2024;Hayýr;;484;580;;;;20275;3623;3623
GÖKMEYDAN MH ESKÝÞEHÝR MM;ÝÇ ANADOLU;1;MÝGROS;2;MM;8843;39.766649;30.551523;Gökmeydan Mah. Canay Sokak No: 3/AA-AB-AC-BA-;26;13;ESKÝÞEHÝR;ODUNPAZARI;17.10.2024;Hayýr;;793;1265;;;;18794;3624;3624
ORHANGAZÝ BURSA M MÝGROS;GÜNEY MARMARA;1;MÝGROS;7;M ANADOLU;8943;40.49142615;29.31099597;Muradiye Mah. Turist Yolu Cad. No:99/B;16;16;BURSA;ORHANGAZÝ;16.10.2024;Hayýr;;291;583;;;8256;17493;3625;3625
SEYREK MENEMEN ÝZMÝR M MÝGROS;KUZEY EGE;1;MÝGROS;5;SERVÝS REYONLU M;8722;38.577397;26.978199;Ýnönü Mah. 4134/1 Sokak A BLOK NO:2A-2B;35;22;ÝZMÝR;MENEMEN;18.10.2024;Hayýr;;432;600;;;;19428;3626;3626
SUNDURA MH HOPA ARTVÝN M;KARADENÝZ/KUZEYD.AND;1;MÝGROS;5;SERVÝS REYONLU M;8905;41.390732;41.422661;Sundura Mah. Artvin Cad. Dýþ Kapý No 32AB;8;4;ARTVÝN;HOPA;18.10.2024;Hayýr;;367;609;;;;21518;3627;3627
ÖÐRETMENLER CD ESKÝÞEHÝR M;ÝÇ ANADOLU;1;MÝGROS;6;SELF SERVÝS M;8938;39.767148;30.504318;Viþnelik Mah.Öðretmenler Caddesi No:54/A;26;13;ESKÝÞEHÝR;ODUNPAZARI;18.10.2024;Hayýr;;533;1101;;;3314;;3628;3628
FETHÝYE MH NÝLÜFER BURSA M;GÜNEY MARMARA;1;MÝGROS;6;SELF SERVÝS M;8811;40.2325233;28.97909;Fethiye Mah Ulu Cad No:7/A;16;1;BURSA;NÝLÜFER;18.10.2024;Hayýr;;426;575;;;;21302;3629;3629
ATATÜRK CD ALANYA MACROKIOSK;BATI AKDENÝZ;235;MACROKIOSK;243;MACROKIOSK;8763;36.481982;32.107738;Mahmutlar Mah. Atatürk Cad.;7;2;ANTALYA;ALANYA;22.10.2024;Hayýr;;84;135;;;;21030;3630;3630
MJET ÇANKAYA ANKARA;ÝÇ ANADOLU;230;MJET;9;M-JET;8940;39.88821;32.87106;Kazým Özalp Mah.Koza Sok.No:29;6;2;ANKARA;ÇANKAYA;22.10.2024;Hayýr;;242;1181;;;1070;;3631;3631
MJET KANTÝN METROPOL ÝSTANBUL;DOÐU MARMARA;230;MJET;253;MÝGROS KANTÝN;8954;40.99408228;29.11906099;Metropol Eren Holding Binasý C2 Blok, Ataþehir Blv;34;34;ÝSTANBUL;ATAÞEHÝR;23.10.2024;Hayýr;;3;3;;;;;3632;3632
ÜNÝVERSÝTE MERKEZ AMASYA M;KARADENÝZ/KUZEYD.AND;1;MÝGROS;6;SELF SERVÝS M;8941;40.652194;35.801654;Akbilek Mah. Kemal Nehrozoðlu Cad. No:37/A-B;5;0;AMASYA;MERKEZ;25.10.2024;Hayýr;;306;387;;;3857;;3633;3633
ORHANGAZÝ CD TOKAT M MÝGROS;KARADENÝZ/KUZEYD.AND;1;MÝGROS;6;SELF SERVÝS M;8944;40.338599;36.544865;Karþýyaka Mah. Orhan Gazi Bulvarý No:138/2A;60;0;TOKAT;MERKEZ;31.10.2024;Hayýr;;559;1437;;;7911;;3634;3634
AZÝZÝYE MH KARASU SAKARYA MM;GÜNEY MARMARA;1;MÝGROS;2;MM;8876;41.09721687;30.71148712;Aziziye Mah Ankara Caddesi Dýþ Kapý No :110;54;7;SAKARYA;KARASU;31.10.2024;Hayýr;;732;1102;;;;21350;3635;3635
FATÝH MH EDÝRNE M MÝGROS;BATI MARMARA;1;MÝGROS;6;SELF SERVÝS M;8882;41.65659778;26.59705591;Fatih Mah. Ümran Akkan Cad. No:19;22;0;EDÝRNE;MERKEZ;1.11.2024;Hayýr;;353;538;;;;21476;3637;3637
MJET MEÞELÝK MÝLAS MUÐLA;GÜNEY EGE;230;MJET;9;M-JET;8933;37.17173226;27.60057496;MEÞELÝK MAH. MÝLAS BODRUM YOLU SOK.;48;8;MUÐLA;MÝLAS;1.11.2024;Hayýr;;248;407;;;;14622;3638;3638
MEYDAN 24 AVM ERZÝNCAN M;KARADENÝZ/KUZEYD.AND;1;MÝGROS;6;SELF SERVÝS M;8902;39.745526;39.4912723;Karaaðaç Mah.13 Þubat Cad.No:9;24;0;ERZÝNCAN;MERKEZ;1.11.2024;Hayýr;;565;803;;;;21048;3639;3639
ÝSTASYON MH KIRKLARELÝ  M;BATI MARMARA;1;MÝGROS;6;SELF SERVÝS M;8947;41.7272;27.2154;Ýstasyon Mah. Edirne Cad. Taþkýnkent Sitesi C Blok;39;0;KIRKLARELÝ;MERKEZ;4.11.2024;Hayýr;;293;503;;;5614;;3640;3640
ÇUBUK ANKARA M MÝGROS;ÝÇ ANADOLU;1;MÝGROS;6;SELF SERVÝS M;8953;40.236678;33.026948;Atatürk Mah. Leylak Sok. No:2/1E-1F-1G-1H;6;14;ANKARA;ÇUBUK;5.11.2024;Hayýr;;465;712;;;7616;11897;3641;3641
SARAY BÝNGÖL M MÝGROS;DOÐU/G.DOÐU ANADOLU;1;MÝGROS;6;SELF SERVÝS M;8963;38.897015;40.516268;Saray Mah. Bingöl Muþ Bulv. No:46B;12;0;BÝNGÖL;MERKEZ;6.11.2024;Hayýr;;535;914;;;6979;10817;3642;3642
EREN YILDIRIM BLV KAYSERÝ M;DOÐU AKDENÝZ;1;MÝGROS;6;SELF SERVÝS M;8929;38.737326;35.398351;Kocatepe Mah. Eren Yýldýrým Bul. No:47;38;2;KAYSERÝ;MELÝKGAZÝ;5.11.2024;Hayýr;;552;4000;;;5865;;3643;3643
AKKAVAK CD AKSU ANTALYA M;BATI AKDENÝZ;1;MÝGROS;6;SELF SERVÝS M;8881;36.8923065;30.82235607;Altýntaþ Mah. Akkavak Cad. No:26;7;15;ANTALYA;AKSU;6.11.2024;Hayýr;;396;863;;3;;18181;3644;3644
ORYAPARK UMRANIYE ISTANBUL M;DOÐU MARMARA;1;MÝGROS;6;SELF SERVÝS M;8951;41.032273;29.110153;Ýnkilap Mah.Küçüksu Cad.No:60;34;25;ÝSTANBUL;ÜMRANÝYE;5.11.2024;Hayýr;;530;761;;;4381;;3645;3645
ÞAHÝNCÝLÝ ORDU M MÝGROS;KARADENÝZ/KUZEYD.AND;1;MÝGROS;6;SELF SERVÝS M;8971;40.96741;37.898231;Þahincili Mah. Doðakent 8-1;52;19;ORDU;ALTINORDU;7.11.2024;Hayýr;;376;475;;;6689;10919;3646;3646
MJET YEÞÝLOVACIK MERSÝN;DOÐU AKDENÝZ;230;MJET;9;M-JET;8870;36.202766;33.657829;Yeþilovacýk Mah. Þht. Mehmet Günay Cad. B Blok;33;8;MERSÝN;SÝLÝFKE;8.11.2024;Hayýr;;229;345;;;;20082;3647;3647
BEYAZEVLER CUKUROVA ADANA M;DOÐU AKDENÝZ;1;MÝGROS;6;SELF SERVÝS M;8974;37.034445;35.320293;Beyazevler mah. Devlet bahçeli bulv. No:50/A;1;15;ADANA;ÇUKUROVA;8.11.2024;Hayýr;;382;899;;;6664;10018;3648;3648
LÝMAN BODRUM MUÐLA M MÝGROS;GÜNEY EGE;1;MÝGROS;6;SELF SERVÝS M;8962;37.02415769;27.44020245;Kumbahçe Mh. Ýskele Cd. Þalvaraða Çarþýsý No:10-A;48;1;MUÐLA;BODRUM;8.11.2024;Hayýr;;527;690;;;4305;;3649;3649
MJET VEGA OTONOMÝ ANKARA;ÝÇ ANADOLU;230;MJET;9;M-JET;8923;39.972476;32.596951;Plevne Mah. Çayboyu Sok. No: 2A-21;6;7;ANKARA;SÝNCAN;8.11.2024;Hayýr;;177;248;;;;21205;3650;3650
MJET FEVZÝ ÇAKMAK MH KEPEZ PO;BATI AKDENÝZ;230;MJET;255;MJET-ÝSTASYON;8934;36.9486;30.7068;FEVZÝ ÇAKMAK MAH. ULUBATLI HASAN CAD.;7;17;ANTALYA;KEPEZ;7.11.2024;Hayýr;;210;220;;;;21848;3651;3651
MJET KALMAZ BURGAZ KIRKLARELÝ;BATI MARMARA;230;MJET;9;M-JET;8648;41.40188153;27.35034896;Hürriyet Mah Kalmaz Sok 32/A;39;4;KIRKLARELÝ;LÜLEBURGAZ;8.11.2024;Hayýr;;244;344;;;;20118;3652;3652
ÞAHÝNALÝ NÝÐDE M MÝGROS;DOÐU AKDENÝZ;1;MÝGROS;6;SELF SERVÝS M;8975;37.971537;34.681971;Þahinali mah. Emin Eriþingir Bulv. No:21;51;0;NÝÐDE;MERKEZ;12.11.2024;Hayýr;;420;721;;;6657;10016;3653;3653
ÇUKUROVA ADANA M MÝGROS;DOÐU AKDENÝZ;1;MÝGROS;6;SELF SERVÝS M;8967;37.028586;35.275002;Huzurevleri Mah. Türkmenbaþý Blv. NO:6/C Rýza Þen;1;15;ADANA;ÇUKUROVA;12.11.2024;Hayýr;;477;863;;;6440;;3654;3654
SEVAL CD ANKARA M MÝGROS;ÝÇ ANADOLU;1;MÝGROS;6;SELF SERVÝS M;8977;39.98897;32.800819;Burç Mah.Seval Cd. No:90-C-D;6;8;ANKARA;YENÝMAHALLE;12.11.2024;Hayýr;;363;1137;;;7062;9482;3655;3655
AVRUPA KONUTLARI SEFAKÖY ÝST M;BATI MARMARA;1;MÝGROS;6;SELF SERVÝS M;8980;41.020206;28.791908;Ýnönü Mah. Halkalý Cad. 1. Apt. No: 206 A-B-C;34;19;ÝSTANBUL;KÜÇÜKÇEKMECE;13.11.2024;Hayýr;;326;873;;;7628;;3656;3656
MJET YEÞÝLKÖY KAÞ ANTALYA;BATI AKDENÝZ;230;MJET;9;M-JET;8880;36.2828;29.3582;Yeþilköy Mah. Atatürk Bulv. No:174A/1;7;9;ANTALYA;KAÞ;13.11.2024;Hayýr;;172;317;;;;21482;3657;3657
MJET HARAMÝDERE AVCILAR ÝST;BATI MARMARA;230;MJET;9;M-JET;8908;41.000089;28.685813;Cihangir Mah. Güvercin Sok No:4 Dükkan No:172-173;34;2;ÝSTANBUL;AVCILAR;14.11.2024;Hayýr;;196;254;;;;21052;3658;3658
MJET MEYDAN EREÐLÝ ZONGULDAK;ÝÇ ANADOLU;230;MJET;9;M-JET;8867;41.278373;31.424373;Müftü Mahallesi Meydan Baþý Caddesi No:51;67;4;ZONGULDAK;EREÐLÝ;14.11.2024;Hayýr;;165;230;;;;21209;3659;3659
ÇAKIRLAR ANKARA M MÝGROS;ÝÇ ANADOLU;1;MÝGROS;6;SELF SERVÝS M;8979;39.984667;32.693681;Kardelen Mah.2075 Sokak A Blok No:30-A;6;8;ANKARA;YENÝMAHALLE;15.11.2024;Hayýr;;500;875;;;4409;;3660;3660
YENÝMAHALLE KORKUTELÝ ANT M;BATI AKDENÝZ;1;MÝGROS;5;SERVÝS REYONLU M;8919;37.0642;30.2019;Yeni mahalle Antalya caddesi No:42/A;7;11;ANTALYA;KORKUTELÝ;15.11.2024;Hayýr;;392;857;;;;21628;3661;3661
ESATPAÞA MH MENEMEN ÝZMÝR M;KUZEY EGE;1;MÝGROS;6;SELF SERVÝS M;8942;38.603575;27.081674;ESATPAÞA MAH. GAFFAR OKKAN CAD.;35;22;ÝZMÝR;MENEMEN;15.11.2024;Hayýr;;423;716;;;;18735;3662;3662
DEMÝRLÝFE HADIMKÖY MACROCENTER;BATI MARMARA;4;MACROCENTER;9;MACROCENTER;8681;41.06634;28.62057;Çakmaklý Mah. Mehmet Yeþilgül Bulv. C1 Blok;34;28;ÝSTANBUL;BÜYÜKÇEKMECE;15.11.2024;Hayýr;;560;1080;;;;19551;3663;3663
MION OPS MALL AVM AYDIN;GÜNEY EGE;237;MION;247;MION;8921;37.79986;27.83967;Çeþtepe Mah. Muðla Bulv. No:107 Ýç Kapý:150;9;17;AYDIN;EFELER;16.11.2024;Hayýr;;190;228;;;;21423;3664;3664
BALCALI M ADANA MÝGROS;DOÐU AKDENÝZ;1;MÝGROS;6;SELF SERVÝS M;8968;37.0554;35.358947;Balcalý Mah. Mithat Özsan Bulv. No:29;1;14;ADANA;SARIÇAM;15.11.2024;Hayýr;;640;1160;;1;2262;;3665;3665
TAÞHAN KALE ÖNÜ TOKAT M MÝGROS;KARADENÝZ/KUZEYD.AND;1;MÝGROS;6;SELF SERVÝS M;8989;40.318286;36.551822;Semerkant Mah.GOP Bulvarý No:136A;60;0;TOKAT;MERKEZ;15.11.2024;Hayýr;;577;1260;;;7909;;3666;3666
EÐRÝÇAM YENÝÞEHÝR MERSÝN M;DOÐU AKDENÝZ;1;MÝGROS;6;SELF SERVÝS M;8966;36.780814;34.567904;Eðriçam Mh.Hüseyin Okan Merzeci Bulvarý No:604A;33;13;MERSÝN;YENÝÞEHÝR;15.11.2024;Hayýr;;522;646;;;5828;;3667;3667
MJET VÝRANÞEHÝR SAHÝL MERSÝN;DOÐU AKDENÝZ;230;MJET;9;M-JET;8965;36.747248;34.544765;Viranþehir Mah. 34307.Sokak. No:13B;33;11;MERSÝN;MEZÝTLÝ;15.11.2024;Hayýr;;358;510;;;6946;12799;3668;3668
OPS MALL AVM EFELER AYDIN M;GÜNEY EGE;1;MÝGROS;6;SELF SERVÝS M;8936;37.79986;27.83967;ÇEÞTEPE MAH. MUÐLA BULV.NO:107 ÝÇ KAPI:247;9;17;AYDIN;EFELER;16.11.2024;Hayýr;;488;648;;;;20746;3669;3669
UYDUKENT AFYON M MÝGROS;ÝÇ ANADOLU;1;MÝGROS;6;SELF SERVÝS M;8995;38.7700282;30.53805;Selçuklu Mah. Adnan Kahveci Cad. No:19/A/Z;3;0;AFYONKARAHÝSAR;MERKEZ;19.11.2024;Hayýr;;496;1259;;;4070;;3670;3670
SÜLEYMAN DEMÝREL BULV. ADANA M;DOÐU AKDENÝZ;1;MÝGROS;6;SELF SERVÝS M;8976;37.056401;35.282501;YURT MAH. SÜLEYMAN DEMÝR BUL. NO:57B;1;15;ADANA;ÇUKUROVA;19.11.2024;Hayýr;;614;1472;;;6284;;3671;3671
MECÝDÝYEKÖY MERKEZ ÝSTANBUL M;BATI MARMARA;1;MÝGROS;6;SELF SERVÝS M;8981;41.067215;28.994376;Mecidiyeköy Merkez Mah. Sivritaþ Sok. No:16;34;23;ÝSTANBUL;ÞÝÞLÝ;19.11.2024;Hayýr;;287;643;;;7326;;3672;3672
PANGALTI ÝSTANBUL M MÝGROS;BATI MARMARA;1;MÝGROS;6;SELF SERVÝS M;8982;41.051777;28.986552;Ergenekon Caddesi No:16/A Pangaltý;34;23;ÝSTANBUL;ÞÝÞLÝ;19.11.2024;Hayýr;;210;370;;;111;;3673;3673
MECÝDÝYE CD ÞÝÞLÝ ÝSTANBUL M;BATI MARMARA;1;MÝGROS;6;SELF SERVÝS M;8983;41.067138;28.997182;Mecidiye Mh Mecidiye Cd No:3;34;23;ÝSTANBUL;ÞÝÞLÝ;19.11.2024;Hayýr;;318;497;;;7327;;3674;3674
TUAL BAHÇEKENT ÝSTANBUL M;BATI MARMARA;1;MÝGROS;6;SELF SERVÝS M;8984;41.0902;28.6543;Bahçeþehir 2.Kýsým Mah.Asteðmen Furkan Iþýk Blv.;34;35;ÝSTANBUL;BAÞAKÞEHÝR;19.11.2024;Hayýr;;420;1516;;;5740;10195;3675;3675
MJET ÝMES OSB DÝLOVASI KOCAELÝ;DOÐU MARMARA;230;MJET;9;M-JET;8952;40.829399;29.570956;ÇERKEÞLÝ ÝOSB MAH. ÝMES 1 BULVAR NO: 1/9;41;10;KOCAELÝ;DÝLOVASI;22.11.2024;Hayýr;;250;336;;;;18153;3676;3676
MION GAZÝPAÞA AÝRPORT ANTALYA;BATI AKDENÝZ;237;MION;247;MION;8808;36.287478;32.294447;Beyobasý Mah. Sanayi Kümeevleri NO:7;7;5;ANTALYA;GAZÝPAÞA;22.11.2024;Hayýr;;158;188;;;;21033;3677;3677
FATÝH MH GAZÝANTEP M MÝGROS;DOÐU AKDENÝZ;1;MÝGROS;6;SELF SERVÝS M;8985;37.081781;37.349645;Fatih Mah. Ali Nadi Bulv No:119 D 2-3-4-5;27;2;GAZÝANTEP;ÞEHÝTKAMÝL;22.11.2024;Hayýr;;397;515;;;6451;;3678;3678
ESPÝYE GÝRESUN M MÝGROS;KARADENÝZ/KUZEYD.AND;1;MÝGROS;6;SELF SERVÝS M;8950;40.947855;38.708528;Merkez Mah. 19 Eylül Cad. No:13A-13B / 29-40;28;7;GÝRESUN;ESPÝYE;22.11.2024;Hayýr;;472;960;;;;21244;3679;3679
MÝSSTANBUL M MÝGROS;BATI MARMARA;1;MÝGROS;6;SELF SERVÝS M;8978;41.092957;28.805771;Baþakþehir Mah Ertuðrul Gazi Cad;34;35;ÝSTANBUL;BAÞAKÞEHÝR;21.11.2024;Hayýr;;572;844;;;3261;;3680;3680
BELLA VÝSTA B.ÇEKMECE ÝST MM;BATI MARMARA;1;MÝGROS;2;MM;8687;41.010456;28.55248804;Mimarsinan Mah. Ýnönü 2 Cad Çavuþkuþu Sok;34;28;ÝSTANBUL;BÜYÜKÇEKMECE;22.11.2024;Hayýr;;690;1291;;;;14952;3681;3681
KIZILTOPRAK KADIKÖY ÝST MM;DOÐU MARMARA;1;MÝGROS;2;MM;8911;40.982186;29.041079;Feneryolu Mah. Baðdat Cad. No:53-59G;34;16;ÝSTANBUL;KADIKÖY;22.11.2024;Hayýr;;777;1398;;;;20770;3682;3682
GALLERÝA AVM ANKARA M MÝGROS;ÝÇ ANADOLU;1;MÝGROS;6;SELF SERVÝS M;8997;39.895192;32.703992;Mutlukent Mh. Doðan Taþdelen Blv. No:97/17;6;2;ANKARA;ÇANKAYA;22.11.2024;Hayýr;;499;624;;;6026;;3683;3683
GAZÝPAÞA AÝRPORT AVM ANTALYA M;BATI AKDENÝZ;1;MÝGROS;6;SELF SERVÝS M;8853;36.287478;32.294447;BEYOBAÞI MH. SANAYÝ KÜME EVLER NO7;7;5;ANTALYA;GAZÝPAÞA;22.11.2024;Hayýr;;478;624;;;;21417;3684;3684
AKDENÝZ BLV ANTALYA M;BATI AKDENÝZ;1;MÝGROS;6;SELF SERVÝS M;8874;36.8724;30.6533;ARAPSUYU MAH. AKDENÝZ BULV.;7;18;ANTALYA;KONYAALTI;22.11.2024;Hayýr;;230;317;;;;21758;3685;3685
YENÝKENT ANKARA M MÝGROS;ÝÇ ANADOLU;1;MÝGROS;6;SELF SERVÝS M;9011;40.003859;32.519074;MUSTAFA KEMAL MAH.FATÝH CAD.NO:19/E-F;6;7;ANKARA;SÝNCAN;26.11.2024;Hayýr;;518;643;;;7193;13737;3686;3686
TEPEÜSTÜ KÜÇÜKÇEKMECE ÝST M;BATI MARMARA;1;MÝGROS;6;SELF SERVÝS M;9012;40.99574481;28.77450593;Cumhuriyet Mah. Ýnönü Cad. No: 35/B;34;19;ÝSTANBUL;KÜÇÜKÇEKMECE;26.11.2024;Hayýr;;535;1194;;;6053;;3687;3687
MJET LÝMAN CD KEMER ANTALYA;BATI AKDENÝZ;230;MJET;9;M-JET;8939;36.5996;30.5656;MERKEZ MAH. 119. Sok. No:17;7;10;ANTALYA;KEMER;27.11.2024;Hayýr;;178;496;;;;20538;3688;3688
TEMA WORLD MACROCENTER;BATI MARMARA;4;MACROCENTER;9;MACROCENTER;8907;41.052924;28.770476;Atakent Mah. 243 Sk. No:28/1;34;19;ÝSTANBUL;KÜÇÜKÇEKMECE;27.11.2024;Hayýr;;823;1143;;;;20121;3689;3689
SELÇUK KONYA M MÝGROS;ÝÇ ANADOLU;1;MÝGROS;6;SELF SERVÝS M;9024;37.882035;32.459264;Selçuk Mah. Kaide Sok. No:6A-6B;42;3;KONYA;SELÇUKLU;29.11.2024;Hayýr;;380;569;;;6843;10954;3690;3690
KARÞIYAKA MH ÞANLIURFA M;DOÐU/G.DOÐU ANADOLU;1;MÝGROS;6;SELF SERVÝS M;8972;37.190245;38.802511;Karþýyaka Mah. Recep Tayip Erdoðan Bulvarý 25B;63;13;ÞANLIURFA;KARAKÖPRÜ;28.11.2024;Hayýr;;553;1225;;;6833;;3691;3691
BOSTANBAÞI MALATYA MM;DOÐU/G.DOÐU ANADOLU;1;MÝGROS;2;MM;8912;38.323863;38.263658;Tecde Mah. Altýn Kayýsý Bulv.;44;13;MALATYA;YEÞÝLYURT;29.11.2024;Hayýr;;771;1150;;;;20276;3692;3692
BÜYÜKBÖLCEK AKSARAY M MÝGROS;ÝÇ ANADOLU;1;MÝGROS;6;SELF SERVÝS M;9017;38.373848;34.01294;Büyükbölcek Mah Büyükbölcek Cad No:69;68;0;AKSARAY;MERKEZ;28.11.2024;Hayýr;;497;859;;;7063;11041;3693;3693
FETHÝYE MUÐLA MACROCENTER;GÜNEY EGE;4;MACROCENTER;9;MACROCENTER;8916;36.6671;29.10937;Foça Mah. 1041 Sok. No:2;48;4;MUÐLA;FETHÝYE;28.11.2024;Hayýr;;780;1131;;1;;20057;3694;3694
ÇINARLI MH SARIÇAM ADANA M;DOÐU AKDENÝZ;1;MÝGROS;6;SELF SERVÝS M;8924;37.077785;35.393703;ÇINARLI MAH. 1869 SOK.;1;14;ADANA;SARIÇAM;29.11.2024;Hayýr;;403;553;;;;21004;3695;3695
MJET UMUT MH Þ.KAMÝL GAZÝANTEP;DOÐU AKDENÝZ;230;MJET;9;M-JET;8991;37.069945;37.413565;UMUT MAH. ABDÜLKADÝR KONUKOÐLU BLV.;27;2;GAZÝANTEP;ÞEHÝTKAMÝL;28.11.2024;Hayýr;;178;382;;;;21909;3696;3696
KONUTKENT ANKARA M MÝGROS;ÝÇ ANADOLU;1;MÝGROS;6;SELF SERVÝS M;8996;39.8769222;32.6699274;Konutkent Mah. 2965. cad. No:34/1;6;2;ANKARA;ÇANKAYA;29.11.2024;Hayýr;;433;987;;;2076;;3697;3697
TAÞPINAR ÝNCEK ANK MACROKIOSK;ÝÇ ANADOLU;235;MACROKIOSK;243;MACROKIOSK;8993;39.82115;32.76918;Taþpýnar Mah Küme Evleri No: 542C-1;6;4;ANKARA;GÖLBAÞI;29.11.2024;Hayýr;;148;222;;;;22022;3698;3698
AYAZMA BAÞAKÞEHÝR ÝST M MÝGROS;BATI MARMARA;1;MÝGROS;6;SELF SERVÝS M;9002;41.073261;28.777748;ZÝYA GÖKALP MAH ÞEHÝT PÝYADE ONBAÞI;34;35;ÝSTANBUL;BAÞAKÞEHÝR;28.11.2024;Hayýr;;488;619;;;6694;10644;3699;3699
VÝÞNEZADE MACROKIOSK;BATI MARMARA;235;MACROKIOSK;243;MACROKIOSK;8961;41.043453;28.997419;VÝÞNEZADE MAH SÜLEYMAN SEBA CAD NO:82/A;34;7;ÝSTANBUL;BEÞÝKTAÞ;29.11.2024;Hayýr;;84;246;;;7020;11740;3700;3700
AYAZAÐA ÝSTANBUL MACROKIOSK;BATI MARMARA;235;MACROKIOSK;243;MACROKIOSK;8872;41.115196;29.000595;MERKEZ MAH. HADIM KORUYOLU CAD. NO:2;34;22;ÝSTANBUL;SARIYER;28.11.2024;Hayýr;;77;125;;;;21257;3701;3701
AKKENT GAZÝANTEP M MÝGROS;DOÐU AKDENÝZ;1;MÝGROS;6;SELF SERVÝS M;8986;37.015011;37.362475;Akkent Mah. 400 Nolu Cad. No:50 BF;27;1;GAZÝANTEP;ÞAHÝNBEY;28.11.2024;Hayýr;;430;937;;;6793;11909;3702;3702
BATIKENT GAZÝANTEP M MÝGROS;DOÐU AKDENÝZ;1;MÝGROS;6;SELF SERVÝS M;8987;37.070208;37.33588;Batýkent Mah. 09006 Sok. No:1;27;2;GAZÝANTEP;ÞEHÝTKAMÝL;28.11.2024;Hayýr;;529;764;;;6482;;3703;3703
FISTIKLIK MH GAZÝANTEP M;DOÐU AKDENÝZ;1;MÝGROS;6;SELF SERVÝS M;8988;37.115245;37.394408;Fýstýklýk Mah. 152077 Sok. No:17/B;27;2;GAZÝANTEP;ÞEHÝTKAMÝL;29.11.2024;Hayýr;;506;653;;;7371;13083;3704;3704
KUZEYKENT KASTAMONU M MÝGROS;ÝÇ ANADOLU;1;MÝGROS;6;SELF SERVÝS M;8992;41.415778;33.784171;KUZEYKENT MAH. HALÝT BEY CAD.NO:14 K/A-B;37;0;KASTAMONU;MERKEZ;3.12.2024;Hayýr;;375;469;;;4995;;3706;3706
MUSTAFA ÞÝMÞEK BLV KAYSERÝ M;DOÐU AKDENÝZ;1;MÝGROS;6;SELF SERVÝS M;9009;38.721922;35.509963;KÖÞK MAH. ÞHT. ÜTÐM. MUSTAFA ÞÝMÞEK BUL.;38;2;KAYSERÝ;MELÝKGAZÝ;3.12.2024;Hayýr;;369;777;;;5860;;3707;3707
TALAS KAYSERÝ M MÝGROS;DOÐU AKDENÝZ;1;MÝGROS;6;SELF SERVÝS M;9010;38.693574;35.545932;BAHÇELÝEVLER MAH. ATATÜRK BLV.NO:26/E;38;13;KAYSERÝ;TALAS;3.12.2024;Hayýr;;527;1243;;;6301;;3708;3708
AKYARLAR BODRUM MACROCENTER S;GÜNEY EGE;4;MACROCENTER;236;MACROCENTER S;8915;36.97785;27.25749;TURGUTREÝS MAH. 4157 SOKAK NO:15;48;1;MUÐLA;BODRUM;4.12.2024;Hayýr;;275;625;;;;20386;3709;3709
SELÝM KÝRAZ CD ÝNCEK ANKARA M;ÝÇ ANADOLU;1;MÝGROS;6;SELF SERVÝS M;9013;39.814597;32.715611;KIZILCAÞAR MAH. ÝNCEK ÞEHÝT SELÝM KÝRAZ CAD.;6;4;ANKARA;GÖLBAÞI;4.12.2024;Hayýr;;332;754;;;6528;;3710;3710
BAÐCILAR ÝSTANBUL M MÝGROS;BATI MARMARA;1;MÝGROS;6;SELF SERVÝS M;9044;41.03256;28.85608;ÝNÖNÜ MAH BAÐCILAR CAD.NO:1 APT NO:8/B;34;3;ÝSTANBUL;BAÐCILAR;5.12.2024;Hayýr;;570;1192;;;7719;;3711;3711
MJET KEMERKÖPRÜ CADDESÝ YALOVA;GÜNEY MARMARA;230;MJET;9;M-JET;9027;40.65303844;29.28789371;GAZÝOSMANPAÞA MAH. TUNA CAD. DIÞ KAPI NO:14/A;77;0;YALOVA;MERKEZ;6.12.2024;Hayýr;;195;315;;;;20257;3712;3712
YENÝ MERAM CD KONYA M MÝGROS;ÝÇ ANADOLU;1;MÝGROS;6;SELF SERVÝS M;9021;37.868199;32.468299;ORGENERAL TURAL MAH. YENÝ MERAM CAD.43/A;42;2;KONYA;MERAM;5.12.2024;Hayýr;;520;720;;;7299;14132;3713;3713
SELÝMÝYE EDÝRNE MM MÝGROS;BATI MARMARA;1;MÝGROS;2;MM;8920;41.676703;26.55774946;SARICAPAÞA MAH. KIYIK CAD.NO:6;22;0;EDÝRNE;MERKEZ;6.12.2024;Hayýr;;636;945;;;;21477;3714;3714
KARACAAHMET GAZÝANTEP M MÝGROS;DOÐU AKDENÝZ;1;MÝGROS;6;SELF SERVÝS M;8964;37.105999;37.380147;KARACAAHMET MAH. M.SAÝP KONUKOÐLU BLV.;27;2;GAZÝANTEP;ÞEHÝTKAMÝL;10.12.2024;Hayýr;;438;655;;;;19891;3715;3715
ARTVÝN M MÝGROS;KARADENÝZ/KUZEYD.AND;1;MÝGROS;6;SELF SERVÝS M;9048;41.17926;41.817935;Çarþý Mahallesi 9.Cadde Ýnönü Sk No:10;8;0;ARTVÝN;MERKEZ;10.12.2024;Hayýr;;365;700;;;3596;;3716;3716
CUMHURÝYET MERZÝFON AMASYA M;KARADENÝZ/KUZEYD.AND;1;MÝGROS;6;SELF SERVÝS M;9032;40.871051;35.464351;Hacýhasan Mah. Cumhuriyet Cad. No:87/A;5;4;AMASYA;MERZÝFON;10.12.2024;Hayýr;;517;913;;;6614;8415;3717;3717
ANAÞEHÝR TALAS KAYSERÝ M;ÝÇ ANADOLU;1;MÝGROS;5;SERVÝS REYONLU M;8906;38.70429937;35.55872428;Mevlana Mahallesi, Velioðlu Caddesi, No:16;38;13;KAYSERÝ;TALAS;12.12.2024;Hayýr;;582;2018;;;;21474;3718;3718
BARBAROS MAH KAYSERÝ M;DOÐU AKDENÝZ;1;MÝGROS;6;SELF SERVÝS M;9040;38.735912;35.467772;Barbaros Mah. Hakimiyet Cad.No:51;38;1;KAYSERÝ;KOCASÝNAN;12.12.2024;Hayýr;;424;1598;;;5866;;3719;3719
YAHYALI KAYSERÝ M MÝGROS;DOÐU AKDENÝZ;1;MÝGROS;6;SELF SERVÝS M;9042;38.107549;35.360795;100.Yýl Mah. Kayseri Cad. 55/A-B;38;15;KAYSERÝ;YAHYALI;11.12.2024;Hayýr;;463;1210;;;7723;16144;3720;3720
ULUIRMAK KONYA M MÝGROS;ÝÇ ANADOLU;1;MÝGROS;6;SELF SERVÝS M;9029;37.848902;32.503192;ZAFER MAH AHMET ÖZCAN CAD. NO:191;42;2;KONYA;MERAM;13.12.2024;Hayýr;;499;842;;;7274;14593;3721;3721
BATMAN HASTANE M MÝGROS;DOÐU/G.DOÐU ANADOLU;1;MÝGROS;7;M ANADOLU;8973;37.91391462;41.13987863;Belde Mah. Eflatun Cad. NO:4BB;72;0;BATMAN;MERKEZ;13.12.2024;Hayýr;;395;702;;;4947;;3722;3722
SUÞEHRÝ SÝVAS M MÝGROS;KARADENÝZ/KUZEYD.AND;1;MÝGROS;6;SELF SERVÝS M;9041;40.162503;38.083901;Gönüloðlu Mah Sivas Cad. No: 124/A/B;58;12;SÝVAS;SUÞEHRÝ;11.12.2024;Hayýr;;477;846;;;7172;13876;3723;3723
MION ÇARK CD ADAPAZARI SAKARYA;GÜNEY MARMARA;237;MION;247;MION;8945;40.77713911;30.39444753;SEMERCÝLER MAH.ÇARK CAD.DIÞ K.NO:95;54;13;SAKARYA;ADAPAZARI;12.12.2024;Hayýr;;258;404;;;;21823;3724;3724
YENÝ MH SARAY TEKÝRDAÐ M;BATI MARMARA;1;MÝGROS;6;SELF SERVÝS M;8898;41.44547246;27.9271088;Yeni Mah. Ýstanbul Cad. No:62 64 B-C-D;59;7;TEKÝRDAÐ;SARAY;13.12.2024;Hayýr;;354;578;;;;21734;3725;3725
MJET SIRAMEÞELER BURSA;GÜNEY MARMARA;230;MJET;9;M-JET;8790;40.20567286;29.02801943;Kükürtlü Mah. Belde Cad. No:39A-B-C-D-E-F;16;2;BURSA;OSMANGAZÝ;13.12.2024;Hayýr;;232;332;;;;21291;3726;3726
GÜMÜÞTEPE NÝLÜFER BURSA MM;GÜNEY MARMARA;1;MÝGROS;2;MM;8910;40.1928469;28.9633492;Gümüþtepe Mah.874 Sokak No:2A;16;1;BURSA;NÝLÜFER;13.12.2024;Hayýr;;634;1322;;;;20165;3727;3727
SUGÖZÜ ALANYA ANTALYA M;BATI AKDENÝZ;1;MÝGROS;6;SELF SERVÝS M;9045;36.549128;31.998976;Hacet Mah Alaiye Cad No:88/A;7;2;ANTALYA;ALANYA;13.12.2024;Hayýr;;520;892;;;3934;;3728;3728
PARK YAÞAM BORNOVA MACROKIOSK;KUZEY EGE;235;MACROKIOSK;243;MACROKIOSK;8994;38.4543;27.204283;KAZIMDÝRÝK MAH. SANAYÝ CAD No:14F-14G;35;2;ÝZMÝR;BORNOVA;13.12.2024;Hayýr;;77;135;;;;20562;3729;3729
BEYHAN YÜKSEL ÝSKENDERUN M;DOÐU AKDENÝZ;1;MÝGROS;5;SERVÝS REYONLU M;8900;36.57366919;36.15918755;MUSTAFA KEMAL MAH. HASAN ALÝ YÜCEL;31;6;HATAY;ÝSKENDERUN;12.12.2024;Hayýr;;524;907;;;;20853;3730;3730
AVCILAR CADDE M MÝGROS;BATI MARMARA;1;MÝGROS;6;SELF SERVÝS M;9049;40.97964;28.71871;Merkez Mah. Ahmet Taner Kýþlalý Cad. NO:30;34;2;ÝSTANBUL;AVCILAR;13.12.2024;Hayýr;;416;777;;;3277;;3731;3731
MUSTAFA KEMAL MH ANKARA M;ÝÇ ANADOLU;1;MÝGROS;6;SELF SERVÝS M;9014;39.911952;32.767853;MUSTAFA KEMAL MAH.2127 SOK.NO:9/3-4-A-B;6;2;ANKARA;ÇANKAYA;12.12.2024;Hayýr;;450;1025;;;6775;11168;3732;3732
SÝNANPAÞA BEÞÝKTAÞ ÝSTANBUL M;BATI MARMARA;1;MÝGROS;6;SELF SERVÝS M;9035;41.04331;29.0039;Sinanpaþa mah.Ortabahçe cad. No:14/B;34;7;ÝSTANBUL;BEÞÝKTAÞ;17.12.2024;Hayýr;;472;1053;;;7323;;3733;3733
YILDIRIM BAYRAMPAÞA ÝSTANBUL M;BATI MARMARA;1;MÝGROS;6;SELF SERVÝS M;9036;41.06713;28.88919;Yýldýrým Mah. Millet Cad. NO:127;34;6;ÝSTANBUL;BAYRAMPAÞA;17.12.2024;Hayýr;;402;1100;;;3250;;3734;3734
KURUÇEÞME BEÞÝKTAÞ ÝSTANBUL M;BATI MARMARA;1;MÝGROS;6;SELF SERVÝS M;9039;41.05967;29.03595;Kuruçeþme Mah.Arnavutköy-Kuruçeþme Cad. No:5;34;7;ÝSTANBUL;BEÞÝKTAÞ;17.12.2024;Hayýr;;490;562;;;930;;3735;3735
ROSE MARÝNE B.ÇEKMECE ÝST;BATI MARMARA;1;MÝGROS;6;SELF SERVÝS M;9051;40.99095159;28.53734526;SÝNANOBA MAH. ÝBRAHÝMZADE CAD.;34;28;ÝSTANBUL;BÜYÜKÇEKMECE;18.12.2024;Hayýr;;504;879;;;6014;;3736;3736
SÜRMEN CENTER BEYLÝKDÜZÜ ÝST M;BATI MARMARA;1;MÝGROS;6;SELF SERVÝS M;9052;41.0003659;28.6475463;Barýþ Mah. Fidangör Cad. No:9;34;36;ÝSTANBUL;BEYLÝKDÜZÜ;18.12.2024;Hayýr;;519;1050;;;5988;;3737;3737
DOÐUKENT ANKARA M MÝGROS;ÝÇ ANADOLU;1;MÝGROS;6;SELF SERVÝS M;9034;39.859385;32.854785;Ýlkbahar Mah. Doðukent Cad. No:739A, 739B, 739C;6;2;ANKARA;ÇANKAYA;17.12.2024;Hayýr;;460;766;;;6740;10858;3738;3738
METROKENT ANKARA M MÝGROS;ÝÇ ANADOLU;1;MÝGROS;6;SELF SERVÝS M;9053;39.981473;32.647671;Erzurum Kongre Cad Þehit Osman Avcý No:9/21;6;3;ANKARA;ETÝMESGUT;18.12.2024;Hayýr;;350;838;;1;3278;;3739;3739
MJET NURÝ PAMÝR CD ANKARA;ÝÇ ANADOLU;230;MJET;9;M-JET;8998;39.999676;32.870858;Þenlik Mahallesi Nuri Pamir Caddesi No: 28D;6;5;ANKARA;KEÇÝÖREN;17.12.2024;Hayýr;;249;511;;;;21577;3740;3740
AZÝZÝYE MH DÝYARBAKIR M MÝGROS;DOÐU/G.DOÐU ANADOLU;1;MÝGROS;6;SELF SERVÝS M;9025;37.949921;40.210819;Aziziye Mah. Toki/9 Cad. No:7;21;17;DÝYARBAKIR;YENÝÞEHÝR;17.12.2024;Hayýr;;542;1425;;;6822;;3741;3741
MJET CÝHANGÝR ÝSTANBUL;BATI MARMARA;230;MJET;9;M-JET;9033;41.03149;28.98457;Sýraserviler cad.Barkaç sok. No:11-B;34;9;ÝSTANBUL;BEYOÐLU;17.12.2024;Hayýr;;210;539;;;3499;;3742;3742
YILDIZLI TRABZON M MÝGROS;KARADENÝZ/KUZEYD.AND;1;MÝGROS;6;SELF SERVÝS M;9023;41.007653;39.625515;Yýldýzlý Mah. Sahil Yolu Cad. No:67/A;61;1;TRABZON;AKÇAABAT;19.12.2024;Hayýr;;631;769;;3;7271;14483;3743;3743
AÐULLU MH KAÞ ANTALYA M MÝGROS;BATI AKDENÝZ;1;MÝGROS;5;SERVÝS REYONLU M;8928;36.2175;29.6861;AÐULLU MAH. ANTALYA YOLU ÜZERÝ SOK.;7;9;ANTALYA;KAÞ;19.12.2024;Hayýr;;291;383;;;;20804;3744;3744
BEYHEKÝM KONYA M MÝGROS;ÝÇ ANADOLU;1;MÝGROS;6;SELF SERVÝS M;9028;37.981818;32.502022;BEYHEKÝM MAH. GÜLAÇAR SOK. NO: 55/B;42;3;KONYA;SELÇUKLU;19.12.2024;Hayýr;;524;725;;;7617;14506;3745;3745
MJET TURGUT TEMELLÝ CD MALATYA;DOÐU/G.DOÐU ANADOLU;230;MJET;9;M-JET;9000;38.352122;38.314345;SALKÖPRÜ MAH. TURGUT TEMELLÝ CAD.;44;13;MALATYA;YEÞÝLYURT;20.12.2024;Hayýr;;198;295;;;;21791;3746;3746
MERKEZ BOZTEPE TRABZON M;KARADENÝZ/KUZEYD.AND;1;MÝGROS;6;SELF SERVÝS M;9022;40.986977;39.72777;Çukurçayýr Mah Ýpekyolu Cad. No:20/D;61;18;TRABZON;ORTAHÝSAR;20.12.2024;Hayýr;;475;900;;;7329;;3747;3747
ÇÝFTÇÝLER CD MERSÝN M MÝGROS;DOÐU AKDENÝZ;1;MÝGROS;7;M ANADOLU;9001;36.84513235;34.63913134;YALINAYAK MAH. ÇÝFTÇÝLER 4 CAD.;33;12;MERSÝN;TOROSLAR;20.12.2024;Hayýr;;246;351;;;;21804;3748;3748
MJET HASTANE ZONGULDAK;ÝÇ ANADOLU;230;MJET;9;M-JET;8990;41.462207;31.794694;Tepebaþý Mah. Kapuz Cad. No:16A;67;0;ZONGULDAK;MERKEZ;20.12.2024;Hayýr;;208;285;;;;19831;3749;3749
FERÝZLÝ SAKARYA M MÝGROS;GÜNEY MARMARA;1;MÝGROS;6;SELF SERVÝS M;8932;40.95309346;30.4975325;Ýstiklal Mah. Þehit Hacý Uzun Cad.;54;1;SAKARYA;FERÝZLÝ;20.12.2024;Hayýr;;478;592;;;;21182;3750;3750
DEMRE MYROS ANTALYA MM MÝGROS;BATI AKDENÝZ;1;MÝGROS;2;MM;8948;36.2417;29.9841;GÖKYAZI MAH. NOEL BABA CAD. NO:2 Z09;7;8;ANTALYA;DEMRE;20.12.2024;Hayýr;;654;1117;;;;20347;3751;3751
MION TUZLA MERKEZ ÝSTANBUL;DOÐU MARMARA;237;MION;247;MION;8903;40.818547;29.306089;Cami Mah. Ýstasyon Cad.NO:72;34;24;ÝSTANBUL;TUZLA;23.12.2024;Hayýr;;222;388;;;4336;;3752;3752
SALTUKLU MH AZÝZÝYE ERZURUM M;KARADENÝZ/KUZEYD.AND;1;MÝGROS;7;M ANADOLU;9008;39.92341;41.1837;Saltuklu Mah. Prof. Dr. Necmettin Erbakan Bulv.;25;19;ERZURUM;AZÝZÝYE;24.12.2024;Hayýr;;416;812;;;;19797;3754;3754
MION MECÝDÝYEKÖY ÝST METRO;BATI MARMARA;237;MION;247;MION;8959;41.063848;28.9920971;Merkez Mah., Büyükdere Cad. No:43/1;34;23;ÝSTANBUL;ÞÝÞLÝ;24.12.2024;Hayýr;;94;109;;;;21928;3755;3755
SEFAKÖY EKÝCÝ AVM ÝSTANBUL MM;BATI MARMARA;1;MÝGROS;2;MM;8931;41.005335;28.798339;Tevfik Bey Mah. Merkez Cad. No:33/1;34;19;ÝSTANBUL;KÜÇÜKÇEKMECE;25.12.2024;Hayýr;;635;822;;;;17512;3756;3756
ALACAATLI ÇAYYOLU MACROCENTER;ÝÇ ANADOLU;4;MACROCENTER;9;MACROCENTER;8960;39.86929;32.68409;PROF.AHMET TANER KIÞLALI MAH.2873.CAD. NO:4/B;6;2;ANKARA;ÇANKAYA;25.12.2024;Hayýr;;364;648;;;;21941;3757;3757
TOPTANCI HAL CD KEPEZ ANT M;BATI AKDENÝZ;1;MÝGROS;6;SELF SERVÝS M;8970;36.9142;30.7409;GÖKSU MAH. NENE HATUN CAD. NO:1/53;7;17;ANTALYA;KEPEZ;26.12.2024;Hayýr;;363;959;;;;21809;3758;3758
KURTULUÞ MH FATSA ORDU M;KARADENÝZ/KUZEYD.AND;1;MÝGROS;7;M ANADOLU;9019;41.02621224;37.51108201;Kurtuluþ Mah. Fiskobirlik caddesi no:5D5E5F;52;6;ORDU;FATSA;26.12.2024;Hayýr;;472;1131;;;;21385;3759;3759
MJET KANTÝN ATAÞEHÝR GM ÝST;DOÐU MARMARA;230;MJET;253;MÝGROS KANTÝN;9054;40.99184914;29.12656096;ATATÜRK MAH. TURGUT ÖZAL BULVARI NO:7;34;34;ÝSTANBUL;ATAÞEHÝR;26.12.2024;Hayýr;;21;21;;;;;3761;3761
BEYLÝKDÜZÜ ÝSTANBUL MACROKIOSK;BATI MARMARA;235;MACROKIOSK;243;MACROKIOSK;9026;41.012054;28.64686;BÜYÜKÞEHÝR MAH. BEYLÝKDÜZÜ CAD.;34;36;ÝSTANBUL;BEYLÝKDÜZÜ;28.12.2024;Hayýr;;75;109;;;;22632;3762;3762
DÜÞLER VADÝSÝ RÝVA ÝST MMM;DOÐU MARMARA;1;MÝGROS;3;MMM;8493;41.202891;29.237087;Riva Mah Mareþal Mustafa Kemal Cad;34;8;ÝSTANBUL;BEYKOZ;27.12.2024;Hayýr;;1578;2200;;;;17926;3763;3763
LOTUS KORU BEYLÝKDÜZÜ ÝST M;BATI MARMARA;1;MÝGROS;6;SELF SERVÝS M;8862;40.993978;28.636775;ADNAN KAHVECÝ MAH. HARBÝYE CAD.;34;36;ÝSTANBUL;BEYLÝKDÜZÜ;27.12.2024;Hayýr;;383;504;;;;19614;3764;3764
ASMALI BAHÇEÞEHÝR ÝSTANBUL M;BATI MARMARA;1;MÝGROS;6;SELF SERVÝS M;9055;41.098533;28.67585;Bahçeþehir 1 kýsým Mah. Baþöðretmen Cad. No:5/6;34;35;ÝSTANBUL;BAÞAKÞEHÝR;27.12.2024;Hayýr;;554;1259;;;6610;9870;3765;3765
CUMHURÝYET CD. ÞÝLE MACROKIOSK;DOÐU MARMARA;235;MACROKIOSK;243;MACROKIOSK;9030;41.176093;29.611781;Hacýkasým Mah. Cumhuriyet cad Sinan apt. No:28/9;34;32;ÝSTANBUL;ÞÝLE;27.12.2024;Hayýr;;111;236;;;;22394;3766;3766
MJET ECZACILAR CD ALANYA ANT;BATI AKDENÝZ;230;MJET;9;M-JET;8969;36.5404;32.0503;OBA MAH. ECZACILAR CAD.NO:24 1/A;7;2;ANTALYA;ALANYA;27.12.2024;Hayýr;;210;443;;;;21107;3767;3767
MJET ALTINTEPSÝ BAYRAMPAÞA ÝST;BATI MARMARA;230;MJET;9;M-JET;8946;41.03727934;28.89802505;Altýntepsi Mah. Akpýnar Cad. Gül Park Yuvam C Blok;34;6;ÝSTANBUL;BAYRAMPAÞA;27.12.2024;Hayýr;;248;370;;;;21183;3768;3768
KERVANSARAY AVM ERZURUM MM;KARADENÝZ/KUZEYD.AND;1;MÝGROS;2;MM;8050;39.87856;41.243058;Hüseyin Avni Ulaþ Mh.Alparslan Türkeþ Bul.No:19/17;25;20;ERZURUM;PALANDÖKEN;27.12.2024;Hayýr;;1041;1849;;;;11941;3769;3769
MJET TEÞVÝKÝYE PLAJ YALOVA;GÜNEY MARMARA;230;MJET;9;M-JET;8935;40.64470909;29.07477298;KARÞIYAKA MAH. SAHÝL CAD.;77;3;YALOVA;ÇINARCIK;27.12.2024;Hayýr;;200;271;;;;21448;3770;3770
MION BAÐDAT CD ALTINTEPE ÝST;DOÐU MARMARA;237;MION;247;MION;8918;40.950672;29.103827;ALTINTEPE MAH. BAÐDAT CAD.NO:93B;34;20;ÝSTANBUL;MALTEPE;30.12.2024;Hayýr;;171;212;;;;21731;3771;3771
BOLLUCA MH ARNAVUTKÖY ÝST MM;BATI MARMARA;1;MÝGROS;2;MM;8909;41.196256;28.762155;BOLLUCA MAH. ULUBATLI HASAN CAD.;34;33;ÝSTANBUL;ARNAVUTKÖY;30.12.2024;Hayýr;;929;1404;;;;19779;3772;3772
MJET SUKENT BEYTEPE ANKARA;ÝÇ ANADOLU;230;MJET;9;M-JET;9056;39.851923;32.707249;Beytepe Mah Hafsa Sultan Cad No: 24-1;6;2;ANKARA;ÇANKAYA;10.01.2025;Hayýr;;329;421;;;;21488;3773;3773
ÝNCÝRLÝOVA ÝZMÝR BLV AYDIN M;GÜNEY EGE;1;MÝGROS;6;SELF SERVÝS M;9031;37.851925;27.733127;SANDIKLI MAH. ÞEHÝT ASTÐ. SÜLEYMAN ÇAMLICA BLV. NO;9;6;AYDIN;ÝNCÝRLÝOVA;10.01.2025;Hayýr;;417;544;;;;17725;3774;3774
PAMUK PARK KIRIKHAN HATAY M;DOÐU AKDENÝZ;1;MÝGROS;5;SERVÝS REYONLU M;9007;36.499621;36.367265;GAZÝ MAH. ALPARSLAN TÜRKEÞ BULV.;31;7;HATAY;KIRIKHAN;17.01.2025;Hayýr;;544;998;;;;19541;3777;3777
BATIKENT YAZIR KONYA M MÝGROS;ÝÇ ANADOLU;1;MÝGROS;6;SELF SERVÝS M;9103;37.9681981;32.5100563;Yazýr Mahallesi Öztopraklar Sokak No:13;42;3;KONYA;SELÇUKLU;24.01.2025;Hayýr;;417;571;;;;20969;3778;3778
CUMA YILMAZOÐLU A.ÖZÜ HATAY M;DOÐU AKDENÝZ;1;MÝGROS;5;SERVÝS REYONLU M;8869;36.12929859;36.236554;FATÝKLÝ MAH. OSMANLI BULV. NO:44;31;1;HATAY;ALTINÖZÜ;24.01.2025;Hayýr;;513;718;;;;21659;3779;3779
YALI SK YAKACIK KARTAL ÝST MM;DOÐU MARMARA;1;MÝGROS;2;MM;8468;40.920667;29.217194;Yakacýk Yeni Mh.Yalý Sk.Huzur Apt B Blok No:10-12A;34;18;ÝSTANBUL;KARTAL;24.01.2025;Hayýr;;661;916;;;;16153;3780;3780
MJET GÜZELOLUK ERDEMLÝ MERSÝN;DOÐU AKDENÝZ;230;MJET;9;M-JET;9061;36.60459644;34.29866287;AKDENÝZ MAH. GÜZELOLUK CAD.;33;5;MERSÝN;ERDEMLÝ;24.01.2025;Hayýr;;292;785;;;;22150;3781;3781
ALAPLI ZONGULDAK M MÝGROS;ÝÇ ANADOLU;1;MÝGROS;7;M ANADOLU;9016;41.180028;31.387909;Merkez Mahallesi Yeni PTT Sokak No:5-1;67;1;ZONGULDAK;ALAPLI;24.01.2025;Hayýr;;251;509;;;;19833;3782;3782
MJET OKSÝJENZONE ULUDAÐ BURSA;DOÐU MARMARA;230;MJET;9;M-JET;8414;40.10199363;29.13067988;Kirazlý Mah. Uludað Oteller Bölgesi;16;2;BURSA;OSMANGAZÝ;26.01.2026;Hayýr;;125;143;Evet;;;;3783;3783
KOORDÝNAT ÇAYYOLU ANKARA M;ÝÇ ANADOLU;1;MÝGROS;6;SELF SERVÝS M;9059;39.8918911;32.7090438;Mutlukent Mahallesi 3450. Sokak No: 1DA;6;2;ANKARA;ÇANKAYA;31.01.2025;Hayýr;;410;1019;;3;;21509;3784;3784
TOKÝ BÝTLÝS M MÝGROS;DOÐU/G.DOÐU ANADOLU;1;MÝGROS;6;SELF SERVÝS M;9116;38.4803522;42.1678378;Beþminare Mah.Ahmet Eren Bulvari No:359B;13;0;BÝTLÝS;MERKEZ;7.02.2025;Hayýr;;373;484;;;;22612;3785;3785
MION POMELON AVM MÝLAS MUÐLA;GÜNEY EGE;237;MION;247;MION;9106;37.307256;27.787608;Cumhuriyet Mah. Þeftali Ýrimi Sok. No: 2b Ýç Kapý;48;8;MUÐLA;MÝLAS;7.02.2025;Hayýr;;112;129;;;;22550;3786;3786
MJET B.EVLER ÜRGÜP NEVÞEHÝR;DOÐU AKDENÝZ;230;MJET;9;M-JET;9120;38.6428918;34.9189523;Bahçelievler Mahallesi, 23.Cadde, No:32/7;50;7;NEVÞEHÝR;ÜRGÜP;7.02.2025;Hayýr;;188;260;;;;21348;3787;3787
MJET GALÝPBEY CD MALTEPE ÝST;DOÐU MARMARA;230;MJET;9;M-JET;8865;40.954608;29.104703;Küçükyalý Mah. 61-63E Galipbey Cd.;34;20;ÝSTANBUL;MALTEPE;14.02.2025;Hayýr;;225;280;;;;20642;3788;3788
MJET BOSNA BLV SULTANBEYLÝ ÝST;DOÐU MARMARA;230;MJET;9;M-JET;9107;40.973453;29.263255;Adil Mah. Bosna Bulvari No :33-5a/33-35b;34;31;ÝSTANBUL;SULTANBEYLÝ;14.02.2025;Hayýr;;217;286;;;;21571;3789;3789
MJET TOPKAPI CD ÝZNÝK BURSA;GÜNEY MARMARA;230;MJET;9;M-JET;9114;40.4361384;29.7270482;Yeþil Cami Mahallesi Topkapi Caddesi No:32;16;9;BURSA;ÝZNÝK;19.02.2025;Hayýr;;192;237;;;;22259;3790;3790
KARAGÖL MH ARDAHAN M MÝGROS;KARADENÝZ/KUZEYD.AND;1;MÝGROS;6;SELF SERVÝS M;9115;41.111116;42.700611;Karagöl Mah. Mareþel Fevzi Çakmak Caddesi Diþ;75;0;ARDAHAN;MERKEZ;20.02.2025;Hayýr;;434;621;;;;22020;3791;3791
MJET ALTINÇAÐ DÖRTYOL HATAY;DOÐU AKDENÝZ;230;MJET;9;M-JET;9105;36.8699421;36.2140117;Altinçað Mahallesi, Atatürk 1 Bulvari, No:53A/B;31;3;HATAY;DÖRTYOL;21.02.2025;Hayýr;;262;350;;;;22457;3792;3792
GOP PLEVNE ÇARÞI ÝSTANBUL MM;BATI MARMARA;1;MÝGROS;2;MM;9046;41.085807;28.910086;MEVLANA MAH. ÝBRAHÝM HAYIRLIOÐLU SOK.;34;14;ÝSTANBUL;GAZÝOSMANPAÞA;21.02.2025;Hayýr;;877;1255;;;;22566;3793;3793
KUZEYÞEHÝR GAZÝANTEP M MÝGROS;DOÐU AKDENÝZ;1;MÝGROS;6;SELF SERVÝS M;9090;37.221137;37.364118;Karacaören Mh. 118016 Cad No:66I-66J-66K-66L;27;2;GAZÝANTEP;ÞEHÝTKAMÝL;26.02.2025;Hayýr;;335;528;;;;21741;3803;3803
ANKARA ROBOTÝK DARKSTORE;ÝÇ ANADOLU;185;5M;248;E-TÝCARET;8866;39.883857;32.758194;Üniversiteler Mah 1597. Caddesi No:3/42-88;6;2;ANKARA;ÇANKAYA;25.02.2025;Hayýr;;1153;1719;;1,3;;;3804;3804
MJET SELÝM KARS;KARADENÝZ/KUZEYD.AND;230;MJET;9;M-JET;9196;40.467368;42.787888;Çarþý Mahallesi Halitpaþa Caddesi Dýþ Kapý No :71;36;6;KARS;SELÝM;26.02.2025;Hayýr;;208;418;;;;22058;3805;3805
SÝLAHTAR CD ANKARA MACROKIOSK;ÝÇ ANADOLU;235;MACROKIOSK;243;MACROKIOSK;9239;39.942101;32.813558;Emniyet Mahallesi Silahtar Caddesi No: 57-1;6;8;ANKARA;YENÝMAHALLE;26.02.2025;Hayýr;;80;100;;;;22443;3806;3806
MAKAMDAÐI ERGANÝ DÝYARBAKIR M;DOÐU/G.DOÐU ANADOLU;1;MÝGROS;5;SERVÝS REYONLU M;9186;38.272137;39.788364;MAKAMDAÐI MAH. KIRALAN DÝNK MEVKÝSÝ;21;7;DÝYARBAKIR;ERGANÝ;27.02.2025;Hayýr;;372;526;;;;21850;3807;3807
MJET YENÝBAÐLAR ESKÝÞEHÝR;ÝÇ ANADOLU;230;MJET;9;M-JET;9197;39.788026;30.507853;Yenibaðlar Mah Prof Dr Yilmaz Büyükerþen Bul;26;14;ESKÝÞEHÝR;TEPEBAÞI;27.02.2025;Hayýr;;224;522;;;;23181;3808;3808
ÖZALP VAN M MÝGROS;DOÐU/G.DOÐU ANADOLU;1;MÝGROS;7;M ANADOLU;9166;38.656751;43.986174;Mahmudiye Mah. Atatürk Caddesi No : 26a;65;10;VAN;ÖZALP;25.02.2025;Hayýr;;437;542;;;;22562;3809;3809
BAÞKALE VAN M MÝGROS;DOÐU/G.DOÐU ANADOLU;1;MÝGROS;7;M ANADOLU;9167;38.0447661;44.0185957;Hafiziye Mah.22.Nisan Caddesi No:45;65;2;VAN;BAÞKALE;27.02.2025;Hayýr;;484;699;;;;22831;3810;3810
PARK BÝNGÖL M MÝGROS;DOÐU/G.DOÐU ANADOLU;1;MÝGROS;7;M ANADOLU;9184;38.906314;40.4850653;Selahattin Eyyübi Mahallesi 1504 Cadde No;12;0;BÝNGÖL;MERKEZ;27.02.2025;Hayýr;;556;790;;;;20502;3811;3811
VEMA TUZLA ÝSTANBUL M;DOÐU MARMARA;1;MÝGROS;6;SELF SERVÝS M;8174;40.849489;29.299541;Ýçmeler mh Çaðdaþ Sk No:2  B blok 159-164;34;24;ÝSTANBUL;TUZLA;25.02.2025;Hayýr;;503;874;;;;16635;3812;3812
GAMADOR KEÇÝÖREN ANKARA MM;ÝÇ ANADOLU;1;MÝGROS;2;MM;9060;40.002686;32.823689;Yayla Mahallesi Yozgat Bulvarý No: 20;6;5;ANKARA;KEÇÝÖREN;28.02.2025;Hayýr;;936;1091;;;;22029;3813;3813
BAHÇEYAKA MH DÖÞEMEALTI ANT MM;BATI AKDENÝZ;1;MÝGROS;2;MM;8747;37.0133;30.5994;BAHÇEYAKA MAH. ATATÜRK CAD.;7;16;ANTALYA;DÖÞEMEALTI;28.02.2025;Hayýr;;713;1390;;;;20550;3814;3814
GAZÝ MH GAZÝEMÝR ÝZMÝR M;GÜNEY EGE;1;MÝGROS;6;SELF SERVÝS M;9018;38.323091;27.129017;Gazi Mh. 16 sk. No:1/8A-8B;35;5;ÝZMÝR;GAZÝEMÝR;28.02.2025;Hayýr;;328;432;;3;;19703;3815;3815
GAZÝKENT Þ.KAMÝL GAZÝANTEP M;DOÐU AKDENÝZ;1;MÝGROS;7;M ANADOLU;9190;37.08737;37.426735;Gazikent Mah. 27089 Sk. No:1d-1e-2a-2b-3a-4i;27;2;GAZÝANTEP;ÞEHÝTKAMÝL;28.02.2025;Hayýr;;279;361;;;;22093;3816;3816
MUAMMER AKSOY FETHÝYE MUÐLA M;GÜNEY EGE;1;MÝGROS;6;SELF SERVÝS M;9202;36.634;29.1253;Babataþý Mh. Muammer Aksoy Blv. No: 24a - 24b -;48;4;MUÐLA;FETHÝYE;28.02.2025;Hayýr;;287;474;;;;20054;3817;3817
ÖZLÜCE NÝLÜFER MACROCENTER;GÜNEY MARMARA;4;MACROCENTER;9;MACROCENTER;9068;40.220629;28.912426;29 EKÝM MAH. UÐUR MUMCU BULV. 29/A-B-C-D;16;1;BURSA;NÝLÜFER;28.02.2025;Hayýr;;380;512;;;;20164;3818;3818
H.OKAN MERZECÝ BLV. MERSÝN M;DOÐUAKDENZ/GÜNEYDOÐU;1;MÝGROS;9;MM;7081;;;-;33;1;MERSÝN;MERKEZ;15.05.2024;Hayýr;;;;;;;;3819;3819
MJET TUNÇ PARK KOCAELÝ;DOÐU MARMARA;230;MJET;9;M-JET;9171;40.7741529;29.873235;Hatipköy Mahallesi Ýzmit-Ýstanbul Otoban Pause;41;11;KOCAELÝ;ÝZMÝT;7.03.2025;Hayýr;;154;196;;;;22614;3821;3821
MJET FUAT MOREL MAH. MERSÝN;DOÐUAKDENZ/GÜNEYDOÐU;1;MJET;9;M-JET;5201;;;-;33;13;MERSÝN;YENÝÞEHÝR;5.12.2024;Hayýr;;;;;;;;3822;3822
MJET GAZÝANTEP KIBRIS CADDESÝ;DOÐUAKDENZ/GÜNEYDOÐU;230;MJET;9;M-JET;6788;37.372228;37.070431;Ýncili Pýnar Mah. Kýbrýs Cad. A Blok No:5;27;2;GAZÝANTEP;ÞEHÝTKAMÝL;24.06.2021;Hayýr;;249;463;;;;;3824;3824
MJET KARAMAN VALIDE SULTAN;DOÐUAKDENZ/GÜNEYDOÐU;230;MJET;9;M-JET;6842;33.210039;37.189708;Valide Sultan Mah Ýbrahim Hakký Konyalý Cad. No:16;70;0;KARAMAN;MERKEZ;6.07.2021;Hayýr;;249;507;;;;;3825;3825
SARAY ALANYA M MÝGROS;BATI AKDENÝZ;1;MÝGROS;5;SERVÝS REYONLU M;3952;31.992448;36.546488;Saray Mah. Atatürk Cad. Gülen Sok No:12;7;2;ANTALYA;ALANYA;7.05.2013;Hayýr;;620;1386;;59;;;3826;3826
ÞÝRÝNYALI ANTALYA M MÝGROS;BATI AKDENÝZ;1;MÝGROS;5;SERVÝS REYONLU M;3941;30.731796;36.859897;Þirinyalý Mah Ýsmet Gökþen Cad No 34/1;7;19;ANTALYA;MURATPAÞA;30.04.2013;Hayýr;;617;2085;;59;;;3827;3827
MJET A.TÜRKEÞ CD EREÐLÝ KONYA;ÝÇ ANADOLU;230;MJET;9;M-JET;9240;37.490441;34.045048;Fatih Mahallesi Alpaslan Türkeþ Caddesi;42;17;KONYA;EREÐLÝ;12.03.2025;Hayýr;;250;332;;;;17620;3828;3828
ERTUÐRUL GAZÝ MH. GAZÝANTEP M;DOÐU AKDENÝZ;1;MÝGROS;6;SELF SERVÝS M;9057;37.030887;37.350724;ERTUÐRULGAZÝ MAH. SU YOLU CAD.;27;1;GAZÝANTEP;ÞAHÝNBEY;14.03.2025;Hayýr;;364;489;;;;16322;3829;3829
BAÐCILAR AVRUPA KONUTLARI MM;BATI MARMARA;1;MÝGROS;2;MM;9003;41.039252;28.834154;YENÝMAHALLE MH. DÖKÜMCÜLER CD.;34;3;ÝSTANBUL;BAÐCILAR;14.03.2025;Hayýr;;730;903;;;;21710;3830;3830
KEPTUR DÖÞEMEALTI MACROCENTER;BATI AKDENÝZ;4;MACROCENTER;9;MACROCENTER;9216;36.95703967;30.6241787;YEÞÝLBAYIR MAH. AKDENÝZ BULV.;7;16;ANTALYA;DÖÞEMEALTI;18.03.2025;Hayýr;;490;790;;;;22295;3831;3831
MJET ÝNÖNÜ CD SÝLÝVRÝ ÝSTANBUL;BATI MARMARA;230;MJET;9;M-JET;9198;41.079985;28.230163;Mimarsinan Mahallesi Ýnönü Caddesi No:84/A;34;30;ÝSTANBUL;SÝLÝVRÝ;21.03.2025;Hayýr;;230;336;;;;20156;3832;3832
TÜTÜNÇÝFTLÝK KÖRFEZ KOCAELÝ M;DOÐU MARMARA;1;MÝGROS;6;SELF SERVÝS M;9222;40.75080654;29.79096777;FATÝH MAH. CUMHURÝYET BULV.;41;5;KOCAELÝ;KÖRFEZ;21.03.2025;Hayýr;;307;411;;;;16132;3833;3833
AKYARLAR MUÐLA MACROKIOSK;GÜNEY EGE;235;MACROKIOSK;243;MACROKIOSK;9192;36.9694166;27.2912773;Akyarlar Mah. Atatürk (Akyarlar) Cad. No: 196/2;48;1;MUÐLA;BODRUM;24.03.2025;Hayýr;;100;192;;;;15695;3834;3834
PETÝMO DERÝNCE KARGO OPERASYON;DOÐU MARMARA;238;PETÝMO;254;E-TÝCARET;8852;40.7589;29.8496;Deniz Mah. Ergenekon Cad. No: 2;41;6;KOCAELÝ;DERÝNCE;24.03.2025;Hayýr;;516;516;;;;;3835;3835
23 NÝSAN BURSA MACROKIOSK;GÜNEY MARMARA;235;MACROKIOSK;243;MACROKIOSK;9264;40.219524;28.9456701;23 Nisan Mahallesi 247. Sokak No:2;16;1;BURSA;NÝLÜFER;25.03.2025;Hayýr;;118;202;;;4396;;3836;3836
OSTÝM YENÝMAHALLE ANKARA MM;ÝÇ ANADOLU;1;MÝGROS;2;MM;9215;39.975964;32.760065;SERHAT MAH. MEHMET AKÝF ERSOY CAD.;6;8;ANKARA;YENÝMAHALLE;26.03.2025;Hayýr;;734;894;;;;17593;3837;3837
MERKEZ DATÇA MUÐLA MACROKIOSK;GÜNEY EGE;235;MACROKIOSK;243;MACROKIOSK;9210;36.7331395;27.6828072;Ýskele Mah. Ahmet Taner Kiþlali Blv. No: 82A;48;3;MUÐLA;DATÇA;27.03.2025;Hayýr;;83;331;;;;23071;3838;3838
KIZILCAOBA ELBÝSTAN K.MARAÞ M;DOÐU AKDENÝZ;1;MÝGROS;5;SERVÝS REYONLU M;9098;38.196033;37.193779;Ceyhan Mh. Saraybosna Cd. No:4;46;5;KAHRAMANMARAÞ;ELBÝSTAN;27.03.2025;Hayýr;;509;855;;;;22854;3839;3839
MJET ÇAÐLALIK MH PAYAS HATAY;DOÐU AKDENÝZ;230;MJET;9;M-JET;9253;36.7894031;36.2386998;Çaðlalik Mahallesi Çaðlalik Sokak No:179/1a;31;15;HATAY;PAYAS;27.03.2025;Hayýr;;178;329;;;;22543;3840;3840
ESKÝÞEHÝR MACROCENTER;ÝÇ ANADOLU;4;MACROCENTER;9;MACROCENTER;9113;39.770348;30.484087;Osmangazi Mah. Basýn Þehitleri Cad. No:174/G;26;13;ESKÝÞEHÝR;ODUNPAZARI;28.03.2025;Hayýr;;927;1364;;;;;3841;3841
AZURA WORLD ALANYA  ANT MÝGROS;BATI AKDENÝZ;1;MÝGROS;6;SELF SERVÝS M;9168;36.601989;31.805677;Türkler Mahallesi Kargi Çayi Caddesi No:10I A/B;7;2;ANTALYA;ALANYA;28.03.2025;Hayýr;;406;505;;;;;3842;3842
MION BEYLÝKDÜZÜ AVM ÝSTANBUL;BATI MARMARA;237;MION;247;MION;9205;41.006637;28.658036;BARIÞ MAH. SAKARYA CAD.;34;36;ÝSTANBUL;BEYLÝKDÜZÜ;28.03.2025;Hayýr;;290;387;;;;;3843;3843
46. CADDE ARTUKLU MARDÝN M;DOÐU/G.DOÐU ANADOLU;1;MÝGROS;5;SERVÝS REYONLU M;9304;37.335092;40.711844;13 Mart Mah. 46. Cadde No:19-20-21-22;47;10;MARDÝN;ARTUKLU;28.03.2025;Hayýr;;312;604;;;;;3844;3844
AKÞEMSETTÝN  EYÜP ÝSTANBUL M;BATI MARMARA;1;MÝGROS;6;SELF SERVÝS M;9226;41.08961862;28.92533999;AKÞEMSETTÝN MAH. ERCÝYES SOK.;34;12;ÝSTANBUL;EYÜPSULTAN;28.03.2025;Hayýr;;423;514;;;;;3845;3845
BAYINDIR ÝZMÝR M MÝGROS;GÜNEY EGE;1;MÝGROS;7;M ANADOLU;9209;38.21789546;27.65253224;DEMÝRCÝLÝK MAH. MENDERES BULV. NO:81;35;11;ÝZMÝR;BAYINDIR;28.03.2025;Hayýr;;465;945;;;;;3846;3846
23 NÝSAN BLV MÝLAS MUÐLA M;GÜNEY EGE;1;MÝGROS;6;SELF SERVÝS M;9245;37.311325;27.790893;Þevketiye Mah. 23 Nisan Blv. No:90 Ýç Kapi No:Z01;48;8;MUÐLA;MÝLAS;28.03.2025;Hayýr;;360;463;;;;;3847;3847
SOFULU SARIÇAM ADANA M MÝGROS;DOÐU AKDENÝZ;1;MÝGROS;6;SELF SERVÝS M;9263;37.03395798;35.39828561;GÜLTEPE MAH. ELÝF SU ULUDAÐ CAD.;1;14;ADANA;SARIÇAM;28.03.2025;Hayýr;;365;565;;;;;3848;3848
UZUN SOKAK UÞAK M MÝGROS;KUZEY EGE;1;MÝGROS;6;SELF SERVÝS M;9252;38.6567132;29.3904309;Cumhuriyet Mahallesi Uzun Sokak No:80;64;0;UÞAK;MERKEZ;28.03.2025;Hayýr;;512;830;;;;;3849;3849
MJET G. SÜLEYMANPAÞA GELÝBOLU;GÜNEY MARMARA;230;MJET;9;M-JET;8887;40.413389;26.668008;Gazisüleymanpaþa Mah. Saruca Paþa Cad.No:2-10A;17;8;ÇANAKKALE;GELÝBOLU;28.03.2025;Hayýr;;276;333;;;;;3850;3850
MJET EZÝNE ÇANAKKALE;GÜNEY MARMARA;230;MJET;9;M-JET;9284;39.78792;26.33874;Seferþah Mahallesi, Adnan Menderes Caddesi;17;7;ÇANAKKALE;EZÝNE;28.03.2025;Hayýr;;231;393;;;;;3851;3851
OASÝS MAVÝÞEHÝR ÝZMÝR MM;KUZEY EGE;1;MÝGROS;2;MM;9172;38.47229904;27.06654106;MAVÝÞEHÝR MAH. 2041/3 SOK.NO:2A;35;7;ÝZMÝR;KARÞIYAKA;4.04.2025;Hayýr;;746;1176;;;;22567;3852;3852
MJET PELÝTLÝ TRABZON;KARADENÝZ/KUZEYD.AND;230;MJET;9;M-JET;9449;40.986448;39.794885;Pelitli Mah. Kelebek Sok. No:1/A;61;18;TRABZON;ORTAHÝSAR;15.04.2025;Hayýr;;276;350;;;7344;;3853;3853
SAHÝL ALÝAÐA ÝZMÝR M MÝGROS;KUZEY EGE;1;MÝGROS;6;SELF SERVÝS M;9345;38.802222;26.973055;KÜLTÜR MAH. HÜKÜMET CADDESÝ;35;10;ÝZMÝR;ALÝAÐA;8.04.2025;Hayýr;;460;787;;;3925;;3854;3854
UÐUR MUMCU BLV CEYHAN ADANA MM;DOÐU AKDENÝZ;1;MÝGROS;2;MM;9169;37.01062873;35.81618238;NAMIK KEMAL MAH. UÐUR MUMCU BULV.;1;4;ADANA;CEYHAN;11.04.2025;Hayýr;;1010;1304;;;;22212;3855;3855
HACET CD ALANYA  ANTALYA M;BATI AKDENÝZ;1;MÝGROS;6;SELF SERVÝS M;9250;36.5492;32.0086;GÜLLERPINARI MAH.EMÝNPAÞA SOKAK NO:9A-B;7;2;ANTALYA;ALANYA;11.04.2025;Hayýr;;394;777;;;;23202;3856;3856
ESENYALI ÝZMÝR M MÝGROS;GÜNEY EGE;1;MÝGROS;6;SELF SERVÝS M;9312;38.396522;27.096748;BASIN SÝTESÝ MAH 175/3 SOK NO:1 A;35;30;ÝZMÝR;KARABAÐLAR;11.04.2025;Hayýr;;201;220;;;4683;;3857;3857
PELÝKAN PARK ZEKERÝYAKÖY ÝST M;BATI MARMARA;1;MÝGROS;6;SELF SERVÝS M;9351;41.191821;29.036935;ZEKERÝYAKÖY MAH. PELÝKAN PARK EVLERÝ;34;22;ÝSTANBUL;SARIYER;15.04.2025;Hayýr;;535;912;;;7434;;3858;3858
MÝTHATPAÞA MH ÝSTANBUL M;BATI MARMARA;1;MÝGROS;6;SELF SERVÝS M;9352;41.15846;28.91217;MÝTHATPAÞA MAH. 3.PINAR SOK.;34;12;ÝSTANBUL;EYÜPSULTAN;15.04.2025;Hayýr;;352;510;;;8337;19390;3859;3859
MARS KOCAELÝ MACROCENTER;DOÐU MARMARA;4;MACROCENTER;9;MACROCENTER;9173;40.7818452;29.973824;Yahyakaptan Mahallesi Ýzmit Kandira Yolu Caddesi;41;11;KOCAELÝ;ÝZMÝT;16.04.2025;Hayýr;;685;975;;;;17358;3860;3860
ATAÞEHÝR ÇÝÐLÝ ÝZMÝR M MÝGROS;KUZEY EGE;1;MÝGROS;6;SELF SERVÝS M;9335;38.486111;27.059166;Ataþehir Mah. 8211/16 Sokak No: 1/A;35;4;ÝZMÝR;ÇÝÐLÝ;16.04.2025;Hayýr;;400;550;;;3930;;3861;3861
BAÐDAT CD SÝVAS M MÝGROS;KARADENÝZ/KUZEYD.AND;1;MÝGROS;6;SELF SERVÝS M;9291;39.730001;37.03842;Kardeþler Mahallesi, Baðdat Caddesi;58;0;SÝVAS;MERKEZ;17.04.2025;Hayýr;;346;436;;;;19927;3862;3862
HAVRAN BALIKESÝR M MÝGROS;KUZEY EGE;1;MÝGROS;6;SELF SERVÝS M;9296;39.5593604;27.0964144;Camikebir Mh. Menderes Cad. No:122 Ýç Kapi;10;11;BALIKESÝR;HAVRAN;18.04.2025;Hayýr;;404;487;;;;21816;3863;3863
MEHMET OSMAN CD ESKÝÞEHÝR M;ÝÇ ANADOLU;1;MÝGROS;6;SELF SERVÝS M;9454;39.757451;30.50016;BÜYÜKDERE MAH. SEVDÝK SOK.;26;13;ESKÝÞEHÝR;ODUNPAZARI;17.04.2025;Hayýr;;441;1061;;;3916;;3864;3864
EGEKENT KARÞIYAKA ÝZMÝR M;KUZEY EGE;1;MÝGROS;6;SELF SERVÝS M;9336;38.509145;27.064269;ÝZKENT MAH. 8840 SOKAK NO:2 EGEKENT;35;4;ÝZMÝR;ÇÝÐLÝ;18.04.2025;Hayýr;;660;1410;;;5631;;3865;3865
YENÝMAHALLE ÇÝÐLÝ ÝZMÝR M;KUZEY EGE;1;MÝGROS;6;SELF SERVÝS M;9451;38.4945;27.0493;YENÝ MAHALLE MAH. 8200/4 SOK.;35;4;ÝZMÝR;ÇÝÐLÝ;18.04.2025;Hayýr;;538;1336;;;6497;;3866;3866
MJET ATATÜRK BLV GÖRÜKLE BURSA;GÜNEY MARMARA;230;MJET;9;M-JET;9469;40.22691882;28.84445843;DUMLUPINAR MAH.ATATÜRK BULVARI NO 7B-7C BLOK;16;1;BURSA;NÝLÜFER;22.04.2025;Hayýr;;294;494;;;6256;;3867;3867
HAMÝDÝYE ÇANAKKALE M MÝGROS;GÜNEY MARMARA;1;MÝGROS;5;SERVÝS REYONLU M;9444;40.094615;26.409178;Kepez Belediyesi Hamidiye Mah. Fatih Cad.;17;0;ÇANAKKALE;MERKEZ;22.04.2025;Hayýr;;606;873;;;6424;;3868;3868
MJET KAYMAKLI TRABZON;KARADENÝZ/KUZEYD.AND;230;MJET;9;M-JET;9450;40.994553;39.748357;KAYMAKLI MAH. ÇUKRÇAYIR YOLU CAD.NO:28;61;18;TRABZON;ORTAHÝSAR;22.04.2025;Hayýr;;311;488;;;7347;;3869;3869
PRESTÝJ ÝNCEK ANKARA M;ÝÇ ANADOLU;1;MÝGROS;6;SELF SERVÝS M;9448;39.837772;32.703942;ALACAATLI MAH. 3341 SOK.;6;2;ANKARA;ÇANKAYA;22.04.2025;Hayýr;;475;1152;;;7875;;3870;3870
ÖLÜDENÝZ MUÐLA MACROKIOSK;GÜNEY EGE;235;MACROKIOSK;243;MACROKIOSK;9170;36.5705188;29.1412846;Ölüdeniz Mah., Ölüdeniz (Ovacik) Cad.;48;4;MUÐLA;FETHÝYE;24.04.2025;Hayýr;;164;440;;;;15557;3871;3871
KARTAL AVRUPA KONUTLARI MM;DOÐU MARMARA;1;MÝGROS;2;MM;9067;40.911352;29.189279;ESENTEPE MAHALLESÝ ÝNÖNÜ CADDESÝ 151F;34;18;ÝSTANBUL;KARTAL;25.04.2025;Hayýr;;830;1201;;;;22000;3872;3872
GÖDENE KONYA M MÝGROS;ÝÇ ANADOLU;1;MÝGROS;6;SELF SERVÝS M;9453;37.73923;32.40006;GÖDENE MAHALLESÝ ÞAHESER SOK NO:2/A;42;2;KONYA;MERAM;25.04.2025;Hayýr;;480;925;;;8281;20008;3873;3873
VADÝÞEHÝR YALOVA M MÝGROS;GÜNEY MARMARA;1;MÝGROS;6;SELF SERVÝS M;9249;40.6526073;29.3123741;: Memet Akif Ersoy Mahallesi Mýzrak Sokak No:85/J;77;4;YALOVA;ÇÝFTLÝKKÖY;25.04.2025;Hayýr;;541;641;;;;20941;3874;3874
MJET HAYAT PARK BURSA;GÜNEY MARMARA;230;MJET;9;M-JET;9470;40.268229;28.911837;DOÐANKÖY MAH. 412. ÝSÝMSÝZ CAD.;16;1;BURSA;NÝLÜFER;25.04.2025;Hayýr;;360;465;;;6456;;3875;3875
MJET OVACIK MH ÇEÞME ÝZMÝR;KUZEY EGE;230;MJET;9;M-JET;8712;38.288364;26.313209;Ovacýk Mah. 7000 Sok. No:36;35;14;ÝZMÝR;ÇEÞME;29.04.2025;Hayýr;;140;255;;;;20067;3876;3876
ATA AVRUPA KONUTLARI ÝST MM;BATI MARMARA;1;MÝGROS;2;MM;9062;41.05726;28.794965;ATATÜRK MAH. ÝKÝTELLÝ CAD. NO:178/1;34;19;ÝSTANBUL;KÜÇÜKÇEKMECE;29.04.2025;Hayýr;;638;825;;;;22604;3877;3877
ÇAPA ÝSTANBUL M MÝGROS;BATI MARMARA;1;MÝGROS;6;SELF SERVÝS M;9452;41.013386;28.932042;DENÝZABDAL MAH. BAÞVEKÝL CAD.;34;13;ÝSTANBUL;FATÝH;29.04.2025;Hayýr;;259;445;;;2314;;3878;3878
ETLÝK SANCAK ANKARA M MÝGROS;ÝÇ ANADOLU;1;MÝGROS;6;SELF SERVÝS M;9485;39.981001;32.822304;ETLÝK MAH. AYVALI CAD.;6;5;ANKARA;KEÇÝÖREN;29.04.2025;Hayýr;;591;1377;;;7061;12632;3879;3879
KULELÝ ANKARA MACROKIOSK;ÝÇ ANADOLU;235;MACROKIOSK;243;MACROKIOSK;8937;39.897289;32.871709;KAZIM ÖZALP MAH. FÝLÝSTÝN CAD.NO:24/A;6;2;ANKARA;ÇANKAYA;29.04.2025;Hayýr;;86;135;;;3997;;3880;3880
EXCELLANCE BEYTEPE MACROKIOSK;ÝÇ ANADOLU;235;MACROKIOSK;243;MACROKIOSK;9199;39.825617;32.708559;Alacaatlý Mahallesi Kanuni Sultan Süleyman Bulvarý;6;2;ANKARA;ÇANKAYA;29.04.2025;Hayýr;;103;153;;;;20194;3881;3881
MJET ÝSKÝTLER ANKARA;ÝÇ ANADOLU;230;MJET;9;M-JET;9254;39.955266;32.843572;Zübeyde Haným Mahallesi Turgut Özal 1 Bulvarý;6;1;ANKARA;ALTINDAÐ;29.04.2025;Hayýr;;211;311;;;;23027;3882;3882
MJET AKBEL SK KAÞ ANTALYA;BATI AKDENÝZ;230;MJET;9;M-JET;9294;36.2793645;29.4092656;Akbel Sk.Ýslamlar Mah. No:422 6a, 6b;7;9;ANTALYA;KAÞ;29.04.2025;Hayýr;;158;202;;;;22274;3883;3883
ERZÝNCAN M MÝGROS;KARADENÝZ/KUZEYD.AND;1;MÝGROS;6;SELF SERVÝS M;9472;39.7551;39.49159;YENÝ MAHALLE ORDU CADDESÝ NO:53;24;0;ERZÝNCAN;MERKEZ;29.04.2025;Hayýr;;438;1500;;;1075;;3884;3884
BARIÞ MANÇO BULVARI ADANA M;DOÐU AKDENÝZ;1;MÝGROS;6;SELF SERVÝS M;9488;37.046006;35.294008;TOROS MAH. BARIÞ MANÇO BULV.;1;15;ADANA;ÇUKUROVA;29.04.2025;Hayýr;;495;845;;;6453;;3885;3885
MJET MÝLLÝ EGEMENLIK CD BURDUR;BATI AKDENÝZ;230;MJET;9;M-JET;9015;37.736483;30.300915;AYDINLIKEVLER MAH. MÝLLÝ EGEMENLÝK CAD.;15;0;BURDUR;MERKEZ;29.04.2025;Hayýr;;272;336;;;;17208;3886;3886
TUZLA ÝSTANBUL M MÝGROS;DOÐU MARMARA;1;MÝGROS;6;SELF SERVÝS M;9455;40.832862;29.306545;ÞÝNASÝ DURAL CAD.GÜRSEL SOK.;34;24;ÝSTANBUL;TUZLA;30.04.2025;Hayýr;;434;595;;;3291;;3887;3887
EMLAK KONUTLARI KAYAÞEHÝR M;BATI MARMARA;1;MÝGROS;6;SELF SERVÝS M;9490;41.1129904;28.76825136;Kayabaþý Mh Evliya Çelebi Cd.A3 Blok Apt.;34;35;ÝSTANBUL;BAÞAKÞEHÝR;30.04.2025;Hayýr;;509;1801;;;6066;;3888;3888
YALINCAK MH TRABZON M MÝGROS;KARADENÝZ/KUZEYD.AND;1;MÝGROS;6;SELF SERVÝS M;9311;40.980692;39.827419;YALINCAK MAH. ANA CADDE B BLOK;61;18;TRABZON;ORTAHÝSAR;30.04.2025;Hayýr;;305;375;;;;21425;3889;3889
SAHÝL YEÞÝLOVACIK MERSÝN M;DOÐU AKDENÝZ;1;MÝGROS;5;SERVÝS REYONLU M;9182;36.1901478;33.6602221;Yeþilovacik Mh. Akdeniz Cd. No:59-A/B;33;8;MERSÝN;SÝLÝFKE;30.04.2025;Hayýr;;459;575;;;;23032;3890;3890
DOÐU GARAJI TÝC MERKEZÝ ANT M;BATI AKDENÝZ;1;MÝGROS;6;SELF SERVÝS M;9333;36.888483;30.7121638;Çaybaþi Mahallesi Cebesoy Caddesi Doðu Garaji;7;19;ANTALYA;MURATPAÞA;30.04.2025;Hayýr;;553;981;;;;19007;3891;3891
MION SÝLÝVRÝ ÝSTANBUL;BATI MARMARA;237;MION;247;MION;9220;41.0751134;28.2496266;Alibey Mah. Fevzi Çakmak Caddesi No:21/A;34;30;ÝSTANBUL;SÝLÝVRÝ;2.05.2025;Hayýr;;145;163;;;;23223;3892;3892
SANTRAL CADDEBOSTAN MACROKIOSK;DOÐU MARMARA;235;MACROKIOSK;243;MACROKIOSK;9301;40.969185;29.065867;CADDEBOSTAN MAH.ÖMERPAÞA SOK.;34;16;ÝSTANBUL;KADIKÖY;5.05.2025;Hayýr;;72;112;;;5190;;3893;3893
YÜKSEKOVA HAKKARÝ M MÝGROS;DOÐU/G.DOÐU ANADOLU;1;MÝGROS;6;SELF SERVÝS M;9482;37.568988;44.2846;GÜNGÖR MAH. KÜLTÜR SANAT CAD.;30;3;HAKKARÝ;YÜKSEKOVA;6.05.2025;Hayýr;;390;781;;;5814;;3894;3894
MAHABAD BLV DÝYARBAKIR M;DOÐU/G.DOÐU ANADOLU;1;MÝGROS;6;SELF SERVÝS M;9491;37.923554;40.148056;FIRAT MAH. MAHABAD BULV.;21;15;DÝYARBAKIR;KAYAPINAR;6.05.2025;Hayýr;;505;815;;;6823;;3895;3895
GAZÝLER DÝYARBAKIR M MÝGROS;DOÐU/G.DOÐU ANADOLU;1;MÝGROS;6;SELF SERVÝS M;9492;37.933225;40.156636;FIRAT MAH.;21;15;DÝYARBAKIR;KAYAPINAR;6.05.2025;Hayýr;;420;509;;;8321;14206;3896;3896
ÇAYBAÐLARI KAYSERÝ M MÝGROS;DOÐU AKDENÝZ;1;MÝGROS;6;SELF SERVÝS M;9456;38.693112;35.515611;ERENKÖY MAH. 1494.SOK.;38;2;KAYSERÝ;MELÝKGAZÝ;6.05.2025;Hayýr;;344;521;;;8121;10297;3897;3897
ÝLDEM CUMHURÝYET MH KAYSERÝ M;DOÐU AKDENÝZ;1;MÝGROS;6;SELF SERVÝS M;9473;38.789913;35.618212;ÝLDEM CUMHURÝYET MAH. TEKÝN SOK. NO:120/Z01;38;2;KAYSERÝ;MELÝKGAZÝ;6.05.2025;Hayýr;;409;850;;;5868;;3898;3898
ÝZZET PAÞA ELAZIÐ M MÝGROS;DOÐU/G.DOÐU ANADOLU;1;MÝGROS;6;SELF SERVÝS M;9493;38.676451;39.221446;ÝZZET PAÞA MAH. MÝMAR FARUK CAD.;23;0;ELAZIÐ;MERKEZ;6.05.2025;Hayýr;;467;1370;;;6810;;3899;3899
KAÞKARLI MAHMUT ELAZIÐ M;DOÐU/G.DOÐU ANADOLU;1;MÝGROS;6;SELF SERVÝS M;9496;38.671822;39.16883;CUMHURÝYET MAH. KAÞKARLI MAHMUT SOK.;23;0;ELAZIÐ;MERKEZ;6.05.2025;Hayýr;;434;601;;;8096;17231;3900;3900
MJET BEYPAZARI ANKARA;ÝÇ ANADOLU;230;MJET;9;M-JET;9501;40.167572;31.920933;KURTULUÞ MAH. ÝRFAN GÜMÜÞEL CAD.;6;12;ANKARA;BEYPAZARI;7.05.2025;Hayýr;;325;729;;;6466;;3901;3901
TUNA AVM KAYSERÝ M;DOÐU AKDENÝZ;1;MÝGROS;6;SELF SERVÝS M;9511;38.73315;35.515392;MÝMARSÝNAN MAH. BAÐIÞLI SOK.;38;1;KAYSERÝ;KOCASÝNAN;7.05.2025;Hayýr;;506;1378;;;7358;;3902;3902
KÖYCEÐÝZ MACROKIOSK;GÜNEY EGE;235;MACROKIOSK;243;MACROKIOSK;9194;36.9619072;28.6887344;Gülpinar Mah. Atatürk Blv. No:66 - 66/1;48;6;MUÐLA;KÖYCEÐÝZ;8.05.2025;Hayýr;;138;433;;;;23174;3903;3903
CUMHURÝYET MH ELAZIÐ M MÝGROS;DOÐU/G.DOÐU ANADOLU;1;MÝGROS;6;SELF SERVÝS M;9495;38.67057;39.159605;CUMHURÝYET MAH.SALÝM HAZARDAÐLI CAD.;23;0;ELAZIÐ;MERKEZ;8.05.2025;Hayýr;;642;999;;;6945;;3904;3904
KUM MH FÝNÝKE ANTALYA M MÝGROS;BATI AKDENÝZ;1;MÝGROS;6;SELF SERVÝS M;9086;36.3103649;30.1590177;Kum Mahallesi Þehit Turgut Burkay Korkmaz Bulvari;7;4;ANTALYA;FÝNÝKE;9.05.2025;Hayýr;;455;700;;;;22771;3905;3905
MION SAHÝL MARMARÝS MUÐLA;GÜNEY EGE;237;MION;247;MION;9319;36.8528973;28.2679742;KEMERALTI MAHALLESÝ ATATÜRK CADDESÝ NO:8C;48;7;MUÐLA;MARMARÝS;9.05.2025;Hayýr;;166;289;;;;23061;3906;3906
EVORA TUZLA ÝSTANBUL M;DOÐU MARMARA;1;MÝGROS;6;SELF SERVÝS M;9506;40.85934;29.298358;AYDINTEPE MAH. PRF.DR. NECMETTÝN ERBAKAN CAD.;34;24;ÝSTANBUL;TUZLA;9.05.2025;Hayýr;;300;595;;;5035;;3907;3907
HÝLALKENT MH ELAZIÐ M MÝGROS;DOÐU/G.DOÐU ANADOLU;1;MÝGROS;6;SELF SERVÝS M;9219;38.647169;39.132375;Hilalkent Mah. Malatya Cad. No:130b Merkez/Elazið;23;0;ELAZIÐ;MERKEZ;9.05.2025;Hayýr;;323;519;;;;23221;3908;3908
ATAÞEHÝR TRENDÝST MACROCENTER;DOÐU MARMARA;4;MACROCENTER;9;MACROCENTER;7103;;;;34;34;ÝSTANBUL;ATAÞEHÝR;9.02.2023;Hayýr;;0;0;;;;;3909;3909
HÝLLORÝA SERDÝVAN MACROKIOSK;GÜNEY MARMARA;235;MACROKIOSK;243;MACROKIOSK;9259;40.7731255;30.3653276;Hilloria Ýþ Ve Yaþam Merkezi Arabacialani Mah.;54;16;SAKARYA;SERDÝVAN;14.05.2025;Hayýr;;110;184;;;;23383;3910;3910
MARMARÝS MARÝNA MACROCENTER;GÜNEY EGE;4;MACROCENTER;9;MACROCENTER;9489;36.853156;28.278245;SARÝANA MAH. NETSEL MARÝNA ÝÇÝ;48;7;MUÐLA;MARMARÝS;15.05.2025;Hayýr;;287;372;;;1449;;3911;3911
ÇARÞI AKÇATEKÝR ADANA M MÝGROS;DOÐU AKDENÝZ;1;MÝGROS;6;SELF SERVÝS M;9290;37.33472;34.7997669;Akçatekir Mahallesi Toros Büyüktekir Caddesi;1;10;ADANA;POZANTI;15.05.2025;Hayýr;;452;1073;Evet;;;21894;3912;3912
ATATÜRK BLV TARSUS MERSÝN M;DOÐU AKDENÝZ;1;MÝGROS;5;SERVÝS REYONLU M;9261;36.9243986;34.8755423;Yeni Mahallesi Atatürk Bulvari A Blok;33;9;MERSÝN;TARSUS;15.05.2025;Hayýr;;410;607;;;;21674;3913;3913
MJET YENÝ MH KARATAÞ ADANA;DOÐU AKDENÝZ;230;MJET;9;M-JET;9334;36.590267;35.414192;Yeni Mahalle Hasan Arpak Sokak A1 Blok Kapi;1;8;ADANA;KARATAÞ;16.05.2025;Hayýr;;247;321;Evet;;;19625;3914;3914
BÝZÝM EVLER 10 ÝSTANBUL M;BATI MARMARA;1;MÝGROS;6;SELF SERVÝS M;9200;41.073335;28.719442;Tahtakale Mah. Ziya Gökalp Cad. Kapi No: 13/2a-2b;34;2;ÝSTANBUL;AVCILAR;23.05.2025;Hayýr;;305;472;;;;23134;3915;3915
ÖRCÜN YOLU CD GÖLCÜK KOCAELÝ M;DOÐU MARMARA;1;MÝGROS;6;SELF SERVÝS M;9095;40.7091221;29.7889189;Yukari Mah. Örcünyolu Caddesi A Blok Diþ Kapi No:;41;2;KOCAELÝ;GÖLCÜK;23.05.2025;Hayýr;;374;462;;;;22906;3916;3916
DELÝKLÝTAÞ ESKÝÞEHÝR M MÝGROS;ÝÇ ANADOLU;1;MÝGROS;6;SELF SERVÝS M;9534;39.767339;30.52437;DELÝKLÝTAÞ MAH. DR. HÝLMÝ SOK.;26;13;ESKÝÞEHÝR;ODUNPAZARI;21.05.2025;Hayýr;;437;715;;;6670;;3917;3917
BEKTAÞ CD ALANYA  ANTALYA M;BATI AKDENÝZ;1;MÝGROS;5;SERVÝS REYONLU M;9242;36.562777;32.007004;Bektaþ Mah. Bektaþ Cad.28/3- 28/B-C;7;2;ANTALYA;ALANYA;23.05.2025;Hayýr;;322;468;;;;23095;3918;3918
ÞÝNGAH MH BAYBURT M MÝGROS;KARADENÝZ/KUZEYD.AND;1;MÝGROS;6;SELF SERVÝS M;9262;40.267167;40.211391;Þingah Mahallesi Baðdat Caddesi Diþ Kapi No : 18;69;0;BAYBURT;MERKEZ;22.05.2025;Hayýr;;400;700;;;;23046;3919;3919
BOSTANLI MACROCENTER;KUZEY EGE;4;MACROCENTER;9;MACROCENTER;9471;38.457655;27.098122;BOSTANLI MAH. CEMAL GÜRSEL CAD.;35;7;ÝZMÝR;KARÞIYAKA;27.05.2025;Hayýr;;381;586;;;8666;;3920;3920
ADÝLCEVAZ BÝTLÝS M MÝGROS;DOÐU/G.DOÐU ANADOLU;1;MÝGROS;7;M ANADOLU;9310;38.800799;42.738407;Çayir Mah. Saðlik Sok.No:40a;13;1;BÝTLÝS;ADÝLCEVAZ;27.05.2025;Hayýr;;407;567;;;;23211;3921;3921
SANCAKTAR CD SANCAKTEPE ÝST MM;DOÐU MARMARA;1;MÝGROS;2;MM;8949;41.011495;29.248141;Safa Mahallesi Sancaktar Caddesi No:19-23EB;34;39;ÝSTANBUL;SANCAKTEPE;27.05.2025;Hayýr;;850;1246;;;;21519;3922;3922
MION ATATÜRK BL KÖYCEÐÝZ MUÐLA;GÜNEY EGE;237;MION;247;MION;9208;36.9601952;28.6886948;Gülpinar Mah. Atatürk Blv. No: 50a Köyceðiz Muðla;48;6;MUÐLA;KÖYCEÐÝZ;28.05.2025;Hayýr;;121;251;;;;23033;3923;3923
IRMAK PARK KASTAMONU M MÝGROS;ÝÇ ANADOLU;1;MÝGROS;6;SELF SERVÝS M;9089;41.42823;33.776036;Kuzeykent Mahallesi Kamil Demircioðlu Caddesi No:;37;0;KASTAMONU;MERKEZ;28.05.2025;Hayýr;;446;567;;;;22835;3924;3924
MJET CUMHURÝYET MH DÝDÝM AYDIN;GÜNEY EGE;230;MJET;9;M-JET;9550;37.375702;27.279627;CUMHURÝYET MH.19 MAYIS CD NO 33/A;9;4;AYDIN;DÝDÝM;28.05.2025;Hayýr;;317;620;;;7671;;3925;3925
MJET TRAPEZ ENEZ EDÝRNE;BATI MARMARA;230;MJET;9;M-JET;9316;40.6978369;26.0740165;Gaziömerbey Mah. Trapez Caddesi No:80/A;22;1;EDÝRNE;ENEZ;30.05.2025;Hayýr;;210;360;Evet;;;23140;3926;3926
ÇAN ÇANAKKALE M MÝGROS;GÜNEY MARMARA;1;MÝGROS;6;SELF SERVÝS M;9369;40.026627;27.047861;Cumhuriyet Mah.Mesut Hulki Önür Cad. No:33;17;5;ÇANAKKALE;ÇAN;30.05.2025;Hayýr;;450;1105;;;;16004;3927;3927
ÇORLU ÖNERLER MACROCENTER;BATI MARMARA;4;MACROCENTER;9;MACROCENTER;9058;41.14190645;27.87357099;ÖNERLER MAHALLESÝ ULUBATLI HASAN CADDESÝ;59;2;TEKÝRDAÐ;ÇORLU;28.05.2025;Hayýr;;586;850;;;;18065;3928;3928
ULUCAMÝ MH AKHÝSAR MANÝSA M;KUZEY EGE;1;MÝGROS;6;SELF SERVÝS M;9297;38.9318;27.83668;Ulucami Mh. 282 Sk. No:62/A-64/A;45;2;MANÝSA;AKHÝSAR;30.05.2025;Hayýr;;391;1137;;;;23429;3929;3929
ABDURRAHMAN CÝVAN HATAY M;DOÐU AKDENÝZ;1;MÝGROS;5;SERVÝS REYONLU M;9434;36.2649874;36.184619;Güzelburç Mahallesi E5 Karayolu Cd. No:178/E-F;31;12;HATAY;ANTAKYA;30.05.2025;Hayýr;;413;1088;;;;22731;3930;3930
YÜZBAÞIOÐLU CD ALANYA ANT M;BATI AKDENÝZ;1;MÝGROS;5;SERVÝS REYONLU M;9427;36.5425;32.0397;OBA MAH. 11050 SOK.;7;2;ANTALYA;ALANYA;30.05.2025;Hayýr;;362;574;;;;21987;3931;3931
ÇAÐLAYAN ANTALYA M MÝGROS;BATI AKDENÝZ;1;MÝGROS;6;SELF SERVÝS M;9549;36.858056;30.775;ÇAÐLAYAN MAH. BÜLENT ECEVÝT BULV.;7;19;ANTALYA;MURATPAÞA;29.05.2025;Hayýr;;377;738;;;5167;;3932;3932
BARBAROS ALANYA MACROKIOSK;BATI AKDENÝZ;235;MACROKIOSK;243;MACROKIOSK;9288;36.477374;32.108574;Mahmutlar Mah. Barbaros Cd. Çakir Recidence 187aa;7;2;ANTALYA;ALANYA;30.05.2025;Hayýr;;87;547;;;;23369;3933;3933
KEMER ANTALYA MACROCENTER;BATI AKDENÝZ;4;MACROCENTER;9;MACROCENTER;9248;36.5979;30.5526;Yeni Mahalle Akdeniz Caddesi A-B Blok No:26-28;7;10;ANTALYA;KEMER;29.05.2025;Hayýr;;552;1427;;;;23124;3934;3934
YEÞÝLYURT MH AFÞÝN K.MARAÞ M;DOÐU AKDENÝZ;1;MÝGROS;5;SERVÝS REYONLU M;9097;38.236454;36.937875;Efsusturan Mah. Afþinbey Cad. No:1aa-;46;1;KAHRAMANMARAÞ;AFÞÝN;29.05.2025;Hayýr;;466;593;;;;22849;3935;3935
MION CÝZRE PARK ÞIRNAK;DOÐU/G.DOÐU ANADOLU;237;MION;247;MION;9266;37.326264;42.214303;Cumhuriyet Mh. Silopi Blv. No:117bj;73;2;ÞIRNAK;CÝZRE;2.06.2025;Hayýr;;135;160;;;;23392;3936;3936
MION ÝSKELE DATÇA MUÐLA;GÜNEY EGE;237;MION;247;MION;9207;36.7277145;27.6862812;Ýskele Mah. Atatürk Cad. No: 10b  -;48;3;MUÐLA;DATÇA;3.06.2025;Hayýr;;173;535;;;;23070;3937;3937
RECEP PEKER ANTALYA MM MÝGROS;BATI AKDENÝZ;1;MÝGROS;2;MM;9548;36.885466;30.710201;HAÞÝM ÝÞCAN MH.RECEP PEKER CD.NO:10;7;19;ANTALYA;MURATPAÞA;4.06.2025;Hayýr;;652;1597;;;7241;;3938;3938
ANKARA CD KULU KONYA M MÝGROS;ÝÇ ANADOLU;1;MÝGROS;5;SERVÝS REYONLU M;9282;39.091557;33.072718;Yeni Mah. Ankara Cad. No:2125/A-B-C-E-F-G-H;42;25;KONYA;KULU;4.06.2025;Hayýr;;537;726;;;;22775;3939;3939
GÖYNÜK ANTALYA MM MÝGROS;BATI AKDENÝZ;1;MÝGROS;2;MM;9457;36.665988;30.550532;CUMHURÝYET MAH. ADNAN MENDERES;7;10;ANTALYA;KEMER;12.06.2025;Hayýr;;533;1074;;;3419;;3940;3940
EÐÝRDÝR SAHÝL ISPARTA M MÝGROS;BATI AKDENÝZ;1;MÝGROS;6;SELF SERVÝS M;9569;37.87881791;30.82412798;ÝSTASYON MAH.ÝSTASYON CAD.NO:14/3;32;3;ISPARTA;EÐÝRDÝR;13.06.2025;Hayýr;;262;325;;;4199;;3941;3941
MEHMET ÖZALP NAZÝLLÝ AYDIN M;GÜNEY EGE;1;MÝGROS;6;SELF SERVÝS M;9349;37.915029;28.301162;Zafer Mahallesi Mehmet Özalp Bulvari No:23/C-23/D;9;13;AYDIN;NAZÝLLÝ;13.06.2025;Hayýr;;401;747;;;;23480;3942;3942
CUMHURÝYET CD GÜMÜÞLÜK MUÐLA;GÜNEY EGE;1;MÝGROS;5;SERVÝS REYONLU M;9373;37.053533;27.255242;Gümüþlük Mh Cumhuriyet Cd No:68b Kp No:1-2-3-4;48;1;MUÐLA;BODRUM;13.06.2025;Hayýr;;618;802;;;;20214;3943;3943
DÖRTTEPE ÇEVREYOLU MUÐLA M;GÜNEY EGE;1;MÝGROS;6;SELF SERVÝS M;9320;37.181415;27.6107024;Dörttepe Mah. Güllük-Güvercinlik Arasi 3. Cad.;48;8;MUÐLA;MÝLAS;18.06.2025;Hayýr;;500;919;;;;23151;3944;3944
GOP VADÝ EVLERÝ ÝSTANBUL M;BATI MARMARA;1;MÝGROS;6;SELF SERVÝS M;9366;41.0637954;28.9175166;Baðlarbaþý  Mah.Ada Sokak D-1 Blok No:1;34;14;ÝSTANBUL;GAZÝOSMANPAÞA;18.06.2025;Hayýr;;278;351;;;;22448;3945;3945
MJET AKDENÝZ BLV ANTALYA;BATI AKDENÝZ;230;MJET;9;M-JET;9558;36.8724;30.6533;ARAPSUYU MAH. AKDENÝZ BULV.;7;18;ANTALYA;KONYAALTI;18.06.2025;Hayýr;;230;317;;;8874;21758;3946;3946
HALFETÝ ÞANLIURFA M MÝGROS;DOÐU/G.DOÐU ANADOLU;1;MÝGROS;7;M ANADOLU;9289;37.228497;37.947656;Siyahgül Mah. Hastane Caddesi No:15a-15b;63;5;ÞANLIURFA;HALFETÝ;18.06.2025;Hayýr;;249;482;;;;23414;3947;3947
PASPATUR FETHÝYE MACROCENTER S;GÜNEY EGE;4;MACROCENTER;236;MACROCENTER S;9211;36.6213785;29.1072458;Cumhuriyet Mah., Atatürk (Cmh) Cad.0 No: 4a;48;4;MUÐLA;FETHÝYE;19.06.2025;Hayýr;;232;535;;;;23053;3948;3948
GÖZTEPE TAZEDÝREKT;DOÐU MARMARA;4;MACROCENTER;236;MACROCENTER S;8847;40.974631;29.063782;Göztepe Mah. Tütüncü Mehmet Efendi Cd. No:38B;34;16;ÝSTANBUL;KADIKÖY;20.06.2025;Hayýr;;128;160;;;;21376;3949;3949
ÇILDIR MH MARMARÝS MUÐLA M;GÜNEY EGE;1;MÝGROS;5;SERVÝS REYONLU M;9257;36.8529891;28.2631467;Çýldýr Mh. Hasan Iþýk Cd. No:19-19a;48;7;MUÐLA;MARMARÝS;20.06.2025;Hayýr;;247;346;;;;23060;3950;3950
CUMHURÝYET MH. MURATPAÞA ANT M;BATI AKDENÝZ;1;MÝGROS;6;SELF SERVÝS M;9122;36.905268;30.696648;Cumhuriyet Mh. 662 Sk. Dýþ Kapý No:25 Ýç Kapý No:;7;19;ANTALYA;MURATPAÞA;20.06.2025;Hayýr;;294;379;;;;22939;3951;3951
MJET AZÝZÝYE MH EMÝRDAÐ AFYON;ÝÇ ANADOLU;230;MJET;9;M-JET;9409;39.031733;31.160179;Aziziye Mahallesi Eskiþehir Caddesi No:151/A-B;3;8;AFYONKARAHÝSAR;EMÝRDAÐ;20.06.2025;Hayýr;;315;489;;;;18162;3952;3952
YILDIZEVLER ANKARA M MÝGROS;ÝÇ ANADOLU;1;MÝGROS;6;SELF SERVÝS M;9567;39.878055;32.860833;YILDIZEVLER MAH. KISINEV CAD.;6;2;ANKARA;ÇANKAYA;24.06.2025;Hayýr;;358;463;;;4099;;3953;3953
TÜRKELÝ SÝNOP M MÝGROS;KARADENÝZ/KUZEYD.AND;1;MÝGROS;6;SELF SERVÝS M;9433;41.947485;34.342685;Gemiyani Mah. Þükrü Gürleyen Cad. No:21/1;57;8;SÝNOP;TÜRKELÝ;25.06.2025;Hayýr;;323;708;;;;22209;3954;3954
BULANIK MUÞ M MÝGROS;DOÐU/G.DOÐU ANADOLU;1;MÝGROS;7;M ANADOLU;9283;39.0929803;42.2761206;Zafer Mah. 621.Sok. No:22a;49;1;MUÞ;BULANIK;25.06.2025;Hayýr;;440;832;;;;23215;3955;3955
MJET MANYAS BALIKESÝR;GÜNEY MARMARA;230;MJET;9;M-JET;9234;40.0476369;27.9687198;Çarþi Mah. Ýnönü Cad. No:25/A;10;14;BALIKESÝR;MANYAS;26.06.2025;Hayýr;;224;513;;;;23257;3956;3956
ALTINOLUK MACROCENTER;KUZEY EGE;4;MACROCENTER;9;MACROCENTER;9533;39.568687;26.7413121;ALTINOLUK Mah. TEKÇAM Cad. No: 79;10;7;BALIKESÝR;EDREMÝT;25.06.2025;Hayýr;;770;1456;;;1158;;3957;3957
ATATÜRK CD AKÇAY BALIKESÝR M;KUZEY EGE;1;MÝGROS;6;SELF SERVÝS M;9458;39.5701998;26.9450089;ALTINKUM Mah. GAZÝ ATATÜRK Cad. No: 135;10;7;BALIKESÝR;EDREMÝT;27.06.2025;Hayýr;;407;503;;;;22388;3958;3958
MJET KUVAÝ MÝLLÝYE BALIKESÝR;GÜNEY MARMARA;230;MJET;9;M-JET;9355;39.6607546;27.8529066;Kuvai Milliye Mh. 18 Mayýs Cd. No:2a-2b;10;20;BALIKESÝR;KARESÝ;27.06.2025;Hayýr;;337;431;;;;12975;3959;3959
KIRÇÝÇEÐÝ CD KEPEZ ANTALYA M;BATI AKDENÝZ;1;MÝGROS;6;SELF SERVÝS M;9123;36.9419;30.7412;Baraj Mahallesi Kirçiçeði Cad.No:80/A;7;17;ANTALYA;KEPEZ;27.06.2025;Hayýr;;396;777;;;;21626;3960;3960
MJET ATATÜRK CD SANCAKTEPE ÝST;DOÐU MARMARA;230;MJET;9;M-JET;9224;41.00731;29.246362;MERVE MH. ATATÜRK CD. NO: 232 A-B;34;39;ÝSTANBUL;SANCAKTEPE;27.06.2025;Hayýr;;277;474;;;;23065;3961;3961
EVKA 3 BORNOVA ÝZM MACROCENTER;KUZEY EGE;4;MACROCENTER;9;MACROCENTER;9461;38.46556;27.24335;Evka-3 Mahallesi Cengizhan Caddesi  No:12a;35;2;ÝZMÝR;BORNOVA;3.07.2025;Hayýr;;554;743;;;;23013;3962;3962
GÖLKÖY BODRUM MUÐLA M MÝGROS;GÜNEY EGE;1;MÝGROS;6;SELF SERVÝS M;9299;37.1199477;27.3843652;Gölköy Mah., Hürriyet (Gölköy) Cad. No:125  Ýç;48;1;MUÐLA;BODRUM;30.06.2025;Hayýr;;275;420;;;;23171;3963;3963
BELPINAR KEMER ANTALYA M;BATI AKDENÝZ;1;MÝGROS;6;SELF SERVÝS M;9459;36.7376527;30.5634593;Beldibi Mahallesi Baþkomutan Atatürk Cad. No:44/A;7;10;ANTALYA;KEMER;30.06.2025;Hayýr;;405;520;;;;22569;3964;3964
ATAKUM MACROCENTER;KARADENÝZ/KUZEYD.AND;4;MACROCENTER;9;MACROCENTER;9544;41.33408047;36.28143928;MÝMARSÝNAN MAH. ATATÜRK BULV.;55;15;SAMSUN;ATAKUM;1.07.2025;Hayýr;;537;919;;;7194;;3965;3965
ÖNERLER MH ÇORLU TEKÝRDAÐ M;BATI MARMARA;1;MÝGROS;6;SELF SERVÝS M;9606;41.1574709;27.8781707;ÖNERLER MAH. ÇAMLIBEL CAD.;59;2;TEKÝRDAÐ;ÇORLU;2.07.2025;Hayýr;;290;397;;;8342;18069;3966;3966
DALYAN ÇEÞME MACROCENTER;KUZEY EGE;4;MACROCENTER;9;MACROCENTER;9370;38.34017;26.30351;Dalyan Mh. 4005 Sk. No:1 Uavt;35;14;ÝZMÝR;ÇEÞME;3.07.2025;Hayýr;;395;860;;;;20131;3967;3967
YUSUF KILIÇ MH MERSÝN M MÝGROS;DOÐU AKDENÝZ;1;MÝGROS;5;SERVÝS REYONLU M;9484;36.8241854;34.6029835;Yusuf Kiliç Mh. 217 Cadde No:65/A;33;12;MERSÝN;TOROSLAR;4.07.2025;Hayýr;;467;575;;;;23643;3968;3968
MJET MACUN MH AKSU ANTALYA;BATI AKDENÝZ;230;MJET;9;M-JET;9213;36.9561;30.84328;MACUN MAH. 2026 SOK.;7;15;ANTALYA;AKSU;11.07.2025;Hayýr;;298;435;;;8436;16470;3969;3969
ÞENOL GÜNEÞ BLV ÝSTANBUL MMM;DOÐU MARMARA;1;MÝGROS;3;MMM;8762;40.999867;29.1306;Tatlýsu Mah. Esenli Sok. DEKON SENKRON 46/A-B-C-D;34;25;ÝSTANBUL;ÜMRANÝYE;22.08.2025;Hayýr;;1476;2047;;3;;20281;3970;3970
EVLÝYA ÇELEBÝ KÜTAHYA MM;GÜNEY MARMARA;1;MÝGROS;2;MM;9358;39.4287;29.95571;Evliya Çelebi Mah. Ali Candan Cad. D Blok No:8 E;43;0;KÜTAHYA;MERKEZ;10.07.2025;Hayýr;;837;1269;;;;20086;3971;3971
HAMÝTABAT MH ÇÝNE AYDIN M;GÜNEY EGE;1;MÝGROS;7;M ANADOLU;9374;37.613955;28.063863;Hamitabat Mh. 200. Sk. 20A/20B UAVT;9;3;AYDIN;ÇÝNE;10.07.2025;Hayýr;;330;441;;;;22191;3972;3972
ÇEKMECE CD DEFNE HATAY M;DOÐU AKDENÝZ;1;MÝGROS;6;SELF SERVÝS M;9552;36.208483;36.1247757;ÇEKMECE MAHALLESÝ ÇEKMECE CADDESÝ ZEYNEP APT.;31;14;HATAY;DEFNE;11.07.2025;Hayýr;;404;834;;;;23566;3973;3973
SÝTELER BAYRAKLI ÝZMÝR M;KUZEY EGE;1;MÝGROS;5;SERVÝS REYONLU M;9368;38.490456;27.13577;Onur Mh. 7381/1 Sk. No:12;35;29;ÝZMÝR;BAYRAKLI;18.07.2025;Hayýr;;444;615;;;;21776;3974;3974
MION ORTABAHÇE BEÞÝKTAÞ ÝST;BATI MARMARA;237;MION;247;MION;9325;41.042954;29.0042611;SÝNANPAÞA MH ÞAÝR LEYLA SOKAK NO:8;34;7;ÝSTANBUL;BEÞÝKTAÞ;18.07.2025;Hayýr;;215;250;;;;23516;3975;3975
MJET SÝGORTA ÇORUM;ÝÇ ANADOLU;230;MJET;9;M-JET;9622;40.5378;34.9531;GÜLABÝBEY MAH. CEMÝLBEY CAD.;19;0;ÇORUM;MERKEZ;22.07.2025;Hayýr;;325;507;;;4320;;3976;3976
PETÝMO GÖZTEPE KADIKÖY ÝST;DOÐU MARMARA;238;PETÝMO;252;PETÝMO;9102;40.971722;29.061253;Çiftehavuzlar 8A Tütüncü Mehmet Efendi Cd;34;16;ÝSTANBUL;KADIKÖY;22.07.2025;Hayýr;;132;176;;;;21728;3977;3977
CENTRO BEYLÝKDÜZÜ MACROKIOSK;BATI MARMARA;235;MACROKIOSK;243;MACROKIOSK;9101;41.014347;28.626067;Adnan Kahveci Mah. Alemdað Cad. No:2/3/39;34;36;ÝSTANBUL;BEYLÝKDÜZÜ;22.07.2025;Hayýr;;73;108;;;;22955;3978;3978
ACIBADEM CD NÝÞANTAÞI ÝST M;DOÐU MARMARA;1;MÝGROS;6;SELF SERVÝS M;9099;41.014003;29.054865;Acýbadem Mah. Acýbadem Cad. 187A;34;26;ÝSTANBUL;ÜSKÜDAR;25.07.2025;Hayýr;;260;320;;;;20793;3979;3979
REFERANS EVLERÝ B.DÜZÜ ÝST M;BATI MARMARA;1;MÝGROS;6;SELF SERVÝS M;9367;40.983721;28.664627;KAVAKLI MAH. KOCATEPE CD. NO:25E/106;34;36;ÝSTANBUL;BEYLÝKDÜZÜ;25.07.2025;Hayýr;;387;650;;;;22735;3980;3980
KENT2 ULUKENT ÝZMÝR M MÝGROS;KUZEY EGE;1;MÝGROS;6;SELF SERVÝS M;9337;38.5582398;27.0447115;30 AÐUSTOS MAHALLESÝ 7117 SOKAK NO:;35;22;ÝZMÝR;MENEMEN;25.07.2025;Hayýr;;467;777;;;;20197;3981;3981
MJET ALTINOVA SÝNAN MH ANTALYA;BATI AKDENÝZ;230;MJET;9;M-JET;9615;36.931266;30.783663;ALTINOVA SÝNAN MAH. YUNUS EMRE 1 SOK.;7;17;ANTALYA;KEPEZ;25.07.2025;Hayýr;;249;490;;;7427;;3982;3982
ÝSTANBUL CD YALOVA M;GÜNEY MARMARA;1;MÝGROS;6;SELF SERVÝS M;9475;40.65571844;29.27319113;FEVZÝ ÇAKMAK MAH. ÝSTANBUL CAD.;77;0;YALOVA;MERKEZ;25.07.2025;Hayýr;;259;400;;;;23645;3983;3983
KÖPRÜBAÞI ELBÝSTAN K.MARAÞ M;DOÐU AKDENÝZ;1;MÝGROS;5;SERVÝS REYONLU M;9229;38.206438;37.177712;KÖPRÜBAÞI MH. MUHSÝN YAZICIOÐLU BLV. NO:10A;46;5;KAHRAMANMARAÞ;ELBÝSTAN;24.07.2025;Hayýr;;464;612;;;;23274;3984;3984
SÝLVAN DÝYARBAKIR M MÝGROS;DOÐU/G.DOÐU ANADOLU;1;MÝGROS;6;SELF SERVÝS M;9621;38.148553;41.003492;KALE MAH. DÝYARBAKIR CAD.;21;13;DÝYARBAKIR;SÝLVAN;25.07.2025;Hayýr;;669;739;;;6802;;3985;3985
ÝSKELE MH BURHANÝYE B.KESÝR M;KUZEY EGE;1;MÝGROS;6;SELF SERVÝS M;9464;39.4779009;26.9175817;ÝSKELE MAHALLESÝ KABAAÐAÇ CADDESÝ NO:52;10;5;BALIKESÝR;BURHANÝYE;25.07.2025;Hayýr;;344;694;;;;23345;3986;3986
ALTINOVA SAHÝL AYVALIK MM;KUZEY EGE;1;MÝGROS;2;MM;9531;39.213358;26.74525;ALTINOVA Mah. ANAFARTALAR ÝSKELE Cad. MÝGROS Apt;10;1;BALIKESÝR;AYVALIK;25.07.2025;Hayýr;;748;1290;;;;23704;3987;3987
ÝSABEYLÝ MH NAZÝLLÝ AYDIN M;GÜNEY EGE;1;MÝGROS;6;SELF SERVÝS M;9212;37.903138;28.263925;ÝSABEYLÝ MAH. ATATÜRK(ÝSABEYLÝ) NO:74-74A;9;13;AYDIN;NAZÝLLÝ;28.07.2025;Hayýr;;291;496;;;;21469;3988;3988
UNIQUE ÜMÝTKÖY MACROCENTER S;ÝÇ ANADOLU;4;MACROCENTER;236;MACROCENTER S;9372;39.901574;32.707726;Ümit Mahallesi Doðan Taþdelen Bulvarý No: 18a;6;2;ANKARA;ÇANKAYA;28.07.2025;Hayýr;;227;397;;;;22357;3989;3989
ÝSMETPAÞA BULANCAK GÝRESUN M;KARADENÝZ/KUZEYD.AND;1;MÝGROS;6;SELF SERVÝS M;9323;40.940201;38.240275;Ýsmetpaþa Mahallesi Ahmet Fatoðlu caddesi No : 9A;28;2;GÝRESUN;BULANCAK;29.07.2025;Hayýr;;430;569;;;;23485;3990;3990
SASALI ÝZMÝR MACROCENTER;KUZEY EGE;4;MACROCENTER;9;MACROCENTER;9442;38.492939;26.961024;Sasalý Merkez Mh. Gazi Çiçek Cad. No: 2 HE;35;4;ÝZMÝR;ÇÝÐLÝ;31.07.2025;Hayýr;;622;1170;;;;20844;3991;3991
KADRÝYE MH SERÝK ANTALYA MM;BATI AKDENÝZ;1;MÝGROS;2;MM;9431;36.8816;31.0049;KADRÝYE MAH.ATATÜRK 3 CADDESÝ NO:22A;7;14;ANTALYA;SERÝK;30.07.2025;Hayýr;;682;952;;;;21484;3992;3992
ARSUZ ULUÇINAR HATAY M;DOÐUAKDENZ/GÜNEYDOÐU;;;;SELF SERVÝS M;7722;36.409136;35.890571;Uluçýnar Mah Yýldýzlar Cad. B-C Blok No:31/1-A;31;13;HATAY;ARSUZ;1.01.2027;;;493;996;;;6527;;3993;3993
SEMBOL ÇARÞI HARAMÝDERE ÝST M;BATI MARMARA;1;MÝGROS;6;SELF SERVÝS M;9646;41.01613496;28.6808376;SEMBOL KONUTLARI ZAFER MH.HARAMÝDERE CAD.;34;38;ÝSTANBUL;ESENYURT;1.08.2025;Hayýr;;434;1349;;;5075;;3994;3994
MÜREFTE ÞARKÖY TEKÝRDAÐ M;BATI MARMARA;;;;SELF SERVÝS M;9539;40.668949;27.246142;Yenimahalle Kurtuluþ Cd No: 110 Mürefte;59;8;TEKÝRDAÐ;ÞARKÖY;23.05.2026;Hayýr;;340;361;;51;3738;;3995;3995
RAUF DENKTAÞ MURATPAÞA ANT M;BATI AKDENÝZ;1;MÝGROS;6;SELF SERVÝS M;9631;36.861881;30.795422;GÜZELOBA MAH. RAUF DENKTAÞ CAD.;7;19;ANTALYA;MURATPAÞA;5.08.2025;Hayýr;;446;1314;;;6669;10498;3996;3996
GÜNEÞLÝ PARK ÝSTANBUL M MÝGROS;BATI MARMARA;1;MÝGROS;6;SELF SERVÝS M;9543;41.031764;28.822567;KOÇMAN CD NO 10/1 E BLOK;34;3;ÝSTANBUL;BAÐCILAR;20.01.2026;Hayýr;;505;1280;;;3837;;3997;3997
GOLD CÝTY ALANYA ANTALYA M;BATI AKDENÝZ;1;MÝGROS;6;SELF SERVÝS M;9474;36.4783;32.1342;KARGICAK MH. FATÝH CD. NO65 ÝÇ KAPI NO 1-2-3;7;2;ANTALYA;ALANYA;31.07.2025;Hayýr;;263;313;;;;22773;3998;3998
MJET KUYUM MODEL ÝKÝTELLÝ ÝST;BATI MARMARA;230;MJET;9;M-JET;9329;41.08861;28.801688;ÝKÝTELLÝ OSB MH. ATATÜRK BULVARI DIÞ KAPI NO: 114;34;35;ÝSTANBUL;BAÞAKÞEHÝR;31.07.2025;Hayýr;;211;282;;;;23341;3999;3999
MJET YAMANLAR ÝZMÝR PO;KUZEY EGE;230;MJET;255;MJET-ÝSTASYON;9591;38.47455;27.13077;YAMANLAR MAH. KUBÝLAY CAD.;35;29;ÝZMÝR;BAYRAKLI;31.07.2025;Hayýr;;147;181;;;;23835;4000;4000
CUBES ANKARA MM MÝGROS;ÝÇ ANADOLU;1;MÝGROS;2;MM;9238;39.905676;32.803651;Çukurambar Mahallesi 1424. Cadde No: 6/2-18;6;2;ANKARA;ÇANKAYA;31.07.2025;Hayýr;;974;1470;;;;21956;4001;4001
ÇÜNÜR MH MERKEZ ISPARTA M;BATI AKDENÝZ;1;MÝGROS;6;SELF SERVÝS M;9673;37.81885;30.542715;ÇÜNÜR MAH.5471 SK.NO:1A/1;32;0;ISPARTA;MERKEZ;14.08.2025;Hayýr;;460;571;;;7357;12508;4002;4002
ÝSKENDERUN ÇARÞI MJET;DOÐUAKDENZ/GÜNEYDOÐU;1;MÝGROS;9;M-JET;4462;;;;31;6;HATAY;ÝSKENDERUN;;;;;;;;;;4003;4003
KAÞMÝR ERYAMAN MACROCENTER S;ÝÇ ANADOLU;4;MACROCENTER;236;MACROCENTER S;9487;39.990897;32.642446;Göksu Mahallesi 5352. Cadde No: 1F-5;6;3;ANKARA;ETÝMESGUT;5.08.2025;Hayýr;;185;271;;;;23500;4004;4004
YAÞAM VADÝSÝ BEYLÝKDÜZÜ ÝST M;BATI MARMARA;1;MÝGROS;6;SELF SERVÝS M;9686;41.009081;28.633469;ADNAN KAHVECÝ MAH. ERGUN SOK.;34;36;ÝSTANBUL;BEYLÝKDÜZÜ;25.09.2025;Hayýr;;481;1150;;;7425;13069;4005;4005
ALTINTAÞ MH AKSU ANTALYA M;BATI AKDENÝZ;1;MÝGROS;6;SELF SERVÝS M;9687;36.903694;30.817303;Altýntaþ Mah Kardeþ Kentler Cad No: 119A-119B;7;15;ANTALYA;AKSU;28.08.2025;Hayýr;;343;756;;;8165;17323;4006;4006
GÜZELBAHÇE MACROKIOSK;KUZEY EGE;235;MACROKIOSK;243;MACROKIOSK;9614;38.363159;26.883351;Çelebi Mh. 488 Sk. No:126A;35;6;ÝZMÝR;GÜZELBAHÇE;6.08.2025;Hayýr;;135;203;;;;23988;4007;4007
MJET AYPA KEÇÝBORLU ISPARTA PO;BATI AKDENÝZ;230;MJET;255;MJET-ÝSTASYON;9607;37.90989455;30.3121437;KÜKÜRT MH. 110 SK. NO:4;32;6;ISPARTA;KEÇÝBORLU;6.08.2025;Hayýr;;80;128;;;;23823;4008;4008
PAZARSUYU BULANCAK GÝRESUN M;KARADENÝZ/KUZEYD.AND;1;MÝGROS;6;SELF SERVÝS M;9322;40.93428;38.181902;Güzelyalý Mah. Güzelyalý Cad. Dýþ Kapý No:114-114A;28;2;GÝRESUN;BULANCAK;15.08.2025;Hayýr;;500;788;;;;23375;4009;4009
ÜNÝVERSÝTE KARS M MÝGROS;KARADENÝZ/KUZEYD.AND;1;MÝGROS;5;SERVÝS REYONLU M;9339;40.586333;43.078422;ÞEHÝTLER MAH. AHMET ARSLAN CAD. NO: 45C ;36;0;KARS;MERKEZ;14.08.2025;Hayýr;;367;689;;;;23536;4010;4010
TORBALI ÝZMÝR MM MÝGROS;GÜNEY EGE;1;MÝGROS;2;MM;9195;38.172396;27.356132;TORBALI MAH. 5012 SOKAK NO: 2/4A;35;27;ÝZMÝR;TORBALI;15.08.2025;Hayýr;;675;1233;;;;22676;4011;4011
MION EBUZÝYA CD BAKIRKÖY ÝST;BATI MARMARA;237;MION;247;MION;9298;40.9779253;28.8745348;ZEYTÝNLÝK MAH. EBUZÝYA CAD.  NO:14/A;34;5;ÝSTANBUL;BAKIRKÖY;15.08.2025;Hayýr;;155;184;;;;23054;4012;4012
HÜSEYÝN AVNÝ ULAÞ MH ERZURUM M;KARADENÝZ/KUZEYD.AND;1;MÝGROS;5;SERVÝS REYONLU M;9364;39.871892;41.2360704;Hüseyin Avni Ulaþ Mh. Þehit Polis Abdulkadir;25;20;ERZURUM;PALANDÖKEN;15.08.2025;Hayýr;;559;788;;;;22772;4013;4013
GÜRSU ATATÜRK CD BURSA M;GÜNEY MARMARA;1;MÝGROS;7;M ANADOLU;9236;40.2092412;29.1902519;Kurtuluþ Mahallesi Atatürk Caddesi No:135A ? 135B;16;6;BURSA;GÜRSU;15.08.2025;Hayýr;;484;678;;;;23256;4014;4014
YAÞAMKENT MACROCENTER S;ÝÇ ANADOLU;4;MACROCENTER;236;MACROCENTER S;9356;39.860158;32.63604;Yaþamkent Mahallesi 3263. Cadde No:13-1;6;2;ANKARA;ÇANKAYA;20.08.2025;Hayýr;;202;470;;;;22375;4015;4015
ÇAMKÖY FETHÝYE MUÐLA M MÝGROS;GÜNEY EGE;1;MÝGROS;6;SELF SERVÝS M;9243;36.6527845;29.1785625; ÇAMKÖY MAHALLESÝ ALPARSLAN TÜRKEÞ CADDESÝ;48;4;MUÐLA;FETHÝYE;21.08.2025;Hayýr;;340;695;;;;22732;4016;4016
OMURTAK CD ÇORLU TEKÝRDAÐ MM;BATI MARMARA;1;MÝGROS;2;MM;9498;41.1548156;27.8224593;KAZÝMÝYE MAH.SALÝH OMURTAK CAD NO58C;59;2;TEKÝRDAÐ;ÇORLU;21.08.2025;Hayýr;;739;1139;;;;23727;4017;4017
ORTA MH P.HÝSAR KIRKLARELÝ M;BATI MARMARA;1;MÝGROS;6;SELF SERVÝS M;9189;41.6216736;27.5217307;Orta Mah. Salih Bilinmez Cad. No:66-66/C;39;6;KIRKLARELÝ;PINARHÝSAR;21.08.2025;Hayýr;;382;608;;;;22734;4018;4018
ARAÞTIRMA HASTANESÝ D.BAKIR M;DOÐU/G.DOÐU ANADOLU;1;MÝGROS;6;SELF SERVÝS M;9414;37.984107;40.138965;TALAYTEPE MAH. NECMETTÝN ERBAKAN;21;15;DÝYARBAKIR;KAYAPINAR;21.08.2025;Hayýr;;445;633;;;;14208;4019;4019
EREÐLÝ KARAMÜRSEL KOCAELÝ M;DOÐU MARMARA;1;MÝGROS;6;SELF SERVÝS M;9537;40.6993375;29.6566595;EREÐLÝ MAHALLESÝ BARBAROS HAYRETTÝN BULVARI 224A;41;4;KOCAELÝ;KARAMÜRSEL;22.08.2025;Hayýr;;489;984;;;;23789;4020;4020
ÇEVREYOLU ORDU M MÝGROS;KARADENÝZ/KUZEYD.AND;1;MÝGROS;5;SERVÝS REYONLU M;9428;40.9718859;37.9155471;KARÞIYAKA MAH. ÞEHÝT YALÇIN YAMANER CAD. NO : 85;52;19;ORDU;ALTINORDU;22.08.2025;Hayýr;;416;826;;;;21867;4021;4021
MJET BURSA ATAEVLER BARIÞ MAH;DOÐU MARMARA;230;MJET;9;M-JET;6394;;;;16;1;BURSA;NÝLÜFER;;;;;;;;;;4022;4022
MJET CUMHURÝYET MAH. BURSA;DOÐU MARMARA;230;MJET;9;M-JET;5294;;;;16;1;BURSA;NÝLÜFER;;;;;;;;;;4023;4023
YENÝ MH SERÝK ANTALYA MM;BATI AKDENÝZ;1;MÝGROS;2;MM;9287;36.9149;31.1059;SERÝK MH. SADIKOÐLU CD. NO:6;7;14;ANTALYA;SERÝK;28.08.2025;Hayýr;;894;1424;;;;23371;4024;4024
MJET ÞÜKRÜ KÜÇÜK CD AYDIN;GÜNEY EGE;230;MJET;9;M-JET;9389;37.849908;27.268694;Ýkiçeþmelik Mah. Þükrü Kücük Caddesi No:13/D-13/E;9;11;AYDIN;KUÞADASI;27.08.2025;Hayýr;;282;345;;;;21527;4025;4025
ATAKÖY SUÝT MACROCENTER;BATI MARMARA;4;MACROCENTER;9;MACROCENTER;9547;40.985016;28.847372;Ataköy Mah.Açýkdeniz Sok.No:2/1 F;34;5;ÝSTANBUL;BAKIRKÖY;8.10.2025;Hayýr;;431;528;;;5646;;4026;4026
MJET ÇOLAKLI MANAVGAT ANTALYA;BATI AKDENÝZ;230;MJET;9;M-JET;9331;36.8352;31.3208;Çolaklý Mahallesi Antalya Caddesi No:2;7;13;ANTALYA;MANAVGAT;29.08.2025;Hayýr;;193;284;;;;21097;4027;4027
PROTOKOL YOLU ELAZIÐ M MÝGROS;DOÐU/G.DOÐU ANADOLU;1;MÝGROS;5;SERVÝS REYONLU M;9690;38.65388;39.192966;ATAÞEHÝR MH. ÝMAM EFENDÝ BLV. NO:32AA-32AB-32BA;23;0;ELAZIÐ;MERKEZ;29.08.2025;Hayýr;;443;666;;;;22494;4028;4028
MENTEÞE MUÐLA MACROCENTER;GÜNEY EGE;4;MACROCENTER;9;MACROCENTER;9201;37.1967757;28.3688641;Emirbeyazýt mh. 28. sok. dýþ kapý no:4A;48;12;MUÐLA;MENTEÞE;29.08.2025;Hayýr;;563;1002;;;;20514;4029;4029
GÖÇERLER MH KEPEZ ANTALYA MM;BATI AKDENÝZ;1;MÝGROS;2;MM;9267;36.9421;30.6605;Göçerler Mh. Þehit Üstteðmen Gökhan Korkut Cad.;7;17;ANTALYA;KEPEZ;29.08.2025;Hayýr;;668;1134;;;;23330;4030;4030
MION VÝALAND EYÜPSULTAN ÝST;BATI MARMARA;237;MION;247;MION;9104;41.0750311;28.9234588;YEÞÝLPINAR MH. ÞEHÝT METÝN KAYA SOKAK.VÝALAND;34;12;ÝSTANBUL;EYÜPSULTAN;2.09.2025;Hayýr;;131;158;;;;22658;4031;4031
AYANOÐLU MH ANTALYA MM MÝGROS;BATI AKDENÝZ;1;MÝGROS;2;MM;9346;36.971;30.7145;AYANOÐLU MAH. SÜLEYMAN DEMÝREL BULV.;7;17;ANTALYA;KEPEZ;5.09.2025;Hayýr;;800;2264;;;;22326;4032;4032
MJET ADANA ÇUKUROVA KURTTEPE;DOÐUAKDENZ/GÜNEYDOÐU;230;MJET;9;M-JET;7285;;;;1;15;ADANA;ÇUKUROVA;;;;;;;;;;4033;4033
YELKÝ GÜZELBAHÇE MACROKIOSK;KUZEY EGE;235;MACROKIOSK;243;MACROKIOSK;9644;38.3427015;26.8657301;YELKÝ MAH. ÝNÖNÜ CAD. NO: 26A -;35;6;ÝZMÝR;GÜZELBAHÇE;9.09.2025;Hayýr;;102;171;;;;24162;4034;4034
NÝDAKULE KUZEY ÝST MÝGROS 7/24;DOÐU MARMARA;230;MJET;253;MÝGROS KANTÝN;9724;29.09834872;40.99995687;Barbaros Mah. Begonya Sk.No:3, 34746;34;34;ÝSTANBUL;ATAÞEHÝR;11.09.2025;Hayýr;;5;3;;;;;4036;4036
MJET ELEÞKÝRT AÐRI;KARADENÝZ/KUZEYD.AND;230;MJET;9;M-JET;9655;39.796771;42.677386;Müftüselim Mahallesi Yunus Emre Caddesi Dýþ Kapý;4;3;AÐRI;ELEÞKÝRT;12.09.2025;Hayýr;;235;563;;;;24075;4037;4037
TOKÝ BURDUR MM MÝGROS;BATI AKDENÝZ;1;MÝGROS;2;MM;9426;37.734781;30.304091;AYDINLIKEVLER MAH. SEYRAN SOK. DIÞ KAPI NO:2;15;0;BURDUR;MERKEZ;12.09.2025;Hayýr;;577;1049;;;;21136;4038;4038
RIZA ANTER CD BODRUM MUÐLA M;GÜNEY EGE;1;MÝGROS;5;SERVÝS REYONLU M;9613;37.06838;27.46329;Torba Mh. Rýza Anter Cd., No: 24A - 26A;48;1;MUÐLA;BODRUM;12.09.2025;Hayýr;;345;692;;;;24165;4039;4039
KARANFÝL SK KIZILAY ANKARA M;ÝÇ ANADOLU;1;MÝGROS;6;SELF SERVÝS M;9293;39.92047;32.85505;Meþrutiyet Mahallesi Karanfil Sokak No: 2E-1;6;2;ANKARA;ÇANKAYA;12.09.2025;Hayýr;;503;1330;;;;21651;4040;4040
MJET GÜMÜÞPALA MH AVCILAR ÝST;BATI MARMARA;230;MJET;9;M-JET;9535;40.982506;28.733183;GÜMÜÞPALA MAH. MUTLU SOK. KAPI NO : 27A-B;34;2;ÝSTANBUL;AVCILAR;12.09.2025;Hayýr;;200;251;;;;23801;4041;4041
17. CADDE YENÝÞEHÝR MERSÝN M;DOÐU AKDENÝZ;1;MÝGROS;6;SELF SERVÝS M;9466;36.8065957;34.5637939;DENÝZ MAHALLESÝ 17. CADDE C BLOK NO:60/C-D;33;13;MERSÝN;YENÝÞEHÝR;18.09.2025;Hayýr;;424;566;;;;23535;4042;4042
PÝESTA PARK AVM BÝNGÖL M;DOÐU/G.DOÐU ANADOLU;1;MÝGROS;6;SELF SERVÝS M;9563;38.8842196;40.4980624;YENÝÞEHÝR MAH. GENÇ CAD.A BLOK NO:13;12;0;BÝNGÖL;MERKEZ;18.09.2025;Hayýr;;525;733;;;;23888;4043;4043
MJET YAPI HOME ERENLER SAKARYA;GÜNEY MARMARA;230;MJET;9;M-JET;9737;40.75931455;30.40364669;YENÝ MAHALLE SAKARYA CADDESÝ;54;15;SAKARYA;ERENLER;23.09.2025;Hayýr;;340;451;;;7983;;4044;4044
MJET ORHAN DENGÝZ BLV UÞAK PO;KUZEY EGE;230;MJET;255;MJET-ÝSTASYON;9641;38.64805124;29.40035084;CUMHURÝYET MAH. ORHAN DENGÝZ BULV.;64;0;UÞAK;MERKEZ;26.09.2025;Hayýr;;77;82;;;;24273;4045;4045
YENÝMAHALLE HENDEK SAKARYA MM;GÜNEY MARMARA;1;MÝGROS;2;MM;8588;40.7864223;30.7302979;Yeni Mahalle Yildirim Beyazit Caddesi Diþ Kapi;54;5;SAKARYA;HENDEK;26.09.2025;Hayýr;;849;1192;;3;;16391;4046;4046
KOCASÝNAN CD ATAÞEHÝR ÝST MM;DOÐU MARMARA;1;MÝGROS;2;MM;9079;40.98054;29.127571;Kocasinan Caddesi 45CF B BLOK 41/42/43/44/46;34;34;ÝSTANBUL;ATAÞEHÝR;26.09.2025;Hayýr;;780;1607;;;;22310;4047;4047
MJET KARAGÖZ CD BURSA;GÜNEY MARMARA;230;MJET;9;M-JET;9235;40.2046358;29.0257258;KÜKÜRTLÜ MAH. KARAGÖZ CAD. NO:7 A-B-C;16;2;BURSA;OSMANGAZÝ;30.09.2025;Hayýr;;150;225;;;;23265;4048;4048
ASTORÝA ÝSTANBUL M MÝGROS;BATI MARMARA;1;MÝGROS;6;SELF SERVÝS M;9756;41.068865;29.005703;Esentepe, Büyükdere Cd. No:127;34;23;ÝSTANBUL;ÞÝÞLÝ;24.12.2025;Hayýr;;510;1100;;;2504;;4049;4049
BRAND ATAKENT MACROCENTER;BATI MARMARA;4;MACROCENTER;9;MACROCENTER;9348;41.02338;28.79146;ÝNÖNÜ MH. HALKALI CAD. NO:210 /1B;34;19;ÝSTANBUL;KÜÇÜKÇEKMECE;30.09.2025;Hayýr;;426;669;;;;18866;4050;4050
MJET ÞEYH EDABALÝ ÜNÝ BÝLECÝK;GÜNEY MARMARA;230;MJET;9;M-JET;9598;40.1908463;29.9690566;PELÝTÖZÜ MAH. FATÝH SULTAN MEHMET BULVARI;11;0;BÝLECÝK;MERKEZ;1.10.2025;Hayýr;;130;164;;;;24014;4051;4051
SAKARYA MH DEMÝRTAÞ BURSA MM;GÜNEY MARMARA;1;MÝGROS;2;MM;8761;40.275265;29.086014;Demirtaþ Sakarya Mah. Hastane Cad.;16;2;BURSA;OSMANGAZÝ;30.09.2025;Hayýr;;651;799;;;;21065;4052;4052
MJET KINIK MH KAÞ ANTALYA;BATI AKDENÝZ;230;MJET;9;M-JET;9664;36.351443;29.321136;KINIK MAH.KIRANKÖY CADDESÝ NO:10/A;7;9;ANTALYA;KAÞ;3.10.2025;Hayýr;;195;279;;;;23366;4053;4053
BAÐDAT CD KÖRFEZ KOCAELÝ M;DOÐU MARMARA;1;MÝGROS;6;SELF SERVÝS M;9223;40.7749647;29.7501576;Hacýosman Mah. Baðdat Caddesi Kapý No:253/A-B;41;5;KOCAELÝ;KÖRFEZ;3.10.2025;Hayýr;;356;419;;;;21281;4054;4054
MJET ORGANÝZE 4. BÖLGE G.ANTEP;DOÐU AKDENÝZ;230;MJET;9;M-JET;9385;37.151178;37.400664;BAÞPINAR (ORGANÝZE) OSB MAH. O.S.B. 4.BÖLGE 83414;27;2;GAZÝANTEP;ÞEHÝTKAMÝL;3.10.2025;Hayýr;;200;344;;;;22744;4055;4055
KÜBÝST MM MÝGROS;BATI MARMARA;1;MÝGROS;2;MM;4667;;;Adnan Kahveci Mah.Avrupa Cad. Dýþ Kapý No:108 Ýç Kapý No: 13 BEYLÝKDÜZÜ/ÝSTANBUL;35;36;ÝSTANBUL;BEYLÝKDÜZÜ;15.07.2015;Hayýr;;756;996;;;;;4056;4056
BAÞKOMUTAN ATATÜRK CD ANT M;BATI AKDENÝZ;1;MÝGROS;6;SELF SERVÝS M;9638;36.7309643;30.5625601;BELDÝBÝ MAHALLESÝ BAÞKOMUTAN ATATÜRK CADDESÝ;7;10;ANTALYA;KEMER;7.10.2025;Hayýr;;338;482;;;;22462;4057;4057
MJET GÜROYMAK BÝTLÝS;DOÐU/G.DOÐU ANADOLU;230;MJET;9;M-JET;9639;38.578862;42.0145781;ÞENOVA MAH.MUÞ BULVARI DIÞ KAPI NO:95A;13;3;BÝTLÝS;GÜROYMAK;7.10.2025;Hayýr;;279;441;;;;24251;4058;4058
MJET ÇORLU KILIÇOÐLU AVM;BATI MARMARA;230;MJET;9;M-JET;6242;;;Çorlu / TEKÝRDAÐ;59;2;TEKÝRDAÐ;ÇORLU;;Hayýr;;;;;;;;4059;4059
ESENYURT ÇEMBERLÝTAÞ M MÝGROS;BATI MARMARA;;;;;5995;;;Esenyurt / ÝSTANBUL;34;;ÝSTANBUL;ESENYURT;;;;;;;;;;4060;4060
DR SADIK AHMET CD AMASYA MM;KARADENÝZ/KUZEYD.AND;1;MÝGROS;2;MM;9556;40.6433407;35.8030457;Hacýlar Meydaný Mahallesi, Sadýk Ahmet Caddesi,;5;0;AMASYA;MERKEZ;8.10.2025;Hayýr;;689;1194;;;;22019;4061;4061
ABUZER BEHÝÞ ADIYAMAN M;DOÐU/G.DOÐU ANADOLU;1;MÝGROS;6;SELF SERVÝS M;9635;37.737154;38.219906;Altýnþehir Mah. Gölbaþý Yolu No:38 A;2;0;ADIYAMAN;MERKEZ;9.10.2025;Hayýr;;352;471;;;;24247;4062;4062
LENS ÇEKMEKÖY ÝSTANBUL MM;DOÐU MARMARA;1;MÝGROS;2;MM;9088;41.037326;29.153081;Çekmeköy 1A Gözde Sk;34;37;ÝSTANBUL;ÇEKMEKÖY;9.10.2025;Hayýr;;780;1009;;;;22776;4063;4063
PAMUKOVA SAKARYA M MÝGROS;GÜNEY MARMARA;1;MÝGROS;7;M ANADOLU;9393;40.508031;30.1713828;ELPEREK MAH. YAHYA KEMAL CAD. DIÞ KAPI NO:48 /A;54;10;SAKARYA;PAMUKOVA;10.10.2025;Hayýr;;478;606;;;;22656;4064;4064
MJET MERKEZ MH KÜÇÜKYALI ÝST;DOÐU MARMARA;230;MJET;9;M-JET;9081;40.947622;29.10672;Küçükyalý 112B Baðdat Cd;34;20;ÝSTANBUL;MALTEPE;10.10.2025;Hayýr;;140;198;;;;21236;4065;4065
MION ÝÞ KULELERÝ LEVENT ÝST;BATI MARMARA;237;MION;247;MION;9557;41.0831;29.01218;Levent, Ýþ Bankasý Kuleleri Kule Çarþý 34330;34;7;ÝSTANBUL;BEÞÝKTAÞ;13.10.2025;Hayýr;;77;96;;;;23562;4066;4066
MJET URLA ÝZMÝR PO;KUZEY EGE;230;MJET;255;MJET-ÝSTASYON;7074;;;;35;28;ÝZMÝR;URLA;;;;;;;;;;4067;4067
621 SOKAK KONYAALTI MACROKIOSK;BATI AKDENÝZ;235;MACROKIOSK;243;MACROKIOSK;9757;36.87559223;30.6544267;ARAPSUYU MAH. BELEDÝYE CAD.ÇETÝN AP. NO:14/A-14/B;7;18;ANTALYA;KONYAALTI;14.10.2025;Hayýr;;132;302;;;;;4068;4068
SUR DÝYARBAKIR M MÝGROS;DOÐU/G.DOÐU ANADOLU;1;MÝGROS;6;SELF SERVÝS M;9691;37.932381;40.281952;YÝÐÝTÇAVUÞ MAH. 5051/2 CAD. AZOR PARK VÝSTA;21;16;DÝYARBAKIR;SUR;14.10.2025;Hayýr;;471;597;;;;24100;4069;4069
GÜZELÞEHÝR KARAKÖPRÜ Þ.URFA M;DOÐU/G.DOÐU ANADOLU;1;MÝGROS;6;SELF SERVÝS M;9688;37.201491;38.817312;DOÐUKENT MAH. FATÝH SULTAN MEHMET BLV. NO:3A-3B;63;13;ÞANLIURFA;KARAKÖPRÜ;15.10.2025;Hayýr;;376;763;;;;23676;4070;4070
H.OKAN MERZECÝ BLV. MERSÝN MM;DOÐU AKDENÝZ;1;MÝGROS;2;MM;9645;36.7860189;34.5788607;MENTEÞ MAHALLESÝ HÜSEYÝN OKAN MERZECÝ BULVARI B;33;13;MERSÝN;YENÝÞEHÝR;17.10.2025;Hayýr;;608;926;;;;24203;4071;4071
MUSTAFA KEMAL MH MERSÝN M;DOÐU AKDENÝZ;1;MÝGROS;5;SERVÝS REYONLU M;9741;36.806695;34.602036;MUSTAFA KEMAL MAH. 201. CAD.;33;12;MERSÝN;TOROSLAR;17.10.2025;Hayýr;;438;702;;;;22808;4072;4072
ÝSTASYON CD KÜÇÜKÇEKMECE ÝST M;BATI MARMARA;1;MÝGROS;6;SELF SERVÝS M;9359;41.005814;28.774262;CUMHURÝYET MAH. ÝSTASYON CAD. NO:75A;34;19;ÝSTANBUL;KÜÇÜKÇEKMECE;16.10.2025;Hayýr;;331;662;;;;21512;4073;4073
ÞÝRAN GÜMÜÞHANE M MÝGROS;KARADENÝZ/KUZEYD.AND;1;MÝGROS;7;M ANADOLU;9318;40.191115;39.125339;Tekke Mahallesi 19 Mayýs Caddesi Dýþ Kapý No :;29;4;GÜMÜÞHANE;ÞÝRAN;16.10.2025;Hayýr;;370;529;;;;23510;4074;4074
BOSTANCI METRO MACROKIOSK;DOÐU MARMARA;235;MACROKIOSK;243;MACROKIOSK;9760;40.964907;29.102532;KOZYATAÐI MAH MUHTAR HALÝL COÞKUN SOK.;34;16;ÝSTANBUL;KADIKÖY;6.11.2025;Hayýr;;107;177;;;5949;;4075;4075
ORJÝN MASLAK ÝST MACROKIOSK;BATI MARMARA;235;MACROKIOSK;243;MACROKIOSK;9214;41.108874;29.019465;Maslak Mah Eski Büyükdere Cad No:27 D:7;34;22;ÝSTANBUL;SARIYER;21.10.2025;Hayýr;;44;67;;;;23126;4076;4076
YÜZÜNCÜYIL YALOVA MACROKIOSK;GÜNEY MARMARA;235;MACROKIOSK;243;MACROKIOSK;9762;40.65499859;29.2694091;RÜSTEMPAÞA MAH. ÝSMET ACAR CAD.;77;0;YALOVA;MERKEZ;12.11.2025;Hayýr;;196;237;;;5044;;4077;4077
BEYBAÐI TOKAT M MÝGROS;KARADENÝZ/KUZEYD.AND;1;MÝGROS;5;SERVÝS REYONLU M;9658;40.300458;36.553605;Perakende Mahallesi, Gazi Osman Paþa Bulvarý;60;0;TOKAT;MERKEZ;23.10.2025;Hayýr;;602;1745;;;;24237;4078;4078
ÜNÝVERSÝTE TOKAT M MÝGROS;KARADENÝZ/KUZEYD.AND;1;MÝGROS;6;SELF SERVÝS M;9722;40.3291757;36.5486755;Yeþilýrmak Mahallesi, Sýtký Ulaþoðlu Bulvarý,;60;0;TOKAT;MERKEZ;23.10.2025;Hayýr;;361;810;;;;24068;4079;4079
A.KONUTLARI ÞÝÞLÝ MACROCENTER;BATI MARMARA;4;MACROCENTER;9;MACROCENTER;9340;41.069457;29.00073;GÜLBAHAR MAH. CEMAL SAHÝR SK NO:22B;34;23;ÝSTANBUL;ÞÝÞLÝ;24.10.2025;Hayýr;;853;1274;;;;23538;4080;4080
RAMS GARDEN B.EVLER ÝST MM;BATI MARMARA;1;MÝGROS;2;MM;9004;41.00677942;28.88078738;Bahçelievler Mah.Mehmet Akif Ersoy Cad. No:12;34;4;ÝSTANBUL;BAHÇELÝEVLER;24.10.2025;Hayýr;;902;1383;;;;21726;4081;4081
TEMA PARK AVM NÝÐDE MM MÝGROS;DOÐU AKDENÝZ;1;MÝGROS;2;MM;9295;37.962627;34.662551;Sariköprü Mahallesi Atatürk Bulvari No:3;51;0;NÝÐDE;MERKEZ;30.10.2025;Hayýr;;811;1224;;;;22393;4082;4082
MION TEMA PARK AVM NÝÐDE;DOÐU AKDENÝZ;237;MION;247;MION;9713;37.9624534;34.6626642;AÞAÐIKAYABAÞI MAH. ATATÜRK CAD. NO:10/3;51;0;NÝÐDE;MERKEZ;30.10.2025;Hayýr;;120;154;;;;24424;4083;4083
BEDESTEN TAVÞANLI KÜTAHYA M;GÜNEY MARMARA;1;MÝGROS;5;SERVÝS REYONLU M;9247;39.5464117;29.4884674;Durak Mahallesi Kemal Zeytinoðlu Cad No:75;43;12;KÜTAHYA;TAVÞANLI;28.10.2025;Hayýr;;523;831;;;;22965;4084;4084
MJET MEKTEP CD KÜÇÜKYALI ÝST;DOÐU MARMARA;230;MJET;9;M-JET;9124;40.949965;29.111248;Kýlavuz çayýrý cad no:1;34;20;ÝSTANBUL;MALTEPE;24.10.2025;Hayýr;;235;436;;;;23039;4085;4085
MARDÝN KIZILTEPE M MÝGROS;DOÐU/G.DOÐU ANADOLU;1;MÝGROS;5;SERVÝS REYONLU M;9642;37.238255;40.630038;YENÝKENT MAH. 22. CADDE;47;3;MARDÝN;KIZILTEPE;24.10.2025;Hayýr;;392;552;;;;24154;4086;4086
MJET NARENCÝYE MH KUMLUCA ANT;BATI AKDENÝZ;230;MJET;9;M-JET;9666;36.3696096;30.294401;NARENCÝYE MAH. KASAPÇAYIRI CAD. NO:33AA-AB;7;12;ANTALYA;KUMLUCA;24.10.2025;Hayýr;;224;367;;;;24035;4087;4087
ALÝ ÖRDEM CD ÝZMÝT KOCAELÝ M;DOÐU MARMARA;1;MÝGROS;6;SELF SERVÝS M;9530;40.7903653;29.9269351;KABAOÐLU MAH. ALÝ ÖRDEM CAD. DIÞ KAPI NO:;41;11;KOCAELÝ;ÝZMÝT;28.10.2025;Hayýr;;380;683;;;;23766;4088;4088
MJET KUYULUK YOLU MERSÝN;DOÐU AKDENÝZ;230;MJET;9;M-JET;9616;36.7519622;34.5207118;MERKEZ MAHALLESÝ FINDIKPINARI CADDESÝ DIÞ KAPI;33;11;MERSÝN;MEZÝTLÝ;31.10.2025;Hayýr;;186;272;;;;24121;4089;4089
HASTANE BOLU M MÝGROS;ÝÇ ANADOLU;1;MÝGROS;5;SERVÝS REYONLU M;9657;40.743513;31.607859;Saðlýk Mahallesi Cengaver Sokak No: 1A;14;0;BOLU;MERKEZ;31.10.2025;Hayýr;;471;680;;;;24216;4090;4090
EKREM ÇETÝN MH KÝLÝS M MÝGROS;DOÐU AKDENÝZ;1;MÝGROS;6;SELF SERVÝS M;9707;36.724161;37.101369;EKREM ÇETÝN MH. CANTEKÝN CADDESÝ NO:15B-15C;79;0;KÝLÝS;MERKEZ;31.10.2025;Hayýr;;358;591;;;;23713;4091;4091
KÝRAZLITEPE ÜSKÜDAR ÝSTANBUL M;DOÐU MARMARA;1;MÝGROS;6;SELF SERVÝS M;9689;41.0369017;29.065988;Kirazlýtepe mahallesi mehmet akif ersoy caddesi;34;26;ÝSTANBUL;ÜSKÜDAR;31.10.2025;Hayýr;;259;329;;;;24045;4092;4092
BEÞTEPE MH ÞAHÝNBEY G.ANTEP M;DOÐU AKDENÝZ;1;MÝGROS;6;SELF SERVÝS M;9376;36.988333;37.297106;BEÞTEPE MAH. ONKOLOJÝ BLV. NO:49D-49E-49F;27;1;GAZÝANTEP;ÞAHÝNBEY;31.10.2025;Hayýr;;353;554;;;;20656;4093;4093
KADIKÖY TERMÝNAL MACROKIOSK;DOÐU MARMARA;235;MACROKIOSK;243;MACROKIOSK;9504;40.990704;29.0371545;HASANPAÞA MAH. KURBAÐALIDERE CAD. NO: 2/12;34;16;ÝSTANBUL;KADIKÖY;13.11.2025;Hayýr;;140;170;;;;23739;4094;4094
TERMÝNAL KADIKÖY TAZEDÝREKT;DOÐU MARMARA;4;MACROCENTER;236;MACROCENTER S;9600;40.990704;29.0371545;HASANPAÞA MAH. KURBAÐALIDERE CAD. NO: 2/12 ÝÇ;34;16;ÝSTANBUL;KADIKÖY;13.11.2025;Hayýr;;250;310;;;;23787;4095;4095
HATÝPOÐLU SK SÝLÝVRÝ ÝST M;BATI MARMARA;1;MÝGROS;6;SELF SERVÝS M;9421;41.087112;28.252569;YENÝ MAH. HATÝPOÐLU SK. A BLOK NO:5A;34;30;ÝSTANBUL;SÝLÝVRÝ;14.11.2025;Hayýr;;315;390;;;;21440;4096;4096
EMPÝRE ESENYURT ÝSTANBUL MM;BATI MARMARA;1;MÝGROS;2;MM;9568;41.0196;28.632498;GÖKEVLER MAH. 2309 SOK. KAPI NO:4D D BLOK ÝÇ KAPI;34;38;ÝSTANBUL;ESENYURT;14.11.2025;Hayýr;;684;2417;;;;23798;4097;4097
MERKEZ HAKKARÝ MM MÝGROS;DOÐU/G.DOÐU ANADOLU;1;MÝGROS;2;MM;9118;37.571095;43.739719;DAÐGÖL MAH.ÞERÝF AÐA SOK.NO:1;30;0;HAKKARÝ;MERKEZ;14.11.2025;Hayýr;;915;1202;;;;22980;4098;4098
MJET ÝSTÝKBAL CD GÜRPINAR ÝST;BATI MARMARA;230;MJET;9;M-JET;9761;40.987746;28.607515;GÜRPINAR MAH. HALÝDE EDÝP ADIVAR CAD.NO:1 A1;34;36;ÝSTANBUL;BEYLÝKDÜZÜ;14.11.2025;Hayýr;;235;436;;;;22657;4099;4099
BELKAHVE BORNOVA ÝZMÝR PO;KUZEY EGE;230;MJET;255;MJET-ÝSTASYON;9744;38.45457377;27.31266068;KAVAKLIDERE MAH.ANKARA CAD. NO:280;35;2;ÝZMÝR;BORNOVA;21.11.2025;Hayýr;;61;71;;;;24560;4100;4100
MION ANTALYA AVM;BATI AKDENÝZ;237;MION;247;MION;9599;36.8827131;30.6594806;ARAPSUYU MAH. ATATÜRK BULVARI NO:3;7;18;ANTALYA;KONYAALTI;19.11.2025;Hayýr;;48;48;;;;24055;4101;4101
MUSTAFA KEMAL BULVARI ORDU MM;KARADENÝZ/KUZEYD.AND;1;MÝGROS;2;MM;9233;40.976862;37.9563774;CUMHURÝYET MAH. MUSTAFA KEMAL BULVARI NO:124A;52;19;ORDU;ALTINORDU;19.11.2025;Hayýr;;896;1574;;;;23293;4102;4102
FERÝKÖY ÞÝÞLÝ ÝST MACROKIOSK;BATI MARMARA;235;MACROKIOSK;243;MACROKIOSK;9481;41.047847;28.980294;Kurtuluþ Caddesi No:164 Feriköy-Þiþli-Ýstanbul;34;23;ÝSTANBUL;ÞÝÞLÝ;18.11.2025;Hayýr;;72;156;;;;23601;4103;4103
KELKÝT GÜMÜÞHANE M MÝGROS;KARADENÝZ/KUZEYD.AND;1;MÝGROS;7;M ANADOLU;9268;40.134615;39.434187;Cumhuriyet Mahallesi Aydýn Doðan Caddesi Dýþ Kapý;29;1;GÜMÜÞHANE;KELKÝT;20.11.2025;Hayýr;;490;701;;;;23336;4104;4104
FETHÝYE TERMÝNAL MM MÝGROS;GÜNEY EGE;1;MÝGROS;2;MM;9747;36.6243562;29.1322216;TAÞYAKA MH. ÖLÜDENÝZ (TSY) CD. NO:12C;48;4;MUÐLA;FETHÝYE;18.11.2025;Hayýr;;732;1126;;;;24558;4105;4105
KILIÇARSLAN MAHMUTLAR ANT M;BATI AKDENÝZ;1;MÝGROS;6;SELF SERVÝS M;9565;36.4934;32.1005;MAHMUTLAR MAHALLESÝ KILIÇARSLAN CAD. NO:11/;7;2;ANTALYA;ALANYA;21.11.2025;Hayýr;;304;411;;;;22645;4106;4106
GEYVE SAKARYA M MÝGROS;GÜNEY MARMARA;1;MÝGROS;7;M ANADOLU;9078;40.513768;30.2919451;TEPECÝKLER MAH. KONYALI ALÝBEY CADDESÝ NO:;54;4;SAKARYA;GEYVE;21.11.2025;Hayýr;;391;502;;;;22258;4107;4107
ADRES ETLÝK ANKARA M MÝGROS;ÝÇ ANADOLU;1;MÝGROS;5;SERVÝS REYONLU M;9764;39.965365;32.820059;Iþýnlar Mahallesi Akþemsettin Caddesi No: 21K;6;8;ANKARA;YENÝMAHALLE;26.11.2025;Hayýr;;605;1037;;;;22320;4108;4108
YEDÝMAVÝ ÝSTANBUL MACROCENTER;BATI MARMARA;4;MACROCENTER;9;MACROCENTER;9407;40.98117216;28.90416112;Kazlýçeþme Mah. Kennedy  Caddesi 54/2 I Blok;34;27;ÝSTANBUL;ZEYTÝNBURNU;26.12.2025;Hayýr;;660;1415;;;;20323;4109;4109
BOSTANLI ÝZMÝR MACROKIOSK;KUZEY EGE;235;MACROKIOSK;243;MACROKIOSK;9255;38.4614152;27.0943896;BOSTANLI MAH. BESTEKAR SADÝ HOÞSES SOK. NO:7A;35;7;ÝZMÝR;KARÞIYAKA;28.11.2025;Hayýr;;79;105;;;;23332;4110;4110
ÝSHAKLI MH BAFRA SAMSUN M;KARADENÝZ/KUZEYD.AND;1;MÝGROS;6;SELF SERVÝS M;9555;41.5670422;35.9158721;ÝSHAKLI MAH.YUKARIBAKIR PINAR SOK. NO:2;55;4;SAMSUN;BAFRA;28.11.2025;Hayýr;;353;410;;;;23875;4111;4111
BAYRAMOÐLU PLAJ KOCAELÝ M;DOÐU MARMARA;1;MÝGROS;6;SELF SERVÝS M;9419;40.7899;29.33832;BAYRAMOÐLU MAH. FATÝH SULTAN MEHMET CAD. NO;41;9;KOCAELÝ;DARICA;2.12.2025;Hayýr;;273;395;;;;21585;4112;4112
BULVAR BEYTEPE MACROCENTER;ÝÇ ANADOLU;4;MACROCENTER;9;MACROCENTER;9383;39.850542;32.709199;Beytepe Mahallesi Plevne Caddesi No: 6AG;6;2;ANKARA;ÇANKAYA;2.12.2025;Hayýr;;350;466;;;;22355;4113;4113
KORU ALACAATLI MACROCENTER;ÝÇ ANADOLU;4;MACROCENTER;9;MACROCENTER;9278;39.850655;32.683359;Alacaatlý Mahallesi 3346. Cadde No: 30;6;2;ANKARA;ÇANKAYA;9.12.2025;Hayýr;;651;1375;;;;22917;4114;4114
WEST MARÝNA MACROKIOSK;BATI MARMARA;235;MACROKIOSK;243;MACROKIOSK;9536;40.968624;28.655984;MARMARA MAH. ULUSUM CAD. NO:14N/14;34;36;ÝSTANBUL;BEYLÝKDÜZÜ;2.12.2025;Hayýr;;92;145;;;;23797;4115;4115
KÜÇÜKKÖY GOP ÝSTANBUL M;BATI MARMARA;1;MÝGROS;5;SERVÝS REYONLU M;9005;41.06728303;28.90792615;Þemsipaþa Mah.Küçükköy Caddesi No:149A;34;14;ÝSTANBUL;GAZÝOSMANPAÞA;4.12.2025;Hayýr;;470;706;;;;21971;4116;4116
LÜLEBURGAZ KIRKLARELÝ MM;BATI MARMARA;1;MÝGROS;2;MM;9203;41.40129;27.37174;ATATÜRK MAH. DR. FERÝT NEJAT ECZACIBAÞI CAD. NO:2;39;4;KIRKLARELÝ;LÜLEBURGAZ;12.12.2025;Hayýr;;706;1053;;3;;23190;4117;4117
ADLÝYE KIRKLARELÝ M MÝGROS;BATI MARMARA;1;MÝGROS;6;SELF SERVÝS M;9732;41.7376445;27.2065363;BADEMLÝK MAH. MAHMUT ESAT BOZKURT CAD. NO:58-62BA;39;0;KIRKLARELÝ;MERKEZ;24.12.2025;Hayýr;;286;580;;;;24496;4118;4118
LÜLEBURGAZ PERA EVLERÝ M;BATI MARMARA;1;MÝGROS;6;SELF SERVÝS M;9628;41.3862279;27.3723889;ZAFER MAH. MUSTAFA KEMAL BULVARI NO:32C-D-E-F;39;4;KIRKLARELÝ;LÜLEBURGAZ;24.12.2025;Hayýr;;351;492;;;;24170;4119;4119
MJET FEYZULLAH CD MALTEPE ÝST;DOÐU MARMARA;230;MJET;9;M-JET;9357;40.929403;29.142489;Baðlarbaþý, Feyzullah Cd. No:107/A, 34854;34;20;ÝSTANBUL;MALTEPE;24.12.2025;Hayýr;;165;205;;;;22725;4120;4120
MEYDAN ÝPSALA EDÝRNE M MÝGROS;BATI MARMARA;1;MÝGROS;6;SELF SERVÝS M;9246;40.9236766;26.3832379;SARAÇ ÝLYAS MAH. GARJ GÝRÝÞÝ NO:17 ÝPSALA EDÝRNE;22;3;EDÝRNE;ÝPSALA;24.12.2025;Hayýr;;486;558;;;;23143;4121;4121
BANDIRMA BALIKESÝR MACROKIOSK;GÜNEY MARMARA;235;MACROKIOSK;243;MACROKIOSK;9728;40.3470224;27.9630802;PAÞABAYIR MAH.  MEHMETCÝK CAD. NO:85/A;10;3;BALIKESÝR;BANDIRMA;24.12.2025;Hayýr;;87;130;;;;24457;4122;4122
MJET BAÐLIK KUMLUCA ANTALYA PO;BATI AKDENÝZ;230;MJET;255;MJET-ÝSTASYON;9667;36.37720486;30.28822036;BAÐLIK MAH. GÖDENE CAD.NO:115;7;12;ANTALYA;KUMLUCA;25.12.2025;Hayýr;;90;108;;;;24118;4123;4123
FÝLÝSTÝN CD ANK MACROCENTER S;ÝÇ ANADOLU;4;MACROCENTER;236;MACROCENTER S;9617;39.897124;32.867213;Gaziosmanpaþa Mahallesi Filistin Caddesi No: 4A;6;2;ANKARA;ÇANKAYA;26.12.2025;Hayýr;;243;413;;;;24049;4124;4124
EYÜPSULTAN ÝSTANBUL MMM;BATI MARMARA;1;MÝGROS;3;MMM;9006;41.044879;28.931075;NÝÞANCI MAH. SOFULAR ÇUKURU SOK.;34;12;ÝSTANBUL;EYÜPSULTAN;26.12.2025;Hayýr;;1532;2336;;;;21801;4125;4125
ATATÜRK CD MANAVGAT MACROKIOSK;BATI AKDENÝZ;235;MACROKIOSK;243;MACROKIOSK;9669;36.7824;31.4543;AÞAÐI PAZARCI MH. ATATÜRK CD. NO128 Z01;7;13;ANTALYA;MANAVGAT;26.12.2025;Hayýr;;150;346;;;;24306;4126;4126
MJET UYANIK CAD.MALTEPE ÝST;DOÐU MARMARA;230;MJET;9;M-JET;8338;40.969929;29.123504;Aydýnevler Mah.Uyanýk Cad No:22-24B;34;20;ÝSTANBUL;MALTEPE;1.01.2027;Hayýr;;256;452;;;;15754;4127;4127
YENÝDOÐAN MH BAYRAMPAÞA ÝST MM;BATI MARMARA;1;MÝGROS;2;MM;8999;41.04388491;28.9126072;YENÝDOÐAN MAH. EYÜP SULTAN CAD.;34;6;ÝSTANBUL;BAYRAMPAÞA;30.12.2025;Hayýr;;616;1382;;;;21964;4128;4128
MJET ATATÜRK BULVARI UÞAK PO;KUZEY EGE;230;MJET;255;MJET-ÝSTASYON;9799;38.6748797;29.3917004;Kemalöz Mahallesi Atatürk Bulvarý No:127A;64;0;UÞAK;MERKEZ;30.12.2025;Hayýr;;97;108;;;;24688;4129;4129
MJET TERMAL YOLU YALOVA PO;GÜNEY MARMARA;230;MJET;255;MJET-ÝSTASYON;9587;40.6452479;29.2332891;SAMANLI MAH. TERMAL YOLU CAD. NO:1;77;0;YALOVA;MERKEZ;30.12.2025;Hayýr;;175;211;;;;23985;4130;4130
CADDE 448 ÇANKAYA ANKARA;ÝÇ ANADOLU;1;MÝGROS;5;SERVÝS REYONLU M;7955;;;Birlik Mah 448. Cadde No: 48;6;2;ANKARA;ÇANKAYA;1.01.2027;Hayýr;;575;817;;;;;4131;4131
KALKINMA MH. TRABZON M MÝGROS;DOÐUKARDENZ/KUZEYDÐU;1;MÝGROS;6;SELF SERVÝS M;7352;;;Kalkýnma Mah. Akif Saruhan Cad.;61;18;TRABZON;ORTAHÝSAR;1.01.2027;Hayýr;;250;300;;;;;4132;4132
ARMÝNA BAHÇEÞEHÝR ÝSTANBUL M;BATI MARMARA;1;MÝGROS;6;SELF SERVÝS M;9842;41.105255;28.669149;Bahçeþehir 1.kýsým mahallesi .2801 sokak No:12B01;34;35;ÝSTANBUL;BAÞAKÞEHÝR;15.01.2026;Hayýr;;420;510;;;5083;12058;4133;4133
DÜNYA KAVÞAK DÝYARBAKIR M;DOÐU/G.DOÐU ANADOLU;1;MÝGROS;6;SELF SERVÝS M;9851;37.952522;40.167421;"Mahabat Bulvarý Peyas Mah.Pek-Yil Petrol  No; 36";21;15;DÝYARBAKIR;KAYAPINAR;15.01.2026;Hayýr;;583;1117;;;6824;;4134;4134
ARMUTLU YALOVA M;GÜNEY MARMARA;1;MÝGROS;6;SELF SERVÝS M;9845;40.509219;28.837545;BAYIR MAH.ÝSKELE MEYDANIDAMLA APT.NO:14;77;2;YALOVA;ARMUTLU;14.01.2026;Hayýr;;340;735;;;3739;;4135;4135
MARGÝ AVM EDÝRNE M;BATI MARMARA;1;MÝGROS;6;SELF SERVÝS M;9843;41.6623531;26.5813346;1.MURAT MAH. TALATPAÞA CAD.;22;0;EDÝRNE;MERKEZ;15.01.2026;Hayýr;;563;733;;;8846;21502;4136;4136
SÝLÝVRÝ ÝST M;BATI MARMARA;1;MÝGROS;6;SELF SERVÝS M;9840;41.075785;28.244766;PIRI MEHMET PAÞA MAH.HACI PERVANECD.NO:6/ A;34;30;ÝSTANBUL;SÝLÝVRÝ;14.01.2026;Hayýr;;521;855;;;292;;4137;4137
HURMA 252. SK KONYAALTI ANT M;BATI AKDENÝZ;1;MÝGROS;6;SELF SERVÝS M;9837;36.85666746;30.59818201;Hurma Mah. 252 Sokak No:31/25;7;18;ANTALYA;KONYAALTI;14.01.2026;Hayýr;;420;542;;;8156;18642;4138;4138
ÝÇERENKÖY ATAÞEHÝR ÝSTANBUL M;DOÐU MARMARA;1;MÝGROS;6;SELF SERVÝS M;9846;40.97573;29.12215;Ýçerenköy Mah.Kayýþdaðý Yolu cad.Þefik Bey apt;34;34;ÝSTANBUL;ATAÞEHÝR;14.01.2026;Hayýr;;445;716;;;3328;;4139;4139
KORUKENT MERSÝN M;DOÐU AKDENÝZ;1;MÝGROS;6;SELF SERVÝS M;9848;36.84701;34.617383;Korukent Mah. 238. Cadde NO:10 Blok D Ýç Kapý B;33;12;MERSÝN;TOROSLAR;14.01.2026;Hayýr;;604;1504;;;6905;12330;4140;4140
PEYAS DÝYARBAKIR M MÝGROS;DOÐU/G.DOÐU ANADOLU;1;MÝGROS;6;SELF SERVÝS M;9850;37.932968;40.139061;Mezopotamya Mah.610/1 Sok.Park Royal Sitesi C;21;15;DÝYARBAKIR;KAYAPINAR;15.01.2026;Hayýr;;518;817;;;5050;;4141;4141
CUMHURÝYET BLV MÝDYAT MARDÝN M;DOÐU/G.DOÐU ANADOLU;1;MÝGROS;6;SELF SERVÝS M;9847;37.4157732;41.3699427;GÖLCÜK MH.CUMHURÝYET BUL.NO:178/B;47;5;MARDÝN;MÝDYAT;14.01.2026;Hayýr;;489;887;;;6403;;4142;4142
A. TÜRKEÞ BULVARI K.MARAÞ M;DOÐU AKDENÝZ;1;MÝGROS;6;SELF SERVÝS M;9849;37.587058;36.89627;Necip Fazýl Mh.Alparslan Türkeþ Bulv.B Blok No:6B;46;11;KAHRAMANMARAÞ;ONÝKÝÞUBAT;14.01.2026;Hayýr;;381;817;;;5756;;4143;4143
ADLÝYE KAYSERÝ M MÝGROS;DOÐU AKDENÝZ;1;MÝGROS;6;SELF SERVÝS M;9857;38.734273;35.48022;BARBAROS MAH.ERKÝLET BULV.NO:13/A;38;1;KAYSERÝ;KOCASÝNAN;14.01.2026;Hayýr;;547;687;;;7174;11498;4144;4144
AHMET PAÞA CADDESÝ KAYSERÝ M;DOÐU AKDENÝZ;1;MÝGROS;6;SELF SERVÝS M;9858;38.728569;35.491587;Sahabiye Mah. Ahmet Paþa Cad. No:69/C-69/1A;38;1;KAYSERÝ;KOCASÝNAN;15.01.2026;Hayýr;;330;430;;;6909;11746;4145;4145
CASAMAX KONYAALTI ANTALYA M;BATI AKDENÝZ;1;MÝGROS;6;SELF SERVÝS M;9838;36.88886;30.63855;Akkuyu Mah. Anadolu Cad.No:154 /BE;7;18;ANTALYA;KONYAALTI;15.01.2026;Hayýr;;591;911;;;7058;12058;4146;4146
ÇATALCA FERHATPAÞA ÝSTANBUL M;BATI MARMARA;1;MÝGROS;6;SELF SERVÝS M;9841;41.140196;28.464236;Ferhatpaþa Mah. Tahta Köprü Sokaðý No:14;34;29;ÝSTANBUL;ÇATALCA;14.01.2026;Hayýr;;413;1006;;;6715;10978;4147;4147
SULAR ADANA M;DOÐU AKDENÝZ;1;MÝGROS;6;SELF SERVÝS M;9852;37.002621;35.322681;KURTULUÞ MAH.ATATÜRK CAD.EKMEKÇÝLER APT.NO:85/A;1;1;ADANA;SEYHAN;15.01.2026;Hayýr;;550;566;;;3018;;4148;4148
PINAR MAH ADANA M MÝGROS;DOÐU AKDENÝZ;1;MÝGROS;6;SELF SERVÝS M;9853;37.022115;35.280967;Pýnar Mah. Ali Bozdoðanoðlu Blv Park Life Sit.;1;1;ADANA;SEYHAN;15.01.2026;Hayýr;;637;1148;;;5232;;4149;4149
GAZÝPAÞA ANT M;BATI AKDENÝZ;1;MÝGROS;6;SELF SERVÝS M;9839;36.269469;32.316931;ÝSTÝKLAL MAH. ÞEHÝT  KD. ÜST. ÇVÞ.SÜLEYMANGÜR BUL.;7;5;ANTALYA;GAZÝPAÞA;16.01.2026;Hayýr;;449;939;;;4285;;4150;4150
ANAÞEHÝR TALAS KAYSERÝ M;DOÐU AKDENÝZ;1;MÝGROS;6;SELF SERVÝS M;9859;38.7042994;35.5587243;MEVLANA MAH.VELÝOÐLU CAD.NO:16;38;13;KAYSERÝ;TALAS;16.01.2026;Hayýr;;582;2018;;;8906;21474;4151;4151
HUZUREVLERÝ ADANA M;DOÐU AKDENÝZ;1;MÝGROS;6;SELF SERVÝS M;9854;37.035704;35.281364;HUZUREVLERÝ MAH.ÝSMET ATLI BULV.NO:15/A;1;15;ADANA;ÇUKUROVA;16.01.2026;Hayýr;;647;1270;;;3031;;4152;4152
HASTANE AMASYA M;KARADENÝZ/KUZEYD.AND;1;MÝGROS;6;SELF SERVÝS M;9861;40.668196;35.846167;ELLÝBEÞEVLER MH.C.TOPALA SK.A1 BLK.NO3/1A206835964;5;0;AMASYA;MERKEZ;16.01.2026;Hayýr;;565;754;;;6505;;4153;4153
KEÞAN ERÝKLÝ EDÝRNE M;BATI MARMARA;1;MÝGROS;6;SELF SERVÝS M;9844;40.616824;26.468278;ERÝKLÝ MH.AÇELYA CD.MAKBER SK.NO:3KEÞAN1378977647;22;4;EDÝRNE;KEÞAN;16.01.2026;Hayýr;;559;720;Evet;;6479;;4154;4154
HASTANE GÖLBAÞI ANKARA M;ÝÇ ANADOLU;1;MÝGROS;6;SELF SERVÝS M;9860;39.789775;32.82986;SEÐMENLER MAH. CUMHURÝYET CAD.NO:144AA;6;4;ANKARA;GÖLBAÞI;16.01.2026;Hayýr;;495;684;;;8422;14626;4155;4155
ESKÝTERMÝNAL BALIKESÝR M;GÜNEY MARMARA;1;MÝGROS;6;SELF SERVÝS M;9862;39.64866;27.88883;AKINCILAR MAH. CUMALI CAD.NO:4B2268153265;10;20;BALIKESÝR;KARESÝ;16.01.2026;Hayýr;;365;650;;;3486;;4156;4156
GÜLÝSTAN ISPARTA M;BATI AKDENÝZ;1;MÝGROS;6;SELF SERVÝS M;9863;37.7650932;30.5374742;Gülistan Mah.111 Cad E1 Blok No:226/24;32;0;ISPARTA;MERKEZ;15.01.2026;Hayýr;;468;950;;;5813;;4157;4157
TOPÇU MH ETÝMESGUT ANKARA M;ÝÇ ANADOLU;1;MÝGROS;6;SELF SERVÝS M;9802;39.94767;32.619007;Topçu Mahallesi 1543. Cadde No: 1A;6;3;ANKARA;ETÝMESGUT;16.01.2026;Hayýr;;441;712;;;;24588;4158;4158
TELLÝDERE SEYHAN ADANA M;DOÐU AKDENÝZ;1;MÝGROS;6;SELF SERVÝS M;9855;37.027929;35.290374;TELLÝDERE MAH. MÜCAHÝTLER CAD.NO:308;1;1;ADANA;SEYHAN;16.01.2026;Hayýr;;649;1534;;;8672;;4159;4159
HÜRRIYET MH CEYHAN ADANA M;DOÐU AKDENÝZ;1;MÝGROS;6;SELF SERVÝS M;9856;37.029603;35.81781;HÜRRÝYET MAH. 238. SOK.B BLOKNO:6/2-2/3;1;4;ADANA;CEYHAN;16.01.2026;Hayýr;;353;478;;;8136;;4160;4160
MJET SAÝMBEYLÝ CD KOZAN ADANA;DOÐU AKDENÝZ;230;MJET;9;M-JET;9437;37.4535374;35.8201979;TUFANPAÞA MAHALLESÝ SAÝMBEYLÝ CADDESÝ;1;9;ADANA;KOZAN;16.01.2026;Hayýr;;205;295;;;;22794;4161;4161
TUZLUGÖL SÝVAS M MÝGROS;KARADENÝZ/KUZEYD.AND;1;MÝGROS;6;SELF SERVÝS M;9553;39.744315;36.9771387;Tuzlugöl Mahallesi, 63-61. Sokak, No:5/a-5/b;58;0;SÝVAS;MERKEZ;22.01.2026;Hayýr;;309;401;;;;23867;4163;4163
MION ÞAHÝNBEY CD ÇEKMEKÖY ÝST;DOÐU MARMARA;237;MION;247;MION;9593;41.018955;29.19224;Çamlýk mah þahinbey cad no :32 çekmeköy /istanbul;34;37;ÝSTANBUL;ÇEKMEKÖY;23.01.2026;Hayýr;;128;219;;;;23940;4164;4164
ÝSTASYON MH KARS M MÝGROS;KARADENÝZ/KUZEYD.AND;1;MÝGROS;6;SELF SERVÝS M;9611;40.607078;43.100126;ÝSTASYON MAHALLESÝ BAHRÝ DAÐDAÞ CADDESÝ NO : 37A;36;0;KARS;MERKEZ;23.01.2026;Hayýr;;456;528;;;;23045;4165;4165
MJET SOÐUKSU ZONGULDAK;ÝÇ ANADOLU;230;MJET;9;M-JET;9752;41.450481;31.7845;Terakki Mahallesi Cumhuriyet Caddesi No: 63A;67;0;ZONGULDAK;MERKEZ;23.01.2026;Hayýr;;279;469;;;;23692;4166;4166
SAPANCA ÇARÞI MACROKIOSK;GÜNEY MARMARA;235;MACROKIOSK;243;MACROKIOSK;9727;40.689567;30.2536073;Çayiçi Mah. Ýzmit Cad. No:48/20 Sapanca ? Sakarya;54;11;SAKARYA;SAPANCA;30.01.2026;Hayýr;;118;183;;;;24458;4167;4167
A.MENDERES BLV FETHÝYE MUÐLA M;GÜNEY EGE;1;MÝGROS;6;SELF SERVÝS M;9636;36.6539353;29.1318807;AKARCA MAH. ADNAN MENDERES BULV. NO: 259A;48;4;MUÐLA;FETHÝYE;27.01.2026;Hayýr;;338;660;;;;24224;4168;4168
GÜMÜÞLÜK MUÐLA MACROKIOSK;GÜNEY EGE;235;MACROKIOSK;243;MACROKIOSK;9886;37.0534;27.253;GÜMÜÞLÜK MAHALLESÝ CUMHURÝYET (GÜMÜÞLÜK) CADDESÝ;48;1;MUÐLA;BODRUM;29.01.2026;Hayýr;;77;104;;;;24480;4169;4169
MJET AZMÝ AKMAN CAD. SERÝK ANT;BATI AKDENÝZ;230;MJET;9;M-JET;9590;36.9206;31.0947;Merkez Mah. Azmi Akman Cad. No:38A- 38B SERÝK/;7;14;ANTALYA;SERÝK;29.01.2026;Hayýr;;252;382;;;;23329;4170;4170
AKTÝM BAYRAMPAÞA ÝSTANBUL M;BATI MARMARA;1;MÝGROS;6;SELF SERVÝS M;9619;41.0302756;28.9173631;Orta Mah.Maltepe Caddesi No:6B Ýç Kapý No:41;34;6;ÝSTANBUL;BAYRAMPAÞA;30.01.2026;Hayýr;;351;507;;;;23723;4171;4171
YENÝMAHALLE KÖYCEÐÝZ MUÐLA M;GÜNEY EGE;1;MÝGROS;6;SELF SERVÝS M;9625;36.9769746;28.6937493;YENÝ MAHALLESÝ, ÇETÝN EMEÇ CADDESÝ NO:20/A;48;6;MUÐLA;KÖYCEÐÝZ;30.01.2026;Hayýr;;265;494;;;;24193;4172;4172
GÖLBAÞI ADIYAMAN M MÝGROS;DOÐU/G.DOÐU ANADOLU;1;MÝGROS;7;M ANADOLU;9889;37.781558;37.638343;HÜRRIYET MAHALLESI ATATÜRK BULVARI NO:97 A;2;4;ADIYAMAN;GÖLBAÞI;30.01.2026;Hayýr;;247;400;;;;24897;4173;4173
MJET CELAL BAYAR CADDESÝ BURSA;GÜNEY MARMARA;230;MJET;9;M-JET;9038;40.19132902;29.06653413;SAKARYA MAH. CELAL BAYAR CAD.;16;2;BURSA;OSMANGAZÝ;30.01.2026;Hayýr;;227;546;;;;22078;4174;4174
ÇARÞI DÖRTYOL HATAY M MÝGROS;DOÐU AKDENÝZ;1;MÝGROS;6;SELF SERVÝS M;9743;36.8374817;36.2265398;SANAYÝ MAHALLESÝ GARAJ ÜSTÜ 1. SOKAK KAPI NO:4K;31;3;HATAY;DÖRTYOL;30.01.2026;Hayýr;;438;543;;;;21547;4175;4175
KARAYUSUF CD KEPEZ ANTALYA M;BATI AKDENÝZ;1;MÝGROS;6;SELF SERVÝS M;9779;36.9166677;30.7071212;Karþýyaka Mahallesi Karayusuf caddesi No:19A;7;17;ANTALYA;KEPEZ;30.01.2026;Hayýr;;306;480;;;;23599;4176;4176
MJET LÝMAN KONYAALTI ANT PO;BATI AKDENÝZ;230;MJET;255;MJET-ÝSTASYON;9884;36.8475219;30.6095904;Liman Mahallesi Akdeniz Bulvarý No:544/1;7;18;ANTALYA;KONYAALTI;30.01.2026;Hayýr;;109;119;;;;24861;4177;4177
MION HALÝTAÐA CD KADIKÖY ÝST;DOÐU MARMARA;237;MION;247;MION;9807;40.991352;29.027951;OSMAN AÐA MAH. HALÝT AÐA CAD. NO:7/C;34;16;ÝSTANBUL;KADIKÖY;5.02.2026;Hayýr;;186;249;;;;24533;4178;4178
MJET ADLÝYE ÜRGÜP NEVÞEHÝR;DOÐU AKDENÝZ;230;MJET;9;M-JET;9417;38.637841;34.909362;Kavaklýönü Mahallesi, Ali Baran Numanoðlu;50;7;NEVÞEHÝR;ÜRGÜP;6.02.2026;Hayýr;;219;277;;;;21430;4179;4179
POSOF ARDAHAN M MÝGROS;KARADENÝZ/KUZEYD.AND;1;MÝGROS;7;M ANADOLU;9746;41.510017;42.727828;Merkez mahallesi 2. Çermik caddesi Dýþ Kapý No :;75;5;ARDAHAN;POSOF;6.02.2026;Hayýr;;352;443;;;;24585;4180;4180
MJET FSM CD KARAMÜRSEL KOCAELÝ;DOÐU MARMARA;230;MJET;9;M-JET;9949;40.6909589;29.60680291;KAYACIK MAH. AMÝRAL CAD. NO:194A;41;4;KOCAELÝ;KARAMÜRSEL;20.02.2026;Hayýr;;200;397;;;7268;14221;4181;4181
ADATEPE MH BUCA ÝZMÝR M;GÜNEY EGE;1;MÝGROS;6;SELF SERVÝS M;9961;38.3797;27.1849;ADATEPE MAH. ERDEM CAD. NO:5 BUCA ÝZMÝR;35;3;ÝZMÝR;BUCA;25.02.2026;Hayýr;;403;640;;;5200;;4182;4182
YAVANSU CD KUÞADASI AYDIN M;GÜNEY EGE;1;MÝGROS;6;SELF SERVÝS M;9693;37.824656;27.262023;DEÐÝRMENDERE MAHALLESÝ YAVANSU YOLU SOKAK NO:1;9;11;AYDIN;KUÞADASI;9.02.2026;Hayýr;;389;536;;;;24185;4183;4183
OYAK SÝTESÝ F.ALTAY MH ÝZMÝR;GÜNEY EGE;1;MÝGROS;6;SELF SERVÝS M;9965;38.392153;27.070135;Fahrettin Altay Mah 2/2 Sok.Oyak Sitesi No :15;35;30;ÝZMÝR;KARABAÐLAR;26.02.2026;Hayýr;;538;1122;;;4696;;4184;4184
HARBÝYE DEFNE HATAY M MÝGROS;DOÐU AKDENÝZ;1;MÝGROS;6;SELF SERVÝS M;9911;36.1408331;36.1419769;HARBÝYE MAHALLESÝ ATATÜRK BULVARI NO:273;31;14;HATAY;DEFNE;13.02.2026;Hayýr;;450;581;;;;24514;4185;4185
MJET ÇANKAYA MH ÞANLIURFA PO;DOÐU/G.DOÐU ANADOLU;230;MJET;255;MJET-ÝSTASYON;9927;37.212098;38.797613;ÇANKAYA MH. ÞANLIURFA-D.BAKIR YOLU NO:72A;63;13;ÞANLIURFA;KARAKÖPRÜ;16.02.2026;Hayýr;;126;137;;;;24961;4186;4186
KOZ ORAN ANKARA MM MÝGROS;ÝÇ ANADOLU;1;MÝGROS;2;MM;9275;39.85692;32.841258;Yukarý Dikmen Mahallesi 786. Cadde No: 145D;6;2;ANKARA;ÇANKAYA;17.02.2026;Hayýr;;805;1233;;;;22628;4187;4187
MJET GÖREME NEVÞEHÝR;DOÐU AKDENÝZ;230;MJET;9;M-JET;9817;38.64743935;34.83341779;Ýsali-Gaferli- Avcýlar, Bilal Eroðlu Cad.no:67/D;50;0;NEVÞEHÝR;MERKEZ;18.02.2026;Hayýr;;57;90;;;;25150;4188;4188
TUÐRUL CD KÖRFEZ KOCAELÝ MM;DOÐU MARMARA;1;MÝGROS;2;MM;9924;40.7530116;29.7876664;GÜNEY MAH. TUÐRUL CADDESÝ DIÞ KAPI NO:59 KÖRFEZ;41;5;KOCAELÝ;KÖRFEZ;18.02.2026;Hayýr;;766;1126;;3;;24787;4189;4189
MEHMET ALKAYIÞ ADIYAMAN M;DOÐU/G.DOÐU ANADOLU;1;MÝGROS;6;SELF SERVÝS M;9609;37.765892;38.231873;KARAPINAR MH. KARAPINAR CAD. NO:251/1B ZEMÝN KAT;2;0;ADIYAMAN;MERKEZ;20.02.2026;Hayýr;;376;716;;;;24112;4190;4190
MJET ANADOLU ISUZU KOCAELÝ;DOÐU MARMARA;230;MJET;256;MJET-PLAZA;9805;40.876204;29.401518;Þekerpýnar Mah. Otomotiv Cad. No:2;41;8;KOCAELÝ;ÇAYIROVA;20.02.2026;Hayýr;;70;70;;;;24877;4191;4191
MJET KARAAÐAÇ KONARLI HATAY;DOÐU AKDENÝZ;230;MJET;9;M-JET;9910;36.5660496;36.1454934;KARAAÐAÇ KONARLI MAHALLESÝ ATATÜRK (KONARLI);31;13;HATAY;ARSUZ;20.02.2026;Hayýr;;201;410;;;;24806;4192;4192
A.TÜRKEÞ BULV. ALTINTAÞ ANT M;BATI AKDENÝZ;1;MÝGROS;6;SELF SERVÝS M;9671;36.9038;30.8226;BAÞBUÐ A.TÜRKEÞ BULVARI B BLOK NO 146;7;15;ANTALYA;AKSU;20.02.2026;Hayýr;;330;743;;;;24274;4193;4193
ADATEPE MH MALTEPE ÝSTANBUL M;DOÐU MARMARA;1;MÝGROS;6;SELF SERVÝS M;9379;40.929254;29.128931;FEYZULLAH MAH. BAÐDAT CAD NO 310A MALTEPE/ÝSTANBUL;34;20;ÝSTANBUL;MALTEPE;20.02.2026;Hayýr;;270;438;;;;22396;4194;4194
VEGA AVM SÝLÝVRÝ TANSAÞ GROSS;BATI MARMARA;231;TOPTAN SATIÞ;251;GROSS;9977;41.0768;28.2515;Yeni Mahalle General Ali Ýhsan Türkan Cad.No:30-34;34;30;ÝSTANBUL;SÝLÝVRÝ;30.04.2026;;;3102;5948;;;5527;;4195;4195
MURADÝYE YUNUSEMRE MANÝSA MMM;KUZEY EGE;1;MÝGROS;3;MMM;9476;38.64773;27.3506;Muradiye Mh. Manolya Sk. No:232 Yunusemre Manisa;45;17;MANÝSA;YUNUSEMRE;27.02.2026;Hayýr;;1236;1969;;3;;23444;4196;4196
MJET SERÝNYOL AKINCILAR HATAY;DOÐU AKDENÝZ;230;MJET;9;M-JET;9909;36.34975786;36.20272287;SERÝNYOL MAH. HATAY 2 CAD.NO:143;31;12;HATAY;ANTAKYA;27.02.2026;Hayýr;;222;307;;;;24953;4197;4197
MJET BULVAR 9 ESENYURT ÝST;BATI MARMARA;230;MJET;256;MJET-PLAZA;9803;41.067089;28.637972;AKÇABURGAZ MAH. 3077. SOK. NO:8 ÝÇ KAPI NO:1;34;38;ÝSTANBUL;ESENYURT;27.02.2026;Hayýr;;167;228;;;;24954;4198;4198
CUMHURÝYET MH BAFRA SAMSUN M;KARADENÝZ/KUZEYD.AND;1;MÝGROS;6;SELF SERVÝS M;9811;41.56846704;35.9038996;CUMHURÝYET MAH. HÜKÜMET CAD.NO:6A;55;4;SAMSUN;BAFRA;6.03.2026;Hayýr;;357;786;;;;25062;4199;4199
8. ANA JET ÜSSÜ DÝYARBAKIR MM;DOÐU/G.DOÐU ANADOLU;1;MÝGROS;2;MM;9835;37.920428;40.204449;D.BAKIR 8. ANJET ÜS KOMUTANLIÐI;21;14;DÝYARBAKIR;BAÐLAR;6.03.2026;Hayýr;;783;1069;;;;24743;4200;4200
SOLHAN BÝNGÖL M MÝGROS;DOÐU/G.DOÐU ANADOLU;1;MÝGROS;7;M ANADOLU;9900;38.96570093;41.05070042;YENÝMAHALLE MAH. ÞEHÝT MEHMET TÜRKSEVER BULV.;12;5;BÝNGÖL;SOLHAN;12.03.2026;Hayýr;;395;586;;;;24969;4201;4201
GAZÝ BLV BÝGADÝÇ BALIKESÝR;GÜNEY MARMARA;1;MÝGROS;6;SELF SERVÝS M;9994;39.401803;28.129905;Çavuþ Mh. Gazi Blv. No:43/A-B-C-D Bigadiç;10;4;BALIKESÝR;BÝGADÝÇ;12.03.2026;Hayýr;;314;455;;;;24555;4202;4202
127.CADDE AKSARAY MM MÝGROS;ÝÇ ANADOLU;1;MÝGROS;2;MM;9749;38.4077461;33.9957175;Yunus Emre Mahallesi, 127.Cadde, No:136;68;0;AKSARAY;MERKEZ;13.03.2026;Hayýr;;775;1193;;;;24597;4203;4203
ESPÝYE GÝRESUN M MÝGROS;KARADENÝZ/KUZEYD.AND;1;MÝGROS;5;SERVÝS REYONLU M;10072;40.947855;38.708528;Merkez Mah. 19 Eylül Cad. No:13A-13B / 29-40;28;7;GÝRESUN;ESPÝYE;27.03.2026;;;472;960;;;8950;21244;4204;4204
NUSAYBÝN AVM MARDÝN M;DOÐU/G.DOÐU ANADOLU;1;MÝGROS;6;SELF SERVÝS M;10074;37.0695538;41.21307443;Zeynelabidin Mah. Lozan Cad. No:2;47;6;MARDÝN;NUSAYBÝN;31.03.2026;;;585;757;;;6710;11029;4205;4205
KAVAKLAR GÝRESUN M MÝGROS;KARADENÝZ/KUZEYD.AND;1;MÝGROS;6;SELF SERVÝS M;10071;40.911222;38.401519;Kavaklar Mah.Akçay Sok. No:11;28;0;GÝRESUN;MERKEZ;27.03.2026;;;489;689;;;6738;10753;4206;4206
ÞEHÝTLER MH DOÐUBAYAZIT AÐRI M;KARADENÝZ/KUZEYD.AND;1;MÝGROS;5;SERVÝS REYONLU M;9882;39.55336;44.082454;Ahmedi Hani Mahallesi Abdulbari gözel caddesi Dýþ;4;8;AÐRI;DOÐUBAYAZIT;17.03.2026;Hayýr;;594;801;;;;24797;4207;4207
VESEN TUZLA ÝST MACROCENTER S;DOÐU MARMARA;4;MACROCENTER;236;MACROCENTER S;9321;40.8153259;29.2759341;Postane Mahallesi, Öðüt Sokak No:17Vesen;34;24;ÝSTANBUL;TUZLA;17.03.2026;Hayýr;;272;624;;;;23499;4208;4208
BANDIRMA CD BÝGA ÇANAKKALE MM;KUZEY EGE;1;MÝGROS;2;MM;9705;40.237335;27.2376205;HAMDÝBEY MAHALLESÝ BANDIRMA CADDESÝ NO:19 ÝÇ KAPI;17;3;ÇANAKKALE;BÝGA;18.03.2026;Hayýr;;849;2081;;;;23526;4209;4209
FEVZÝ ÇAKMAK KAYSERÝ M MÝGROS;DOÐU AKDENÝZ;1;MÝGROS;6;SELF SERVÝS M;10076;38.731296;35.502814;Fevzi Çakmak Mah.Yeþil Irmak Cad. No:46;38;1;KAYSERÝ;KOCASÝNAN;2.04.2026;;;1068;1818;;;7859;16824;4210;4210
